brightness,shutter_speed
325,5000000
326,5000000
327,5000000
328,5000000
329,5000000
330,5000000
331,5000000
332,5000000
333,5000000
334,5000000
335,4999813
336,4984821
337,4969918
338,4955104
339,4940376
340,4925735
341,4911180
342,4896711
343,4882325
344,4868023
345,4853804
346,4839668
347,4825612
348,4811638
349,4797744
350,4783929
351,4770192
352,4756534
353,4742953
354,4729449
355,4716021
356,4702669
357,4689391
358,4676187
359,4663057
360,4650000
361,4637015
362,4624102
363,4611260
364,4598489
365,4585788
366,4573156
367,4560593
368,4548098
369,4535671
370,4523311
371,4511018
372,4498790
373,4486629
374,4474532
375,4462500
376,4450532
377,4438627
378,4426786
379,4415007
380,4403289
381,4391634
382,4380039
383,4368505
384,4357031
385,4345617
386,4334262
387,4322965
388,4311727
389,4300546
390,4289423
391,4278357
392,4267347
393,4256393
394,4245495
395,4234652
396,4223864
397,4213130
398,4202450
399,4191823
400,4181250
401,4170729
402,4160261
403,4149845
404,4139480
405,4129167
406,4118904
407,4108692
408,4098529
409,4088417
410,4078354
411,4068339
412,4058374
413,4048456
414,4038587
415,4028765
416,4018990
417,4009263
418,3999581
419,3989946
420,3980357
421,3970814
422,3961315
423,3951862
424,3942453
425,3933088
426,3923768
427,3914491
428,3905257
429,3896066
430,3886919
431,3877813
432,3868750
433,3859729
434,3850749
435,3841810
436,3832913
437,3824056
438,3815240
439,3806464
440,3797727
441,3789031
442,3780373
443,3771755
444,3763176
445,3754635
446,3746132
447,3737668
448,3729241
449,3720852
450,3712500
451,3704185
452,3695907
453,3687666
454,3679460
455,3671291
456,3663158
457,3655060
458,3646998
459,3638971
460,3630978
461,3623021
462,3615097
463,3607208
464,3599353
465,3591532
466,3583745
467,3575990
468,3568269
469,3560581
470,3552926
471,3545303
472,3537712
473,3530153
474,3522627
475,3515132
476,3507668
477,3500236
478,3492835
479,3485465
480,3478125
481,3470816
482,3463537
483,3456289
484,3449070
485,3441881
486,3434722
487,3427592
488,3420492
489,3413420
490,3406378
491,3399364
492,3392378
493,3385421
494,3378492
495,3371591
496,3364718
497,3357872
498,3351054
499,3344264
500,3337500
501,3330763
502,3324054
503,3317371
504,3310714
505,3304084
506,3297480
507,3290902
508,3284350
509,3277824
510,3271324
511,3264848
512,3258398
513,3251974
514,3245574
515,3239199
516,3232849
517,3226523
518,3220222
519,3213945
520,3207692
521,3201464
522,3195259
523,3189077
524,3182920
525,3176786
526,3170675
527,3164587
528,3158523
529,3152481
530,3146462
531,3140466
532,3134492
533,3128541
534,3122612
535,3116706
536,3110821
537,3104958
538,3099117
539,3093298
540,3087500
541,3081724
542,3075969
543,3070235
544,3064522
545,3058830
546,3053159
547,3047509
548,3041880
549,3036270
550,3030682
551,3025113
552,3019565
553,3014037
554,3008529
555,3003041
556,2997572
557,2992123
558,2986694
559,2981284
560,2975893
561,2970521
562,2965169
563,2959836
564,2954521
565,2949226
566,2943949
567,2938690
568,2933451
569,2928229
570,2923026
571,2917842
572,2912675
573,2907526
574,2902395
575,2897283
576,2892188
577,2887110
578,2882050
579,2877008
580,2871983
581,2866975
582,2861985
583,2857011
584,2852055
585,2847115
586,2842193
587,2837287
588,2832398
589,2827525
590,2822669
591,2817830
592,2813007
593,2808200
594,2803409
595,2798634
596,2793876
597,2789133
598,2784406
599,2779695
600,2775000
601,2770320
602,2765656
603,2761007
604,2756374
605,2751756
606,2747153
607,2742566
608,2737993
609,2733436
610,2728893
611,2724366
612,2719853
613,2715355
614,2710871
615,2706402
616,2701948
617,2697508
618,2693083
619,2688671
620,2684274
621,2679891
622,2675523
623,2671168
624,2666827
625,2662500
626,2658187
627,2653888
628,2649602
629,2645330
630,2641071
631,2636826
632,2632595
633,2628377
634,2624172
635,2619980
636,2615802
637,2611637
638,2607484
639,2603345
640,2599219
641,2595105
642,2591005
643,2586917
644,2582842
645,2578779
646,2574729
647,2570692
648,2566667
649,2562654
650,2558654
651,2554666
652,2550690
653,2546727
654,2542775
655,2538836
656,2534909
657,2530993
658,2527090
659,2523198
660,2519318
661,2515450
662,2511594
663,2507749
664,2503916
665,2500094
666,2496284
667,2492485
668,2488698
669,2484922
670,2481157
671,2477403
672,2473661
673,2469929
674,2466209
675,2462500
676,2458802
677,2455114
678,2451438
679,2447772
680,2444118
681,2440474
682,2436840
683,2433217
684,2429605
685,2426004
686,2422413
687,2418832
688,2415262
689,2411702
690,2408152
691,2404613
692,2401084
693,2397565
694,2394056
695,2390558
696,2387069
697,2383590
698,2380122
699,2376663
700,2373214
701,2369775
702,2366346
703,2362927
704,2359517
705,2356117
706,2352727
707,2349346
708,2345975
709,2342613
710,2339261
711,2335918
712,2332584
713,2329260
714,2325945
715,2322640
716,2319344
717,2316056
718,2312779
719,2309510
720,2306250
721,2302999
722,2299758
723,2296525
724,2293301
725,2290086
726,2286880
727,2283683
728,2280495
729,2277315
730,2274144
731,2270982
732,2267828
733,2264683
734,2261546
735,2258418
736,2255299
737,2252188
738,2249085
739,2245991
740,2242905
741,2239828
742,2236759
743,2233698
744,2230645
745,2227601
746,2224564
747,2221536
748,2218516
749,2215504
750,2212500
751,2209504
752,2206516
753,2203536
754,2200564
755,2197599
756,2194643
757,2191694
758,2188753
759,2185820
760,2182895
761,2179977
762,2177067
763,2174164
764,2171270
765,2168382
766,2165503
767,2162630
768,2159766
769,2156908
770,2154058
771,2151216
772,2148381
773,2145553
774,2142733
775,2139919
776,2137113
777,2134315
778,2131523
779,2128739
780,2125962
781,2123191
782,2120428
783,2117672
784,2114923
785,2112182
786,2109447
787,2106719
788,2103997
789,2101283
790,2098576
791,2095875
792,2093182
793,2090495
794,2087815
795,2085142
796,2082475
797,2079815
798,2077162
799,2074515
800,2071875
801,2069242
802,2066615
803,2063994
804,2061381
805,2058773
806,2056172
807,2053578
808,2050990
809,2048409
810,2045833
811,2043264
812,2040702
813,2038146
814,2035596
815,2033052
816,2030515
817,2027983
818,2025458
819,2022940
820,2020427
821,2017920
822,2015420
823,2012925
824,2010437
825,2007955
826,2005478
827,2003008
828,2000543
829,1998085
830,1995633
831,1993186
832,1990745
833,1988310
834,1985881
835,1983458
836,1981041
837,1978629
838,1976223
839,1973823
840,1971429
841,1969040
842,1966657
843,1964279
844,1961908
845,1959541
846,1957181
847,1954826
848,1952476
849,1950133
850,1947794
851,1945461
852,1943134
853,1940812
854,1938495
855,1936184
856,1933879
857,1931578
858,1929283
859,1926994
860,1924709
861,1922430
862,1920157
863,1917888
864,1915625
865,1913367
866,1911114
867,1908867
868,1906624
869,1904387
870,1902155
871,1899928
872,1897706
873,1895490
874,1893278
875,1891071
876,1888870
877,1886673
878,1884482
879,1882295
880,1880114
881,1877937
882,1875765
883,1873599
884,1871437
885,1869280
886,1867128
887,1864980
888,1862838
889,1860700
890,1858567
891,1856439
892,1854316
893,1852198
894,1850084
895,1847975
896,1845871
897,1843771
898,1841676
899,1839586
900,1837500
901,1835419
902,1833343
903,1831271
904,1829204
905,1827141
906,1825083
907,1823029
908,1820980
909,1818936
910,1816896
911,1814860
912,1812829
913,1810802
914,1808780
915,1806762
916,1804749
917,1802740
918,1800735
919,1798735
920,1796739
921,1794748
922,1792760
923,1790777
924,1788799
925,1786824
926,1784854
927,1782888
928,1780927
929,1778969
930,1777016
931,1775067
932,1773122
933,1771182
934,1769245
935,1767313
936,1765385
937,1763461
938,1761541
939,1759625
940,1757713
941,1755805
942,1753901
943,1752002
944,1750106
945,1748214
946,1746327
947,1744443
948,1742563
949,1740688
950,1738816
951,1736948
952,1735084
953,1733224
954,1731368
955,1729516
956,1727667
957,1725823
958,1723982
959,1722145
960,1720313
961,1718483
962,1716658
963,1714836
964,1713019
965,1711205
966,1709394
967,1707588
968,1705785
969,1703986
970,1702191
971,1700399
972,1698611
973,1696827
974,1695046
975,1693269
976,1691496
977,1689726
978,1687960
979,1686198
980,1684439
981,1682683
982,1680932
983,1679184
984,1677439
985,1675698
986,1673960
987,1672226
988,1670496
989,1668769
990,1667045
991,1665325
992,1663609
993,1661896
994,1660186
995,1658480
996,1656777
997,1655078
998,1653382
999,1651689
1000,1650000
1001,1648314
1002,1646632
1003,1644953
1004,1643277
1005,1641604
1006,1639935
1007,1638270
1008,1636607
1009,1634948
1010,1633292
1011,1631639
1012,1629990
1013,1628344
1014,1626701
1015,1625062
1016,1623425
1017,1621792
1018,1620162
1019,1618535
1020,1616912
1021,1615291
1022,1613674
1023,1612060
1024,1610449
1025,1608841
1026,1607237
1027,1605635
1028,1604037
1029,1602442
1030,1600850
1031,1599260
1032,1597674
1033,1596091
1034,1594512
1035,1592935
1036,1591361
1037,1589790
1038,1588223
1039,1586658
1040,1585096
1041,1583537
1042,1581982
1043,1580429
1044,1578879
1045,1577333
1046,1575789
1047,1574248
1048,1572710
1049,1571175
1050,1569643
1051,1568114
1052,1566587
1053,1565064
1054,1563544
1055,1562026
1056,1560511
1057,1559000
1058,1557491
1059,1555984
1060,1554481
1061,1552981
1062,1551483
1063,1549988
1064,1548496
1065,1547007
1066,1545521
1067,1544037
1068,1542556
1069,1541078
1070,1539603
1071,1538130
1072,1536660
1073,1535193
1074,1533729
1075,1532267
1076,1530809
1077,1529352
1078,1527899
1079,1526448
1080,1525000
1081,1523555
1082,1522112
1083,1520672
1084,1519234
1085,1517800
1086,1516367
1087,1514938
1088,1513511
1089,1512087
1090,1510665
1091,1509246
1092,1507830
1093,1506416
1094,1505005
1095,1503596
1096,1502190
1097,1500786
1098,1499385
1099,1497987
1100,1496591
1101,1495198
1102,1493807
1103,1492418
1104,1491033
1105,1489649
1106,1488269
1107,1486890
1108,1485514
1109,1484141
1110,1482770
1111,1481402
1112,1480036
1113,1478673
1114,1477311
1115,1475953
1116,1474597
1117,1473243
1118,1471892
1119,1470543
1120,1469196
1121,1467852
1122,1466511
1123,1465171
1124,1463835
1125,1462500
1126,1461168
1127,1459838
1128,1458511
1129,1457186
1130,1455863
1131,1454542
1132,1453224
1133,1451909
1134,1450595
1135,1449284
1136,1447975
1137,1446669
1138,1445365
1139,1444063
1140,1442763
1141,1441466
1142,1440171
1143,1438878
1144,1437587
1145,1436299
1146,1435013
1147,1433729
1148,1432448
1149,1431168
1150,1429891
1151,1428616
1152,1427344
1153,1426073
1154,1424805
1155,1423539
1156,1422275
1157,1421013
1158,1419754
1159,1418497
1160,1417241
1161,1415988
1162,1414738
1163,1413489
1164,1412242
1165,1410998
1166,1409756
1167,1408515
1168,1407277
1169,1406041
1170,1404808
1171,1403576
1172,1402346
1173,1401119
1174,1399894
1175,1398670
1176,1397449
1177,1396230
1178,1395013
1179,1393798
1180,1392585
1181,1391374
1182,1390165
1183,1388958
1184,1387753
1185,1386551
1186,1385350
1187,1384151
1188,1382955
1189,1381760
1190,1380567
1191,1379377
1192,1378188
1193,1377001
1194,1375817
1195,1374634
1196,1373453
1197,1372274
1198,1371098
1199,1369923
1200,1368750
1201,1367579
1202,1366410
1203,1365243
1204,1364078
1205,1362915
1206,1361754
1207,1360594
1208,1359437
1209,1358282
1210,1357128
1211,1355976
1212,1354827
1213,1353679
1214,1352533
1215,1351389
1216,1350247
1217,1349106
1218,1347968
1219,1346831
1220,1345697
1221,1344564
1222,1343433
1223,1342304
1224,1341176
1225,1340051
1226,1338927
1227,1337806
1228,1336686
1229,1335568
1230,1334451
1231,1333337
1232,1332224
1233,1331113
1234,1330004
1235,1328897
1236,1327791
1237,1326688
1238,1325586
1239,1324485
1240,1323387
1241,1322290
1242,1321196
1243,1320103
1244,1319011
1245,1317922
1246,1316834
1247,1315748
1248,1314663
1249,1313581
1250,1312500
1251,1311421
1252,1310343
1253,1309268
1254,1308194
1255,1307122
1256,1306051
1257,1304982
1258,1303915
1259,1302849
1260,1301786
1261,1300724
1262,1299663
1263,1298605
1264,1297547
1265,1296492
1266,1295438
1267,1294386
1268,1293336
1269,1292287
1270,1291240
1271,1290195
1272,1289151
1273,1288109
1274,1287068
1275,1286029
1276,1284992
1277,1283957
1278,1282923
1279,1281890
1280,1280859
1281,1279830
1282,1278803
1283,1277777
1284,1276752
1285,1275730
1286,1274708
1287,1273689
1288,1272671
1289,1271654
1290,1270640
1291,1269626
1292,1268615
1293,1267604
1294,1266596
1295,1265589
1296,1264583
1297,1263579
1298,1262577
1299,1261576
1300,1260577
1301,1259579
1302,1258583
1303,1257588
1304,1256595
1305,1255603
1306,1254613
1307,1253625
1308,1252638
1309,1251652
1310,1250668
1311,1249685
1312,1248704
1313,1247725
1314,1246747
1315,1245770
1316,1244795
1317,1243821
1318,1242849
1319,1241878
1320,1240909
1321,1239941
1322,1238975
1323,1238010
1324,1237047
1325,1236085
1326,1235124
1327,1234165
1328,1233208
1329,1232252
1330,1231297
1331,1230344
1332,1229392
1333,1228441
1334,1227493
1335,1226545
1336,1225599
1337,1224654
1338,1223711
1339,1222769
1340,1221828
1341,1220889
1342,1219952
1343,1219015
1344,1218080
1345,1217147
1346,1216215
1347,1215284
1348,1214355
1349,1213427
1350,1212500
1351,1211575
1352,1210651
1353,1209728
1354,1208807
1355,1207887
1356,1206969
1357,1206052
1358,1205136
1359,1204222
1360,1203309
1361,1202397
1362,1201487
1363,1200578
1364,1199670
1365,1198764
1366,1197859
1367,1196955
1368,1196053
1369,1195152
1370,1194252
1371,1193353
1372,1192456
1373,1191560
1374,1190666
1375,1189773
1376,1188881
1377,1187990
1378,1187101
1379,1186213
1380,1185326
1381,1184441
1382,1183556
1383,1182674
1384,1181792
1385,1180912
1386,1180032
1387,1179155
1388,1178278
1389,1177403
1390,1176529
1391,1175656
1392,1174784
1393,1173914
1394,1173045
1395,1172177
1396,1171311
1397,1170446
1398,1169582
1399,1168719
1400,1167857
1401,1166997
1402,1166138
1403,1165280
1404,1164423
1405,1163568
1406,1162713
1407,1161860
1408,1161009
1409,1160158
1410,1159309
1411,1158460
1412,1157613
1413,1156768
1414,1155923
1415,1155080
1416,1154237
1417,1153396
1418,1152556
1419,1151718
1420,1150880
1421,1150044
1422,1149209
1423,1148375
1424,1147542
1425,1146711
1426,1145880
1427,1145051
1428,1144223
1429,1143396
1430,1142570
1431,1141745
1432,1140922
1433,1140099
1434,1139278
1435,1138458
1436,1137639
1437,1136822
1438,1136005
1439,1135189
1440,1134375
1441,1133562
1442,1132750
1443,1131939
1444,1131129
1445,1130320
1446,1129512
1447,1128706
1448,1127901
1449,1127096
1450,1126293
1451,1125491
1452,1124690
1453,1123890
1454,1123091
1455,1122294
1456,1121497
1457,1120702
1458,1119907
1459,1119114
1460,1118322
1461,1117531
1462,1116741
1463,1115952
1464,1115164
1465,1114377
1466,1113591
1467,1112807
1468,1112023
1469,1111241
1470,1110459
1471,1109679
1472,1108899
1473,1108121
1474,1107344
1475,1106568
1476,1105793
1477,1105019
1478,1104246
1479,1103474
1480,1102703
1481,1101933
1482,1101164
1483,1100396
1484,1099629
1485,1098864
1486,1098099
1487,1097335
1488,1096573
1489,1095811
1490,1095050
1491,1094291
1492,1093532
1493,1092775
1494,1092018
1495,1091263
1496,1090508
1497,1089755
1498,1089002
1499,1088251
1500,1087500
1501,1086750
1502,1086002
1503,1085254
1504,1084508
1505,1083762
1506,1083018
1507,1082274
1508,1081532
1509,1080790
1510,1080050
1511,1079310
1512,1078571
1513,1077834
1514,1077097
1515,1076361
1516,1075627
1517,1074893
1518,1074160
1519,1073428
1520,1072697
1521,1071967
1522,1071239
1523,1070511
1524,1069783
1525,1069057
1526,1068332
1527,1067608
1528,1066885
1529,1066163
1530,1065441
1531,1064721
1532,1064001
1533,1063283
1534,1062565
1535,1061849
1536,1061133
1537,1060418
1538,1059704
1539,1058991
1540,1058279
1541,1057568
1542,1056858
1543,1056149
1544,1055440
1545,1054733
1546,1054027
1547,1053321
1548,1052616
1549,1051913
1550,1051210
1551,1050508
1552,1049807
1553,1049107
1554,1048407
1555,1047709
1556,1047012
1557,1046315
1558,1045619
1559,1044925
1560,1044231
1561,1043538
1562,1042846
1563,1042155
1564,1041464
1565,1040775
1566,1040086
1567,1039399
1568,1038712
1569,1038026
1570,1037341
1571,1036657
1572,1035973
1573,1035291
1574,1034609
1575,1033929
1576,1033249
1577,1032570
1578,1031892
1579,1031214
1580,1030538
1581,1029862
1582,1029188
1583,1028514
1584,1027841
1585,1027169
1586,1026497
1587,1025827
1588,1025157
1589,1024489
1590,1023821
1591,1023154
1592,1022487
1593,1021822
1594,1021157
1595,1020494
1596,1019831
1597,1019169
1598,1018508
1599,1017847
1600,1017188
1601,1016529
1602,1015871
1603,1015214
1604,1014557
1605,1013902
1606,1013247
1607,1012593
1608,1011940
1609,1011288
1610,1010637
1611,1009986
1612,1009336
1613,1008687
1614,1008039
1615,1007392
1616,1006745
1617,1006099
1618,1005454
1619,1004810
1620,1004167
1621,1003524
1622,1002882
1623,1002241
1624,1001601
1625,1000962
1626,1000323
1627,999685
1628,999048
1629,998412
1630,997776
1631,997141
1632,996507
1633,995874
1634,995242
1635,994610
1636,993979
1637,993349
1638,992720
1639,992091
1640,991463
1641,990836
1642,990210
1643,989585
1644,988960
1645,988336
1646,987713
1647,987090
1648,986468
1649,985847
1650,985227
1651,984608
1652,983989
1653,983371
1654,982754
1655,982137
1656,981522
1657,980907
1658,980293
1659,979679
1660,979066
1661,978454
1662,977843
1663,977232
1664,976623
1665,976014
1666,975405
1667,974798
1668,974191
1669,973584
1670,972979
1671,972374
1672,971770
1673,971167
1674,970565
1675,969963
1676,969362
1677,968761
1678,968162
1679,967563
1680,966964
1681,966367
1682,965770
1683,965174
1684,964578
1685,963984
1686,963390
1687,962796
1688,962204
1689,961612
1690,961021
1691,960430
1692,959840
1693,959251
1694,958663
1695,958075
1696,957488
1697,956902
1698,956316
1699,955731
1700,955147
1701,954563
1702,953981
1703,953398
1704,952817
1705,952236
1706,951656
1707,951076
1708,950498
1709,949920
1710,949342
1711,948765
1712,948189
1713,947614
1714,947039
1715,946465
1716,945892
1717,945319
1718,944747
1719,944175
1720,943605
1721,943035
1722,942465
1723,941896
1724,941328
1725,940761
1726,940194
1727,939628
1728,939063
1729,938498
1730,937934
1731,937370
1732,936807
1733,936245
1734,935683
1735,935122
1736,934562
1737,934003
1738,933444
1739,932885
1740,932328
1741,931771
1742,931214
1743,930658
1744,930103
1745,929549
1746,928995
1747,928442
1748,927889
1749,927337
1750,926786
1751,926235
1752,925685
1753,925135
1754,924587
1755,924038
1756,923491
1757,922944
1758,922398
1759,921852
1760,921307
1761,920762
1762,920219
1763,919675
1764,919133
1765,918591
1766,918049
1767,917508
1768,916968
1769,916429
1770,915890
1771,915351
1772,914814
1773,914277
1774,913740
1775,913204
1776,912669
1777,912134
1778,911600
1779,911067
1780,910534
1781,910001
1782,909470
1783,908939
1784,908408
1785,907878
1786,907349
1787,906820
1788,906292
1789,905764
1790,905237
1791,904711
1792,904185
1793,903660
1794,903135
1795,902611
1796,902088
1797,901565
1798,901043
1799,900521
1800,900000
1801,899479
1802,898959
1803,898440
1804,897921
1805,897403
1806,896885
1807,896368
1808,895852
1809,895336
1810,894820
1811,894306
1812,893791
1813,893278
1814,892765
1815,892252
1816,891740
1817,891229
1818,890718
1819,890208
1820,889698
1821,889189
1822,888680
1823,888172
1824,887664
1825,887158
1826,886651
1827,886145
1828,885640
1829,885135
1830,884631
1831,884128
1832,883624
1833,883122
1834,882620
1835,882119
1836,881618
1837,881117
1838,880618
1839,880118
1840,879620
1841,879121
1842,878624
1843,878127
1844,877630
1845,877134
1846,876639
1847,876144
1848,875649
1849,875155
1850,874662
1851,874169
1852,873677
1853,873185
1854,872694
1855,872204
1856,871713
1857,871224
1858,870735
1859,870246
1860,869758
1861,869271
1862,868784
1863,868297
1864,867811
1865,867326
1866,866841
1867,866356
1868,865873
1869,865389
1870,864906
1871,864424
1872,863942
1873,863461
1874,862980
1875,862500
1876,862020
1877,861541
1878,861062
1879,860584
1880,860106
1881,859629
1882,859152
1883,858676
1884,858201
1885,857725
1886,857251
1887,856777
1888,856303
1889,855830
1890,855357
1891,854885
1892,854413
1893,853942
1894,853471
1895,853001
1896,852532
1897,852062
1898,851594
1899,851126
1900,850658
1901,850191
1902,849724
1903,849258
1904,848792
1905,848327
1906,847862
1907,847398
1908,846934
1909,846471
1910,846008
1911,845546
1912,845084
1913,844622
1914,844161
1915,843701
1916,843241
1917,842782
1918,842323
1919,841864
1920,841406
1921,840949
1922,840492
1923,840035
1924,839579
1925,839123
1926,838668
1927,838214
1928,837759
1929,837306
1930,836852
1931,836400
1932,835947
1933,835495
1934,835044
1935,834593
1936,834143
1937,833693
1938,833243
1939,832794
1940,832345
1941,831897
1942,831450
1943,831002
1944,830556
1945,830109
1946,829663
1947,829218
1948,828773
1949,828329
1950,827885
1951,827441
1952,826998
1953,826555
1954,826113
1955,825671
1956,825230
1957,824789
1958,824349
1959,823909
1960,823469
1961,823030
1962,822592
1963,822154
1964,821716
1965,821279
1966,820842
1967,820405
1968,819970
1969,819534
1970,819099
1971,818664
1972,818230
1973,817797
1974,817363
1975,816930
1976,816498
1977,816066
1978,815634
1979,815203
1980,814773
1981,814343
1982,813913
1983,813483
1984,813054
1985,812626
1986,812198
1987,811770
1988,811343
1989,810916
1990,810490
1991,810064
1992,809639
1993,809213
1994,808789
1995,808365
1996,807941
1997,807518
1998,807095
1999,806672
2000,806250
2001,805828
2002,805407
2003,804986
2004,804566
2005,804146
2006,803726
2007,803307
2008,802888
2009,802470
2010,802052
2011,801635
2012,801218
2013,800801
2014,800385
2015,799969
2016,799554
2017,799139
2018,798724
2019,798310
2020,797896
2021,797483
2022,797070
2023,796657
2024,796245
2025,795833
2026,795422
2027,795011
2028,794601
2029,794190
2030,793781
2031,793371
2032,792963
2033,792554
2034,792146
2035,791738
2036,791331
2037,790924
2038,790518
2039,790112
2040,789706
2041,789301
2042,788896
2043,788491
2044,788087
2045,787683
2046,787280
2047,786877
2048,786475
2049,786072
2050,785671
2051,785269
2052,784868
2053,784468
2054,784068
2055,783668
2056,783268
2057,782869
2058,782471
2059,782073
2060,781675
2061,781277
2062,780880
2063,780484
2064,780087
2065,779691
2066,779296
2067,778901
2068,778506
2069,778111
2070,777717
2071,777324
2072,776931
2073,776538
2074,776145
2075,775753
2076,775361
2077,774970
2078,774579
2079,774188
2080,773798
2081,773408
2082,773019
2083,772630
2084,772241
2085,771853
2086,771465
2087,771077
2088,770690
2089,770303
2090,769916
2091,769530
2092,769144
2093,768759
2094,768374
2095,767989
2096,767605
2097,767221
2098,766837
2099,766454
2100,766071
2101,765689
2102,765307
2103,764925
2104,764544
2105,764163
2106,763782
2107,763402
2108,763022
2109,762642
2110,762263
2111,761884
2112,761506
2113,761128
2114,760750
2115,760372
2116,759995
2117,759619
2118,759242
2119,758866
2120,758491
2121,758115
2122,757740
2123,757366
2124,756992
2125,756618
2126,756244
2127,755871
2128,755498
2129,755126
2130,754754
2131,754382
2132,754010
2133,753639
2134,753269
2135,752898
2136,752528
2137,752158
2138,751789
2139,751420
2140,751051
2141,750683
2142,750315
2143,749948
2144,749580
2145,749213
2146,748847
2147,748480
2148,748115
2149,747749
2150,747384
2151,747019
2152,746654
2153,746290
2154,745926
2155,745563
2156,745199
2157,744837
2158,744474
2159,744112
2160,743750
2161,743388
2162,743027
2163,742666
2164,742306
2165,741946
2166,741586
2167,741226
2168,740867
2169,740508
2170,740150
2171,739792
2172,739434
2173,739076
2174,738719
2175,738362
2176,738006
2177,737649
2178,737293
2179,736938
2180,736583
2181,736228
2182,735873
2183,735519
2184,735165
2185,734811
2186,734458
2187,734105
2188,733752
2189,733400
2190,733048
2191,732696
2192,732345
2193,731994
2194,731643
2195,731293
2196,730943
2197,730593
2198,730243
2199,729894
2200,729545
2201,729197
2202,728849
2203,728501
2204,728153
2205,727806
2206,727459
2207,727113
2208,726766
2209,726420
2210,726075
2211,725729
2212,725384
2213,725040
2214,724695
2215,724351
2216,724007
2217,723664
2218,723321
2219,722978
2220,722635
2221,722293
2222,721951
2223,721609
2224,721268
2225,720927
2226,720586
2227,720246
2228,719906
2229,719566
2230,719226
2231,718887
2232,718548
2233,718210
2234,717872
2235,717534
2236,717196
2237,716859
2238,716521
2239,716185
2240,715848
2241,715512
2242,715176
2243,714841
2244,714505
2245,714170
2246,713836
2247,713501
2248,713167
2249,712833
2250,712500
2251,712167
2252,711834
2253,711501
2254,711169
2255,710837
2256,710505
2257,710174
2258,709843
2259,709512
2260,709181
2261,708851
2262,708521
2263,708192
2264,707862
2265,707533
2266,707204
2267,706876
2268,706548
2269,706220
2270,705892
2271,705565
2272,705238
2273,704911
2274,704584
2275,704258
2276,703932
2277,703607
2278,703281
2279,702956
2280,702632
2281,702307
2282,701983
2283,701659
2284,701335
2285,701012
2286,700689
2287,700366
2288,700044
2289,699721
2290,699400
2291,699078
2292,698757
2293,698435
2294,698115
2295,697794
2296,697474
2297,697154
2298,696834
2299,696515
2300,696196
2301,695877
2302,695558
2303,695240
2304,694922
2305,694604
2306,694287
2307,693969
2308,693653
2309,693336
2310,693019
2311,692703
2312,692388
2313,692072
2314,691757
2315,691442
2316,691127
2317,690812
2318,690498
2319,690184
2320,689871
2321,689557
2322,689244
2323,688931
2324,688619
2325,688306
2326,687994
2327,687683
2328,687371
2329,687060
2330,686749
2331,686438
2332,686128
2333,685818
2334,685508
2335,685198
2336,684889
2337,684580
2338,684271
2339,683962
2340,683654
2341,683346
2342,683038
2343,682730
2344,682423
2345,682116
2346,681809
2347,681503
2348,681197
2349,680891
2350,680585
2351,680280
2352,679974
2353,679670
2354,679365
2355,679061
2356,678756
2357,678452
2358,678149
2359,677845
2360,677542
2361,677240
2362,676937
2363,676635
2364,676332
2365,676031
2366,675729
2367,675428
2368,675127
2369,674826
2370,674525
2371,674225
2372,673925
2373,673625
2374,673326
2375,673026
2376,672727
2377,672428
2378,672130
2379,671832
2380,671534
2381,671236
2382,670938
2383,670641
2384,670344
2385,670047
2386,669751
2387,669454
2388,669158
2389,668862
2390,668567
2391,668272
2392,667977
2393,667682
2394,667387
2395,667093
2396,666799
2397,666505
2398,666211
2399,665918
2400,665625
2401,665332
2402,665040
2403,664747
2404,664455
2405,664163
2406,663872
2407,663580
2408,663289
2409,662998
2410,662707
2411,662417
2412,662127
2413,661837
2414,661547
2415,661258
2416,660969
2417,660680
2418,660391
2419,660102
2420,659814
2421,659526
2422,659238
2423,658951
2424,658663
2425,658376
2426,658089
2427,657803
2428,657516
2429,657230
2430,656944
2431,656659
2432,656373
2433,656088
2434,655803
2435,655518
2436,655234
2437,654950
2438,654666
2439,654382
2440,654098
2441,653815
2442,653532
2443,653249
2444,652966
2445,652684
2446,652402
2447,652120
2448,651838
2449,651557
2450,651276
2451,650994
2452,650714
2453,650433
2454,650153
2455,649873
2456,649593
2457,649313
2458,649034
2459,648755
2460,648476
2461,648197
2462,647918
2463,647640
2464,647362
2465,647084
2466,646807
2467,646529
2468,646252
2469,645975
2470,645698
2471,645422
2472,645146
2473,644870
2474,644594
2475,644318
2476,644043
2477,643768
2478,643493
2479,643218
2480,642944
2481,642669
2482,642395
2483,642121
2484,641848
2485,641574
2486,641301
2487,641028
2488,640756
2489,640483
2490,640211
2491,639939
2492,639667
2493,639395
2494,639124
2495,638853
2496,638582
2497,638311
2498,638040
2499,637770
2500,637500
2501,637230
2502,636960
2503,636691
2504,636422
2505,636153
2506,635884
2507,635615
2508,635347
2509,635079
2510,634811
2511,634543
2512,634275
2513,634008
2514,633741
2515,633474
2516,633207
2517,632941
2518,632675
2519,632409
2520,632143
2521,631877
2522,631612
2523,631347
2524,631082
2525,630817
2526,630552
2527,630288
2528,630024
2529,629760
2530,629496
2531,629233
2532,628969
2533,628706
2534,628443
2535,628180
2536,627918
2537,627656
2538,627394
2539,627132
2540,626870
2541,626609
2542,626347
2543,626086
2544,625825
2545,625565
2546,625304
2547,625044
2548,624784
2549,624524
2550,624265
2551,624005
2552,623746
2553,623487
2554,623228
2555,622970
2556,622711
2557,622453
2558,622195
2559,621937
2560,621680
2561,621422
2562,621165
2563,620908
2564,620651
2565,620395
2566,620138
2567,619882
2568,619626
2569,619370
2570,619115
2571,618859
2572,618604
2573,618349
2574,618094
2575,617840
2576,617585
2577,617331
2578,617077
2579,616823
2580,616570
2581,616316
2582,616063
2583,615810
2584,615557
2585,615305
2586,615052
2587,614800
2588,614548
2589,614296
2590,614044
2591,613793
2592,613542
2593,613291
2594,613040
2595,612789
2596,612539
2597,612288
2598,612038
2599,611788
2600,611538
2601,611289
2602,611040
2603,610790
2604,610541
2605,610293
2606,610044
2607,609796
2608,609548
2609,609300
2610,609052
2611,608804
2612,608557
2613,608309
2614,608062
2615,607815
2616,607569
2617,607322
2618,607076
2619,606830
2620,606584
2621,606338
2622,606093
2623,605847
2624,605602
2625,605357
2626,605112
2627,604868
2628,604623
2629,604379
2630,604135
2631,603891
2632,603647
2633,603404
2634,603161
2635,602917
2636,602675
2637,602432
2638,602189
2639,601947
2640,601705
2641,601463
2642,601221
2643,600979
2644,600738
2645,600496
2646,600255
2647,600014
2648,599773
2649,599533
2650,599292
2651,599052
2652,598812
2653,598572
2654,598333
2655,598093
2656,597854
2657,597615
2658,597376
2659,597137
2660,596898
2661,596660
2662,596422
2663,596184
2664,595946
2665,595708
2666,595471
2667,595233
2668,594996
2669,594759
2670,594522
2671,594286
2672,594049
2673,593813
2674,593577
2675,593341
2676,593105
2677,592870
2678,592634
2679,592399
2680,592164
2681,591929
2682,591695
2683,591460
2684,591226
2685,590992
2686,590758
2687,590524
2688,590290
2689,590057
2690,589823
2691,589590
2692,589357
2693,589125
2694,588892
2695,588660
2696,588427
2697,588195
2698,587963
2699,587732
2700,587500
2701,587269
2702,587037
2703,586806
2704,586575
2705,586345
2706,586114
2707,585884
2708,585654
2709,585424
2710,585194
2711,584964
2712,584735
2713,584505
2714,584276
2715,584047
2716,583818
2717,583589
2718,583361
2719,583133
2720,582904
2721,582676
2722,582449
2723,582221
2724,581993
2725,581766
2726,581539
2727,581312
2728,581085
2729,580858
2730,580632
2731,580406
2732,580179
2733,579953
2734,579728
2735,579502
2736,579276
2737,579051
2738,578826
2739,578601
2740,578376
2741,578151
2742,577927
2743,577702
2744,577478
2745,577254
2746,577030
2747,576807
2748,576583
2749,576360
2750,576136
2751,575913
2752,575690
2753,575468
2754,575245
2755,575023
2756,574800
2757,574578
2758,574356
2759,574135
2760,573913
2761,573692
2762,573470
2763,573249
2764,573028
2765,572807
2766,572587
2767,572366
2768,572146
2769,571926
2770,571706
2771,571486
2772,571266
2773,571047
2774,570827
2775,570608
2776,570389
2777,570170
2778,569951
2779,569733
2780,569514
2781,569296
2782,569078
2783,568860
2784,568642
2785,568425
2786,568207
2787,567990
2788,567773
2789,567556
2790,567339
2791,567122
2792,566905
2793,566689
2794,566473
2795,566257
2796,566041
2797,565825
2798,565609
2799,565394
2800,565179
2801,564963
2802,564748
2803,564534
2804,564319
2805,564104
2806,563890
2807,563676
2808,563462
2809,563248
2810,563034
2811,562820
2812,562607
2813,562393
2814,562180
2815,561967
2816,561754
2817,561542
2818,561329
2819,561117
2820,560904
2821,560692
2822,560480
2823,560268
2824,560057
2825,559845
2826,559634
2827,559423
2828,559211
2829,559001
2830,558790
2831,558579
2832,558369
2833,558158
2834,557948
2835,557738
2836,557528
2837,557318
2838,557109
2839,556899
2840,556690
2841,556481
2842,556272
2843,556063
2844,555854
2845,555646
2846,555437
2847,555229
2848,555021
2849,554813
2850,554605
2851,554398
2852,554190
2853,553983
2854,553775
2855,553568
2856,553361
2857,553155
2858,552948
2859,552741
2860,552535
2861,552329
2862,552123
2863,551917
2864,551711
2865,551505
2866,551300
2867,551094
2868,550889
2869,550684
2870,550479
2871,550274
2872,550070
2873,549865
2874,549661
2875,549457
2876,549252
2877,549048
2878,548845
2879,548641
2880,548437
2881,548234
2882,548031
2883,547828
2884,547625
2885,547422
2886,547219
2887,547017
2888,546814
2889,546612
2890,546410
2891,546208
2892,546006
2893,545805
2894,545603
2895,545402
2896,545200
2897,544999
2898,544798
2899,544597
2900,544397
2901,544196
2902,543996
2903,543795
2904,543595
2905,543395
2906,543195
2907,542995
2908,542796
2909,542596
2910,542397
2911,542198
2912,541999
2913,541800
2914,541601
2915,541402
2916,541204
2917,541005
2918,540807
2919,540609
2920,540411
2921,540213
2922,540015
2923,539818
2924,539620
2925,539423
2926,539226
2927,539029
2928,538832
2929,538635
2930,538439
2931,538242
2932,538046
2933,537849
2934,537653
2935,537457
2936,537262
2937,537066
2938,536870
2939,536675
2940,536480
2941,536284
2942,536089
2943,535894
2944,535700
2945,535505
2946,535311
2947,535116
2948,534922
2949,534728
2950,534534
2951,534340
2952,534146
2953,533953
2954,533759
2955,533566
2956,533373
2957,533180
2958,532987
2959,532794
2960,532601
2961,532409
2962,532216
2963,532024
2964,531832
2965,531640
2966,531448
2967,531256
2968,531065
2969,530873
2970,530682
2971,530491
2972,530299
2973,530108
2974,529918
2975,529727
2976,529536
2977,529346
2978,529155
2979,528965
2980,528775
2981,528585
2982,528395
2983,528206
2984,528016
2985,527827
2986,527637
2987,527448
2988,527259
2989,527070
2990,526881
2991,526693
2992,526504
2993,526316
2994,526127
2995,525939
2996,525751
2997,525563
2998,525375
2999,525188
3000,525000
3001,524813
3002,524625
3003,524438
3004,524251
3005,524064
3006,523877
3007,523691
3008,523504
3009,523318
3010,523131
3011,522945
3012,522759
3013,522573
3014,522387
3015,522201
3016,522016
3017,521830
3018,521645
3019,521460
3020,521275
3021,521090
3022,520905
3023,520720
3024,520536
3025,520351
3026,520167
3027,519983
3028,519799
3029,519615
3030,519431
3031,519247
3032,519063
3033,518880
3034,518696
3035,518513
3036,518330
3037,518147
3038,517964
3039,517781
3040,517599
3041,517416
3042,517234
3043,517051
3044,516869
3045,516687
3046,516505
3047,516323
3048,516142
3049,515960
3050,515779
3051,515597
3052,515416
3053,515235
3054,515054
3055,514873
3056,514692
3057,514512
3058,514331
3059,514151
3060,513971
3061,513790
3062,513610
3063,513430
3064,513251
3065,513071
3066,512891
3067,512712
3068,512533
3069,512353
3070,512174
3071,511995
3072,511816
3073,511638
3074,511459
3075,511280
3076,511102
3077,510924
3078,510746
3079,510568
3080,510390
3081,510212
3082,510034
3083,509856
3084,509679
3085,509502
3086,509324
3087,509147
3088,508970
3089,508793
3090,508617
3091,508440
3092,508263
3093,508087
3094,507910
3095,507734
3096,507558
3097,507382
3098,507206
3099,507030
3100,506855
3101,506679
3102,506504
3103,506329
3104,506153
3105,505978
3106,505803
3107,505628
3108,505454
3109,505279
3110,505105
3111,504930
3112,504756
3113,504582
3114,504408
3115,504234
3116,504060
3117,503886
3118,503712
3119,503539
3120,503365
3121,503192
3122,503019
3123,502846
3124,502673
3125,502500
3126,502327
3127,502155
3128,501982
3129,501810
3130,501637
3131,501465
3132,501293
3133,501121
3134,500949
3135,500778
3136,500606
3137,500434
3138,500263
3139,500092
3140,499920
3141,499749
3142,499578
3143,499407
3144,499237
3145,499066
3146,498895
3147,498725
3148,498555
3149,498384
3150,498214
3151,498044
3152,497874
3153,497705
3154,497535
3155,497365
3156,497196
3157,497026
3158,496857
3159,496688
3160,496519
3161,496350
3162,496181
3163,496012
3164,495844
3165,495675
3166,495507
3167,495339
3168,495170
3169,495002
3170,494834
3171,494667
3172,494499
3173,494331
3174,494164
3175,493996
3176,493829
3177,493661
3178,493494
3179,493327
3180,493160
3181,492994
3182,492827
3183,492660
3184,492494
3185,492327
3186,492161
3187,491995
3188,491829
3189,491663
3190,491497
3191,491331
3192,491165
3193,491000
3194,490834
3195,490669
3196,490504
3197,490339
3198,490174
3199,490009
3200,489844
3201,489679
3202,489514
3203,489350
3204,489185
3205,489021
3206,488857
3207,488693
3208,488529
3209,488365
3210,488201
3211,488037
3212,487874
3213,487710
3214,487547
3215,487383
3216,487220
3217,487057
3218,486894
3219,486731
3220,486568
3221,486406
3222,486243
3223,486081
3224,485918
3225,485756
3226,485594
3227,485432
3228,485270
3229,485108
3230,484946
3231,484784
3232,484623
3233,484461
3234,484300
3235,484138
3236,483977
3237,483816
3238,483655
3239,483494
3240,483333
3241,483173
3242,483012
3243,482852
3244,482691
3245,482531
3246,482371
3247,482211
3248,482050
3249,481891
3250,481731
3251,481571
3252,481411
3253,481252
3254,481093
3255,480933
3256,480774
3257,480615
3258,480456
3259,480297
3260,480138
3261,479979
3262,479821
3263,479662
3264,479504
3265,479345
3266,479187
3267,479029
3268,478871
3269,478713
3270,478555
3271,478397
3272,478240
3273,478082
3274,477925
3275,477767
3276,477610
3277,477453
3278,477296
3279,477139
3280,476982
3281,476825
3282,476668
3283,476512
3284,476355
3285,476199
3286,476042
3287,475886
3288,475730
3289,475574
3290,475418
3291,475262
3292,475106
3293,474951
3294,474795
3295,474640
3296,474484
3297,474329
3298,474174
3299,474019
3300,473864
3301,473709
3302,473554
3303,473399
3304,473245
3305,473090
3306,472936
3307,472781
3308,472627
3309,472473
3310,472319
3311,472165
3312,472011
3313,471857
3314,471703
3315,471550
3316,471396
3317,471243
3318,471090
3319,470936
3320,470783
3321,470630
3322,470477
3323,470324
3324,470171
3325,470019
3326,469866
3327,469714
3328,469561
3329,469409
3330,469257
3331,469105
3332,468953
3333,468801
3334,468649
3335,468497
3336,468345
3337,468194
3338,468042
3339,467891
3340,467740
3341,467588
3342,467437
3343,467286
3344,467135
3345,466984
3346,466834
3347,466683
3348,466532
3349,466382
3350,466231
3351,466081
3352,465931
3353,465781
3354,465631
3355,465481
3356,465331
3357,465181
3358,465031
3359,464882
3360,464732
3361,464583
3362,464433
3363,464284
3364,464135
3365,463986
3366,463837
3367,463688
3368,463539
3369,463390
3370,463242
3371,463093
3372,462945
3373,462796
3374,462648
3375,462500
3376,462352
3377,462204
3378,462056
3379,461908
3380,461760
3381,461613
3382,461465
3383,461318
3384,461170
3385,461023
3386,460876
3387,460729
3388,460581
3389,460434
3390,460288
3391,460141
3392,459994
3393,459847
3394,459701
3395,459554
3396,459408
3397,459262
3398,459116
3399,458970
3400,458824
3401,458678
3402,458532
3403,458386
3404,458240
3405,458095
3406,457949
3407,457804
3408,457658
3409,457513
3410,457368
3411,457223
3412,457078
3413,456933
3414,456788
3415,456643
3416,456499
3417,456354
3418,456210
3419,456065
3420,455921
3421,455777
3422,455633
3423,455489
3424,455345
3425,455201
3426,455057
3427,454913
3428,454770
3429,454626
3430,454483
3431,454339
3432,454196
3433,454053
3434,453909
3435,453766
3436,453623
3437,453481
3438,453338
3439,453195
3440,453052
3441,452910
3442,452767
3443,452625
3444,452483
3445,452340
3446,452198
3447,452056
3448,451914
3449,451772
3450,451630
3451,451489
3452,451347
3453,451205
3454,451064
3455,450923
3456,450781
3457,450640
3458,450499
3459,450358
3460,450217
3461,450076
3462,449935
3463,449794
3464,449654
3465,449513
3466,449372
3467,449232
3468,449092
3469,448951
3470,448811
3471,448671
3472,448531
3473,448391
3474,448251
3475,448112
3476,447972
3477,447832
3478,447693
3479,447553
3480,447414
3481,447274
3482,447135
3483,446996
3484,446857
3485,446718
3486,446579
3487,446440
3488,446302
3489,446163
3490,446024
3491,445886
3492,445747
3493,445609
3494,445471
3495,445333
3496,445195
3497,445056
3498,444919
3499,444781
3500,444643
3501,444505
3502,444368
3503,444230
3504,444092
3505,443955
3506,443818
3507,443680
3508,443543
3509,443406
3510,443269
3511,443132
3512,442995
3513,442859
3514,442722
3515,442585
3516,442449
3517,442312
3518,442176
3519,442040
3520,441903
3521,441767
3522,441631
3523,441495
3524,441359
3525,441223
3526,441088
3527,440952
3528,440816
3529,440681
3530,440545
3531,440410
3532,440275
3533,440139
3534,440004
3535,439869
3536,439734
3537,439599
3538,439464
3539,439330
3540,439195
3541,439060
3542,438926
3543,438791
3544,438657
3545,438523
3546,438388
3547,438254
3548,438120
3549,437986
3550,437852
3551,437718
3552,437584
3553,437451
3554,437317
3555,437184
3556,437050
3557,436917
3558,436783
3559,436650
3560,436517
3561,436384
3562,436251
3563,436118
3564,435985
3565,435852
3566,435719
3567,435587
3568,435454
3569,435322
3570,435189
3571,435057
3572,434924
3573,434792
3574,434660
3575,434528
3576,434396
3577,434264
3578,434132
3579,434000
3580,433869
3581,433737
3582,433606
3583,433474
3584,433343
3585,433211
3586,433080
3587,432949
3588,432818
3589,432687
3590,432556
3591,432425
3592,432294
3593,432163
3594,432033
3595,431902
3596,431771
3597,431641
3598,431511
3599,431380
3600,431250
3601,431120
3602,430990
3603,430860
3604,430730
3605,430600
3606,430470
3607,430340
3608,430211
3609,430081
3610,429952
3611,429822
3612,429693
3613,429563
3614,429434
3615,429305
3616,429176
3617,429047
3618,428918
3619,428789
3620,428660
3621,428531
3622,428403
3623,428274
3624,428146
3625,428017
3626,427889
3627,427761
3628,427632
3629,427504
3630,427376
3631,427248
3632,427120
3633,426992
3634,426864
3635,426737
3636,426609
3637,426481
3638,426354
3639,426226
3640,426099
3641,425972
3642,425844
3643,425717
3644,425590
3645,425463
3646,425336
3647,425209
3648,425082
3649,424955
3650,424829
3651,424702
3652,424576
3653,424449
3654,424323
3655,424196
3656,424070
3657,423944
3658,423818
3659,423692
3660,423566
3661,423440
3662,423314
3663,423188
3664,423062
3665,422937
3666,422811
3667,422685
3668,422560
3669,422435
3670,422309
3671,422184
3672,422059
3673,421934
3674,421809
3675,421684
3676,421559
3677,421434
3678,421309
3679,421184
3680,421060
3681,420935
3682,420811
3683,420686
3684,420562
3685,420438
3686,420313
3687,420189
3688,420065
3689,419941
3690,419817
3691,419693
3692,419569
3693,419446
3694,419322
3695,419198
3696,419075
3697,418951
3698,418828
3699,418704
3700,418581
3701,418458
3702,418335
3703,418212
3704,418089
3705,417966
3706,417843
3707,417720
3708,417597
3709,417474
3710,417352
3711,417229
3712,417107
3713,416984
3714,416862
3715,416740
3716,416617
3717,416495
3718,416373
3719,416251
3720,416129
3721,416007
3722,415885
3723,415763
3724,415642
3725,415520
3726,415399
3727,415277
3728,415156
3729,415034
3730,414913
3731,414792
3732,414670
3733,414549
3734,414428
3735,414307
3736,414186
3737,414065
3738,413945
3739,413824
3740,413703
3741,413583
3742,413462
3743,413342
3744,413221
3745,413101
3746,412981
3747,412860
3748,412740
3749,412620
3750,412500
3751,412380
3752,412260
3753,412140
3754,412021
3755,411901
3756,411781
3757,411662
3758,411542
3759,411423
3760,411303
3761,411184
3762,411065
3763,410945
3764,410826
3765,410707
3766,410588
3767,410469
3768,410350
3769,410231
3770,410113
3771,409994
3772,409875
3773,409757
3774,409638
3775,409520
3776,409401
3777,409283
3778,409165
3779,409047
3780,408929
3781,408810
3782,408692
3783,408575
3784,408457
3785,408339
3786,408221
3787,408103
3788,407986
3789,407868
3790,407751
3791,407633
3792,407516
3793,407398
3794,407281
3795,407164
3796,407047
3797,406930
3798,406813
3799,406696
3800,406579
3801,406462
3802,406345
3803,406229
3804,406112
3805,405995
3806,405879
3807,405762
3808,405646
3809,405530
3810,405413
3811,405297
3812,405181
3813,405065
3814,404949
3815,404833
3816,404717
3817,404601
3818,404485
3819,404370
3820,404254
3821,404138
3822,404023
3823,403907
3824,403792
3825,403676
3826,403561
3827,403446
3828,403331
3829,403216
3830,403101
3831,402986
3832,402871
3833,402756
3834,402641
3835,402526
3836,402411
3837,402297
3838,402182
3839,402068
3840,401953
3841,401839
3842,401724
3843,401610
3844,401496
3845,401382
3846,401268
3847,401153
3848,401040
3849,400926
3850,400812
3851,400698
3852,400584
3853,400470
3854,400357
3855,400243
3856,400130
3857,400016
3858,399903
3859,399789
3860,399676
3861,399563
3862,399450
3863,399337
3864,399224
3865,399111
3866,398998
3867,398885
3868,398772
3869,398659
3870,398547
3871,398434
3872,398321
3873,398209
3874,398096
3875,397984
3876,397872
3877,397759
3878,397647
3879,397535
3880,397423
3881,397311
3882,397199
3883,397087
3884,396975
3885,396863
3886,396751
3887,396639
3888,396528
3889,396416
3890,396305
3891,396193
3892,396082
3893,395970
3894,395859
3895,395748
3896,395637
3897,395525
3898,395414
3899,395303
3900,395192
3901,395081
3902,394971
3903,394860
3904,394749
3905,394638
3906,394528
3907,394417
3908,394307
3909,394196
3910,394086
3911,393975
3912,393865
3913,393755
3914,393645
3915,393534
3916,393424
3917,393314
3918,393204
3919,393095
3920,392985
3921,392875
3922,392765
3923,392655
3924,392546
3925,392436
3926,392327
3927,392217
3928,392108
3929,391999
3930,391889
3931,391780
3932,391671
3933,391562
3934,391453
3935,391344
3936,391235
3937,391126
3938,391017
3939,390908
3940,390799
3941,390691
3942,390582
3943,390474
3944,390365
3945,390257
3946,390148
3947,390040
3948,389932
3949,389823
3950,389715
3951,389607
3952,389499
3953,389391
3954,389283
3955,389175
3956,389067
3957,388959
3958,388852
3959,388744
3960,388636
3961,388529
3962,388421
3963,388314
3964,388206
3965,388099
3966,387992
3967,387884
3968,387777
3969,387670
3970,387563
3971,387456
3972,387349
3973,387242
3974,387135
3975,387028
3976,386922
3977,386815
3978,386708
3979,386602
3980,386495
3981,386388
3982,386282
3983,386176
3984,386069
3985,385963
3986,385857
3987,385751
3988,385644
3989,385538
3990,385432
3991,385326
3992,385220
3993,385115
3994,385009
3995,384903
3996,384797
3997,384692
3998,384586
3999,384480
4000,384375
4001,384270
4002,384164
4003,384059
4004,383954
4005,383848
4006,383743
4007,383638
4008,383533
4009,383428
4010,383323
4011,383218
4012,383113
4013,383008
4014,382904
4015,382799
4016,382694
4017,382590
4018,382485
4019,382381
4020,382276
4021,382172
4022,382067
4023,381963
4024,381859
4025,381755
4026,381651
4027,381546
4028,381442
4029,381338
4030,381234
4031,381131
4032,381027
4033,380923
4034,380819
4035,380716
4036,380612
4037,380508
4038,380405
4039,380301
4040,380198
4041,380095
4042,379991
4043,379888
4044,379785
4045,379682
4046,379579
4047,379476
4048,379373
4049,379270
4050,379167
4051,379064
4052,378961
4053,378858
4054,378756
4055,378653
4056,378550
4057,378448
4058,378345
4059,378243
4060,378140
4061,378038
4062,377936
4063,377833
4064,377731
4065,377629
4066,377527
4067,377425
4068,377323
4069,377221
4070,377119
4071,377017
4072,376916
4073,376814
4074,376712
4075,376610
4076,376509
4077,376407
4078,376306
4079,376204
4080,376103
4081,376002
4082,375900
4083,375799
4084,375698
4085,375597
4086,375496
4087,375395
4088,375294
4089,375193
4090,375092
4091,374991
4092,374890
4093,374789
4094,374689
4095,374588
4096,374487
4097,374387
4098,374286
4099,374186
4100,374085
4101,373985
4102,373885
4103,373784
4104,373684
4105,373584
4106,373484
4107,373384
4108,373284
4109,373184
4110,373084
4111,372984
4112,372884
4113,372784
4114,372685
4115,372585
4116,372485
4117,372386
4118,372286
4119,372187
4120,372087
4121,371988
4122,371889
4123,371789
4124,371690
4125,371591
4126,371492
4127,371393
4128,371294
4129,371195
4130,371096
4131,370997
4132,370898
4133,370799
4134,370700
4135,370602
4136,370503
4137,370404
4138,370306
4139,370207
4140,370109
4141,370010
4142,369912
4143,369814
4144,369715
4145,369617
4146,369519
4147,369421
4148,369323
4149,369225
4150,369127
4151,369029
4152,368931
4153,368833
4154,368735
4155,368637
4156,368539
4157,368442
4158,368344
4159,368247
4160,368149
4161,368052
4162,367954
4163,367857
4164,367759
4165,367662
4166,367565
4167,367468
4168,367370
4169,367273
4170,367176
4171,367079
4172,366982
4173,366885
4174,366788
4175,366692
4176,366595
4177,366498
4178,366401
4179,366305
4180,366208
4181,366112
4182,366015
4183,365919
4184,365822
4185,365726
4186,365629
4187,365533
4188,365437
4189,365341
4190,365245
4191,365149
4192,365052
4193,364956
4194,364861
4195,364765
4196,364669
4197,364573
4198,364477
4199,364381
4200,364286
4201,364190
4202,364094
4203,363999
4204,363903
4205,363808
4206,363713
4207,363617
4208,363522
4209,363427
4210,363331
4211,363236
4212,363141
4213,363046
4214,362951
4215,362856
4216,362761
4217,362666
4218,362571
4219,362476
4220,362382
4221,362287
4222,362192
4223,362097
4224,362003
4225,361908
4226,361814
4227,361719
4228,361625
4229,361531
4230,361436
4231,361342
4232,361248
4233,361153
4234,361059
4235,360965
4236,360871
4237,360777
4238,360683
4239,360589
4240,360495
4241,360401
4242,360308
4243,360214
4244,360120
4245,360027
4246,359933
4247,359839
4248,359746
4249,359652
4250,359559
4251,359465
4252,359372
4253,359279
4254,359185
4255,359092
4256,358999
4257,358906
4258,358813
4259,358720
4260,358627
4261,358534
4262,358441
4263,358348
4264,358255
4265,358162
4266,358070
4267,357977
4268,357884
4269,357792
4270,357699
4271,357607
4272,357514
4273,357422
4274,357329
4275,357237
4276,357145
4277,357052
4278,356960
4279,356868
4280,356776
4281,356684
4282,356592
4283,356500
4284,356408
4285,356316
4286,356224
4287,356132
4288,356040
4289,355948
4290,355857
4291,355765
4292,355673
4293,355582
4294,355490
4295,355399
4296,355307
4297,355216
4298,355124
4299,355033
4300,354942
4301,354851
4302,354759
4303,354668
4304,354577
4305,354486
4306,354395
4307,354304
4308,354213
4309,354122
4310,354031
4311,353941
4312,353850
4313,353759
4314,353668
4315,353578
4316,353487
4317,353396
4318,353306
4319,353215
4320,353125
4321,353035
4322,352944
4323,352854
4324,352764
4325,352673
4326,352583
4327,352493
4328,352403
4329,352313
4330,352223
4331,352133
4332,352043
4333,351953
4334,351863
4335,351773
4336,351684
4337,351594
4338,351504
4339,351414
4340,351325
4341,351235
4342,351146
4343,351056
4344,350967
4345,350877
4346,350788
4347,350699
4348,350609
4349,350520
4350,350431
4351,350342
4352,350253
4353,350164
4354,350075
4355,349986
4356,349897
4357,349808
4358,349719
4359,349630
4360,349541
4361,349453
4362,349364
4363,349275
4364,349187
4365,349098
4366,349009
4367,348921
4368,348832
4369,348744
4370,348656
4371,348567
4372,348479
4373,348391
4374,348302
4375,348214
4376,348126
4377,348038
4378,347950
4379,347862
4380,347774
4381,347686
4382,347598
4383,347510
4384,347422
4385,347335
4386,347247
4387,347159
4388,347072
4389,346984
4390,346896
4391,346809
4392,346721
4393,346634
4394,346546
4395,346459
4396,346372
4397,346284
4398,346197
4399,346110
4400,346023
4401,345936
4402,345848
4403,345761
4404,345674
4405,345587
4406,345500
4407,345414
4408,345327
4409,345240
4410,345153
4411,345066
4412,344980
4413,344893
4414,344806
4415,344720
4416,344633
4417,344547
4418,344460
4419,344374
4420,344287
4421,344201
4422,344115
4423,344028
4424,343942
4425,343856
4426,343770
4427,343684
4428,343598
4429,343512
4430,343426
4431,343340
4432,343254
4433,343168
4434,343082
4435,342996
4436,342910
4437,342825
4438,342739
4439,342653
4440,342568
4441,342482
4442,342396
4443,342311
4444,342225
4445,342140
4446,342055
4447,341969
4448,341884
4449,341799
4450,341713
4451,341628
4452,341543
4453,341458
4454,341373
4455,341288
4456,341203
4457,341118
4458,341033
4459,340948
4460,340863
4461,340778
4462,340694
4463,340609
4464,340524
4465,340440
4466,340355
4467,340270
4468,340186
4469,340101
4470,340017
4471,339932
4472,339848
4473,339764
4474,339679
4475,339595
4476,339511
4477,339427
4478,339342
4479,339258
4480,339174
4481,339090
4482,339006
4483,338922
4484,338838
4485,338754
4486,338670
4487,338586
4488,338503
4489,338419
4490,338335
4491,338252
4492,338168
4493,338084
4494,338001
4495,337917
4496,337834
4497,337750
4498,337667
4499,337583
4500,337500
4501,337417
4502,337333
4503,337250
4504,337167
4505,337084
4506,337001
4507,336918
4508,336835
4509,336751
4510,336669
4511,336586
4512,336503
4513,336420
4514,336337
4515,336254
4516,336171
4517,336089
4518,336006
4519,335923
4520,335841
4521,335758
4522,335676
4523,335593
4524,335511
4525,335428
4526,335346
4527,335263
4528,335181
4529,335099
4530,335017
4531,334934
4532,334852
4533,334770
4534,334688
4535,334606
4536,334524
4537,334442
4538,334360
4539,334278
4540,334196
4541,334114
4542,334032
4543,333951
4544,333869
4545,333787
4546,333705
4547,333624
4548,333542
4549,333461
4550,333379
4551,333298
4552,333216
4553,333135
4554,333053
4555,332972
4556,332891
4557,332809
4558,332728
4559,332647
4560,332566
4561,332485
4562,332404
4563,332322
4564,332241
4565,332160
4566,332080
4567,331999
4568,331918
4569,331837
4570,331756
4571,331675
4572,331594
4573,331514
4574,331433
4575,331352
4576,331272
4577,331191
4578,331111
4579,331030
4580,330950
4581,330869
4582,330789
4583,330709
4584,330628
4585,330548
4586,330468
4587,330388
4588,330307
4589,330227
4590,330147
4591,330067
4592,329987
4593,329907
4594,329827
4595,329747
4596,329667
4597,329587
4598,329507
4599,329428
4600,329348
4601,329268
4602,329188
4603,329109
4604,329029
4605,328950
4606,328870
4607,328790
4608,328711
4609,328631
4610,328552
4611,328473
4612,328393
4613,328314
4614,328235
4615,328155
4616,328076
4617,327997
4618,327918
4619,327839
4620,327760
4621,327681
4622,327602
4623,327523
4624,327444
4625,327365
4626,327286
4627,327207
4628,327128
4629,327050
4630,326971
4631,326892
4632,326813
4633,326735
4634,326656
4635,326578
4636,326499
4637,326421
4638,326342
4639,326264
4640,326185
4641,326107
4642,326029
4643,325950
4644,325872
4645,325794
4646,325716
4647,325638
4648,325559
4649,325481
4650,325403
4651,325325
4652,325247
4653,325169
4654,325091
4655,325013
4656,324936
4657,324858
4658,324780
4659,324702
4660,324624
4661,324547
4662,324469
4663,324391
4664,324314
4665,324236
4666,324159
4667,324081
4668,324004
4669,323926
4670,323849
4671,323772
4672,323694
4673,323617
4674,323540
4675,323463
4676,323385
4677,323308
4678,323231
4679,323154
4680,323077
4681,323000
4682,322923
4683,322846
4684,322769
4685,322692
4686,322615
4687,322538
4688,322462
4689,322385
4690,322308
4691,322231
4692,322155
4693,322078
4694,322001
4695,321925
4696,321848
4697,321772
4698,321695
4699,321619
4700,321543
4701,321466
4702,321390
4703,321314
4704,321237
4705,321161
4706,321085
4707,321009
4708,320932
4709,320856
4710,320780
4711,320704
4712,320628
4713,320552
4714,320476
4715,320400
4716,320324
4717,320249
4718,320173
4719,320097
4720,320021
4721,319945
4722,319870
4723,319794
4724,319718
4725,319643
4726,319567
4727,319492
4728,319416
4729,319341
4730,319265
4731,319190
4732,319115
4733,319039
4734,318964
4735,318889
4736,318813
4737,318738
4738,318663
4739,318588
4740,318513
4741,318438
4742,318363
4743,318287
4744,318212
4745,318138
4746,318063
4747,317988
4748,317913
4749,317838
4750,317763
4751,317688
4752,317614
4753,317539
4754,317464
4755,317390
4756,317315
4757,317240
4758,317166
4759,317091
4760,317017
4761,316942
4762,316868
4763,316794
4764,316719
4765,316645
4766,316570
4767,316496
4768,316422
4769,316348
4770,316274
4771,316199
4772,316125
4773,316051
4774,315977
4775,315903
4776,315829
4777,315755
4778,315681
4779,315607
4780,315533
4781,315460
4782,315386
4783,315312
4784,315238
4785,315165
4786,315091
4787,315017
4788,314944
4789,314870
4790,314796
4791,314723
4792,314649
4793,314576
4794,314503
4795,314429
4796,314356
4797,314282
4798,314209
4799,314136
4800,314062
4801,313989
4802,313916
4803,313843
4804,313770
4805,313697
4806,313624
4807,313551
4808,313478
4809,313405
4810,313332
4811,313259
4812,313186
4813,313113
4814,313040
4815,312967
4816,312895
4817,312822
4818,312749
4819,312676
4820,312604
4821,312531
4822,312459
4823,312386
4824,312313
4825,312241
4826,312168
4827,312096
4828,312024
4829,311951
4830,311879
4831,311807
4832,311734
4833,311662
4834,311590
4835,311518
4836,311445
4837,311373
4838,311301
4839,311229
4840,311157
4841,311085
4842,311013
4843,310941
4844,310869
4845,310797
4846,310725
4847,310653
4848,310582
4849,310510
4850,310438
4851,310366
4852,310295
4853,310223
4854,310151
4855,310080
4856,310008
4857,309937
4858,309865
4859,309794
4860,309722
4861,309651
4862,309579
4863,309508
4864,309437
4865,309365
4866,309294
4867,309223
4868,309152
4869,309080
4870,309009
4871,308938
4872,308867
4873,308796
4874,308725
4875,308654
4876,308583
4877,308512
4878,308441
4879,308370
4880,308299
4881,308228
4882,308158
4883,308087
4884,308016
4885,307945
4886,307875
4887,307804
4888,307733
4889,307663
4890,307592
4891,307521
4892,307451
4893,307380
4894,307310
4895,307240
4896,307169
4897,307099
4898,307028
4899,306958
4900,306888
4901,306817
4902,306747
4903,306677
4904,306607
4905,306537
4906,306467
4907,306396
4908,306326
4909,306256
4910,306186
4911,306116
4912,306046
4913,305976
4914,305907
4915,305837
4916,305767
4917,305697
4918,305627
4919,305558
4920,305488
4921,305418
4922,305348
4923,305279
4924,305209
4925,305140
4926,305070
4927,305001
4928,304931
4929,304862
4930,304792
4931,304723
4932,304653
4933,304584
4934,304515
4935,304445
4936,304376
4937,304307
4938,304238
4939,304168
4940,304099
4941,304030
4942,303961
4943,303892
4944,303823
4945,303754
4946,303685
4947,303616
4948,303547
4949,303478
4950,303409
4951,303340
4952,303271
4953,303203
4954,303134
4955,303065
4956,302996
4957,302928
4958,302859
4959,302790
4960,302722
4961,302653
4962,302585
4963,302516
4964,302448
4965,302379
4966,302311
4967,302242
4968,302174
4969,302106
4970,302037
4971,301969
4972,301901
4973,301832
4974,301764
4975,301696
4976,301628
4977,301560
4978,301492
4979,301423
4980,301355
4981,301287
4982,301219
4983,301151
4984,301083
4985,301016
4986,300948
4987,300880
4988,300812
4989,300744
4990,300676
4991,300609
4992,300541
4993,300473
4994,300405
4995,300338
4996,300270
4997,300203
4998,300135
4999,300068
5000,300000
5001,299940
5002,299880
5003,299820
5004,299760
5005,299700
5006,299640
5007,299581
5008,299521
5009,299461
5010,299401
5011,299341
5012,299282
5013,299222
5014,299162
5015,299103
5016,299043
5017,298983
5018,298924
5019,298864
5020,298805
5021,298745
5022,298686
5023,298626
5024,298567
5025,298507
5026,298448
5027,298389
5028,298329
5029,298270
5030,298211
5031,298151
5032,298092
5033,298033
5034,297974
5035,297915
5036,297855
5037,297796
5038,297737
5039,297678
5040,297619
5041,297560
5042,297501
5043,297442
5044,297383
5045,297324
5046,297265
5047,297206
5048,297147
5049,297089
5050,297030
5051,296971
5052,296912
5053,296853
5054,296795
5055,296736
5056,296677
5057,296619
5058,296560
5059,296501
5060,296443
5061,296384
5062,296326
5063,296267
5064,296209
5065,296150
5066,296092
5067,296033
5068,295975
5069,295916
5070,295858
5071,295800
5072,295741
5073,295683
5074,295625
5075,295567
5076,295508
5077,295450
5078,295392
5079,295334
5080,295276
5081,295217
5082,295159
5083,295101
5084,295043
5085,294985
5086,294927
5087,294869
5088,294811
5089,294753
5090,294695
5091,294638
5092,294580
5093,294522
5094,294464
5095,294406
5096,294349
5097,294291
5098,294233
5099,294175
5100,294118
5101,294060
5102,294002
5103,293945
5104,293887
5105,293830
5106,293772
5107,293715
5108,293657
5109,293600
5110,293542
5111,293485
5112,293427
5113,293370
5114,293312
5115,293255
5116,293198
5117,293141
5118,293083
5119,293026
5120,292969
5121,292912
5122,292854
5123,292797
5124,292740
5125,292683
5126,292626
5127,292569
5128,292512
5129,292455
5130,292398
5131,292341
5132,292284
5133,292227
5134,292170
5135,292113
5136,292056
5137,291999
5138,291942
5139,291886
5140,291829
5141,291772
5142,291715
5143,291659
5144,291602
5145,291545
5146,291489
5147,291432
5148,291375
5149,291319
5150,291262
5151,291206
5152,291149
5153,291093
5154,291036
5155,290980
5156,290923
5157,290867
5158,290810
5159,290754
5160,290698
5161,290641
5162,290585
5163,290529
5164,290473
5165,290416
5166,290360
5167,290304
5168,290248
5169,290192
5170,290135
5171,290079
5172,290023
5173,289967
5174,289911
5175,289855
5176,289799
5177,289743
5178,289687
5179,289631
5180,289575
5181,289519
5182,289464
5183,289408
5184,289352
5185,289296
5186,289240
5187,289184
5188,289129
5189,289073
5190,289017
5191,288962
5192,288906
5193,288850
5194,288795
5195,288739
5196,288684
5197,288628
5198,288573
5199,288517
5200,288462
5201,288406
5202,288351
5203,288295
5204,288240
5205,288184
5206,288129
5207,288074
5208,288018
5209,287963
5210,287908
5211,287853
5212,287797
5213,287742
5214,287687
5215,287632
5216,287577
5217,287522
5218,287466
5219,287411
5220,287356
5221,287301
5222,287246
5223,287191
5224,287136
5225,287081
5226,287026
5227,286971
5228,286917
5229,286862
5230,286807
5231,286752
5232,286697
5233,286642
5234,286588
5235,286533
5236,286478
5237,286424
5238,286369
5239,286314
5240,286260
5241,286205
5242,286150
5243,286096
5244,286041
5245,285987
5246,285932
5247,285878
5248,285823
5249,285769
5250,285714
5251,285660
5252,285605
5253,285551
5254,285497
5255,285442
5256,285388
5257,285334
5258,285280
5259,285225
5260,285171
5261,285117
5262,285063
5263,285009
5264,284954
5265,284900
5266,284846
5267,284792
5268,284738
5269,284684
5270,284630
5271,284576
5272,284522
5273,284468
5274,284414
5275,284360
5276,284306
5277,284252
5278,284199
5279,284145
5280,284091
5281,284037
5282,283983
5283,283930
5284,283876
5285,283822
5286,283768
5287,283715
5288,283661
5289,283607
5290,283554
5291,283500
5292,283447
5293,283393
5294,283340
5295,283286
5296,283233
5297,283179
5298,283126
5299,283072
5300,283019
5301,282965
5302,282912
5303,282859
5304,282805
5305,282752
5306,282699
5307,282646
5308,282592
5309,282539
5310,282486
5311,282433
5312,282380
5313,282326
5314,282273
5315,282220
5316,282167
5317,282114
5318,282061
5319,282008
5320,281955
5321,281902
5322,281849
5323,281796
5324,281743
5325,281690
5326,281637
5327,281584
5328,281532
5329,281479
5330,281426
5331,281373
5332,281320
5333,281268
5334,281215
5335,281162
5336,281109
5337,281057
5338,281004
5339,280951
5340,280899
5341,280846
5342,280794
5343,280741
5344,280689
5345,280636
5346,280584
5347,280531
5348,280479
5349,280426
5350,280374
5351,280321
5352,280269
5353,280217
5354,280164
5355,280112
5356,280060
5357,280007
5358,279955
5359,279903
5360,279851
5361,279799
5362,279746
5363,279694
5364,279642
5365,279590
5366,279538
5367,279486
5368,279434
5369,279382
5370,279330
5371,279278
5372,279226
5373,279174
5374,279122
5375,279070
5376,279018
5377,278966
5378,278914
5379,278862
5380,278810
5381,278759
5382,278707
5383,278655
5384,278603
5385,278552
5386,278500
5387,278448
5388,278396
5389,278345
5390,278293
5391,278242
5392,278190
5393,278138
5394,278087
5395,278035
5396,277984
5397,277932
5398,277881
5399,277829
5400,277778
5401,277726
5402,277675
5403,277624
5404,277572
5405,277521
5406,277469
5407,277418
5408,277367
5409,277316
5410,277264
5411,277213
5412,277162
5413,277111
5414,277059
5415,277008
5416,276957
5417,276906
5418,276855
5419,276804
5420,276753
5421,276702
5422,276651
5423,276600
5424,276549
5425,276498
5426,276447
5427,276396
5428,276345
5429,276294
5430,276243
5431,276192
5432,276141
5433,276091
5434,276040
5435,275989
5436,275938
5437,275887
5438,275837
5439,275786
5440,275735
5441,275685
5442,275634
5443,275583
5444,275533
5445,275482
5446,275432
5447,275381
5448,275330
5449,275280
5450,275229
5451,275179
5452,275128
5453,275078
5454,275028
5455,274977
5456,274927
5457,274876
5458,274826
5459,274776
5460,274725
5461,274675
5462,274625
5463,274574
5464,274524
5465,274474
5466,274424
5467,274374
5468,274323
5469,274273
5470,274223
5471,274173
5472,274123
5473,274073
5474,274023
5475,273973
5476,273923
5477,273873
5478,273823
5479,273773
5480,273723
5481,273673
5482,273623
5483,273573
5484,273523
5485,273473
5486,273423
5487,273373
5488,273324
5489,273274
5490,273224
5491,273174
5492,273125
5493,273075
5494,273025
5495,272975
5496,272926
5497,272876
5498,272826
5499,272777
5500,272727
5501,272678
5502,272628
5503,272579
5504,272529
5505,272480
5506,272430
5507,272381
5508,272331
5509,272282
5510,272232
5511,272183
5512,272134
5513,272084
5514,272035
5515,271985
5516,271936
5517,271887
5518,271838
5519,271788
5520,271739
5521,271690
5522,271641
5523,271592
5524,271542
5525,271493
5526,271444
5527,271395
5528,271346
5529,271297
5530,271248
5531,271199
5532,271150
5533,271101
5534,271052
5535,271003
5536,270954
5537,270905
5538,270856
5539,270807
5540,270758
5541,270709
5542,270660
5543,270612
5544,270563
5545,270514
5546,270465
5547,270416
5548,270368
5549,270319
5550,270270
5551,270222
5552,270173
5553,270124
5554,270076
5555,270027
5556,269978
5557,269930
5558,269881
5559,269833
5560,269784
5561,269736
5562,269687
5563,269639
5564,269590
5565,269542
5566,269493
5567,269445
5568,269397
5569,269348
5570,269300
5571,269251
5572,269203
5573,269155
5574,269107
5575,269058
5576,269010
5577,268962
5578,268914
5579,268865
5580,268817
5581,268769
5582,268721
5583,268673
5584,268625
5585,268577
5586,268528
5587,268480
5588,268432
5589,268384
5590,268336
5591,268288
5592,268240
5593,268192
5594,268144
5595,268097
5596,268049
5597,268001
5598,267953
5599,267905
5600,267857
5601,267809
5602,267762
5603,267714
5604,267666
5605,267618
5606,267570
5607,267523
5608,267475
5609,267427
5610,267380
5611,267332
5612,267284
5613,267237
5614,267189
5615,267142
5616,267094
5617,267046
5618,266999
5619,266951
5620,266904
5621,266856
5622,266809
5623,266762
5624,266714
5625,266667
5626,266619
5627,266572
5628,266525
5629,266477
5630,266430
5631,266383
5632,266335
5633,266288
5634,266241
5635,266193
5636,266146
5637,266099
5638,266052
5639,266005
5640,265957
5641,265910
5642,265863
5643,265816
5644,265769
5645,265722
5646,265675
5647,265628
5648,265581
5649,265534
5650,265487
5651,265440
5652,265393
5653,265346
5654,265299
5655,265252
5656,265205
5657,265158
5658,265111
5659,265064
5660,265018
5661,264971
5662,264924
5663,264877
5664,264831
5665,264784
5666,264737
5667,264690
5668,264644
5669,264597
5670,264550
5671,264504
5672,264457
5673,264410
5674,264364
5675,264317
5676,264271
5677,264224
5678,264178
5679,264131
5680,264085
5681,264038
5682,263992
5683,263945
5684,263899
5685,263852
5686,263806
5687,263759
5688,263713
5689,263667
5690,263620
5691,263574
5692,263528
5693,263481
5694,263435
5695,263389
5696,263343
5697,263296
5698,263250
5699,263204
5700,263158
5701,263112
5702,263066
5703,263019
5704,262973
5705,262927
5706,262881
5707,262835
5708,262789
5709,262743
5710,262697
5711,262651
5712,262605
5713,262559
5714,262513
5715,262467
5716,262421
5717,262375
5718,262329
5719,262284
5720,262238
5721,262192
5722,262146
5723,262100
5724,262055
5725,262009
5726,261963
5727,261917
5728,261872
5729,261826
5730,261780
5731,261734
5732,261689
5733,261643
5734,261597
5735,261552
5736,261506
5737,261461
5738,261415
5739,261370
5740,261324
5741,261279
5742,261233
5743,261188
5744,261142
5745,261097
5746,261051
5747,261006
5748,260960
5749,260915
5750,260870
5751,260824
5752,260779
5753,260734
5754,260688
5755,260643
5756,260598
5757,260552
5758,260507
5759,260462
5760,260417
5761,260371
5762,260326
5763,260281
5764,260236
5765,260191
5766,260146
5767,260101
5768,260055
5769,260010
5770,259965
5771,259920
5772,259875
5773,259830
5774,259785
5775,259740
5776,259695
5777,259650
5778,259605
5779,259560
5780,259516
5781,259471
5782,259426
5783,259381
5784,259336
5785,259291
5786,259246
5787,259202
5788,259157
5789,259112
5790,259067
5791,259023
5792,258978
5793,258933
5794,258889
5795,258844
5796,258799
5797,258755
5798,258710
5799,258665
5800,258621
5801,258576
5802,258532
5803,258487
5804,258442
5805,258398
5806,258353
5807,258309
5808,258264
5809,258220
5810,258176
5811,258131
5812,258087
5813,258042
5814,257998
5815,257954
5816,257909
5817,257865
5818,257821
5819,257776
5820,257732
5821,257688
5822,257643
5823,257599
5824,257555
5825,257511
5826,257467
5827,257422
5828,257378
5829,257334
5830,257290
5831,257246
5832,257202
5833,257158
5834,257113
5835,257069
5836,257025
5837,256981
5838,256937
5839,256893
5840,256849
5841,256805
5842,256761
5843,256717
5844,256674
5845,256630
5846,256586
5847,256542
5848,256498
5849,256454
5850,256410
5851,256366
5852,256323
5853,256279
5854,256235
5855,256191
5856,256148
5857,256104
5858,256060
5859,256016
5860,255973
5861,255929
5862,255885
5863,255842
5864,255798
5865,255754
5866,255711
5867,255667
5868,255624
5869,255580
5870,255537
5871,255493
5872,255450
5873,255406
5874,255363
5875,255319
5876,255276
5877,255232
5878,255189
5879,255145
5880,255102
5881,255059
5882,255015
5883,254972
5884,254929
5885,254885
5886,254842
5887,254799
5888,254755
5889,254712
5890,254669
5891,254626
5892,254582
5893,254539
5894,254496
5895,254453
5896,254410
5897,254367
5898,254323
5899,254280
5900,254237
5901,254194
5902,254151
5903,254108
5904,254065
5905,254022
5906,253979
5907,253936
5908,253893
5909,253850
5910,253807
5911,253764
5912,253721
5913,253678
5914,253635
5915,253593
5916,253550
5917,253507
5918,253464
5919,253421
5920,253378
5921,253336
5922,253293
5923,253250
5924,253207
5925,253165
5926,253122
5927,253079
5928,253036
5929,252994
5930,252951
5931,252908
5932,252866
5933,252823
5934,252781
5935,252738
5936,252695
5937,252653
5938,252610
5939,252568
5940,252525
5941,252483
5942,252440
5943,252398
5944,252355
5945,252313
5946,252270
5947,252228
5948,252186
5949,252143
5950,252101
5951,252058
5952,252016
5953,251974
5954,251931
5955,251889
5956,251847
5957,251805
5958,251762
5959,251720
5960,251678
5961,251636
5962,251593
5963,251551
5964,251509
5965,251467
5966,251425
5967,251383
5968,251340
5969,251298
5970,251256
5971,251214
5972,251172
5973,251130
5974,251088
5975,251046
5976,251004
5977,250962
5978,250920
5979,250878
5980,250836
5981,250794
5982,250752
5983,250710
5984,250668
5985,250627
5986,250585
5987,250543
5988,250501
5989,250459
5990,250417
5991,250376
5992,250334
5993,250292
5994,250250
5995,250209
5996,250167
5997,250125
5998,250083
5999,250042
6000,250000
6001,249958
6002,249917
6003,249875
6004,249833
6005,249792
6006,249750
6007,249709
6008,249667
6009,249626
6010,249584
6011,249543
6012,249501
6013,249460
6014,249418
6015,249377
6016,249335
6017,249294
6018,249252
6019,249211
6020,249169
6021,249128
6022,249087
6023,249045
6024,249004
6025,248963
6026,248921
6027,248880
6028,248839
6029,248797
6030,248756
6031,248715
6032,248674
6033,248633
6034,248591
6035,248550
6036,248509
6037,248468
6038,248427
6039,248385
6040,248344
6041,248303
6042,248262
6043,248221
6044,248180
6045,248139
6046,248098
6047,248057
6048,248016
6049,247975
6050,247934
6051,247893
6052,247852
6053,247811
6054,247770
6055,247729
6056,247688
6057,247647
6058,247606
6059,247566
6060,247525
6061,247484
6062,247443
6063,247402
6064,247361
6065,247321
6066,247280
6067,247239
6068,247198
6069,247158
6070,247117
6071,247076
6072,247036
6073,246995
6074,246954
6075,246914
6076,246873
6077,246832
6078,246792
6079,246751
6080,246711
6081,246670
6082,246629
6083,246589
6084,246548
6085,246508
6086,246467
6087,246427
6088,246386
6089,246346
6090,246305
6091,246265
6092,246225
6093,246184
6094,246144
6095,246103
6096,246063
6097,246023
6098,245982
6099,245942
6100,245902
6101,245861
6102,245821
6103,245781
6104,245740
6105,245700
6106,245660
6107,245620
6108,245580
6109,245539
6110,245499
6111,245459
6112,245419
6113,245379
6114,245339
6115,245298
6116,245258
6117,245218
6118,245178
6119,245138
6120,245098
6121,245058
6122,245018
6123,244978
6124,244938
6125,244898
6126,244858
6127,244818
6128,244778
6129,244738
6130,244698
6131,244658
6132,244618
6133,244579
6134,244539
6135,244499
6136,244459
6137,244419
6138,244379
6139,244339
6140,244300
6141,244260
6142,244220
6143,244180
6144,244141
6145,244101
6146,244061
6147,244021
6148,243982
6149,243942
6150,243902
6151,243863
6152,243823
6153,243784
6154,243744
6155,243704
6156,243665
6157,243625
6158,243586
6159,243546
6160,243506
6161,243467
6162,243427
6163,243388
6164,243348
6165,243309
6166,243270
6167,243230
6168,243191
6169,243151
6170,243112
6171,243072
6172,243033
6173,242994
6174,242954
6175,242915
6176,242876
6177,242836
6178,242797
6179,242758
6180,242718
6181,242679
6182,242640
6183,242601
6184,242561
6185,242522
6186,242483
6187,242444
6188,242405
6189,242365
6190,242326
6191,242287
6192,242248
6193,242209
6194,242170
6195,242131
6196,242092
6197,242053
6198,242014
6199,241975
6200,241935
6201,241896
6202,241857
6203,241818
6204,241779
6205,241741
6206,241702
6207,241663
6208,241624
6209,241585
6210,241546
6211,241507
6212,241468
6213,241429
6214,241390
6215,241352
6216,241313
6217,241274
6218,241235
6219,241196
6220,241158
6221,241119
6222,241080
6223,241041
6224,241003
6225,240964
6226,240925
6227,240886
6228,240848
6229,240809
6230,240770
6231,240732
6232,240693
6233,240655
6234,240616
6235,240577
6236,240539
6237,240500
6238,240462
6239,240423
6240,240385
6241,240346
6242,240308
6243,240269
6244,240231
6245,240192
6246,240154
6247,240115
6248,240077
6249,240038
6250,240000
6251,239962
6252,239923
6253,239885
6254,239846
6255,239808
6256,239770
6257,239732
6258,239693
6259,239655
6260,239617
6261,239578
6262,239540
6263,239502
6264,239464
6265,239425
6266,239387
6267,239349
6268,239311
6269,239273
6270,239234
6271,239196
6272,239158
6273,239120
6274,239082
6275,239044
6276,239006
6277,238968
6278,238930
6279,238892
6280,238854
6281,238815
6282,238777
6283,238739
6284,238701
6285,238663
6286,238626
6287,238588
6288,238550
6289,238512
6290,238474
6291,238436
6292,238398
6293,238360
6294,238322
6295,238284
6296,238247
6297,238209
6298,238171
6299,238133
6300,238095
6301,238057
6302,238020
6303,237982
6304,237944
6305,237906
6306,237869
6307,237831
6308,237793
6309,237756
6310,237718
6311,237680
6312,237643
6313,237605
6314,237567
6315,237530
6316,237492
6317,237454
6318,237417
6319,237379
6320,237342
6321,237304
6322,237267
6323,237229
6324,237192
6325,237154
6326,237117
6327,237079
6328,237042
6329,237004
6330,236967
6331,236929
6332,236892
6333,236855
6334,236817
6335,236780
6336,236742
6337,236705
6338,236668
6339,236630
6340,236593
6341,236556
6342,236518
6343,236481
6344,236444
6345,236407
6346,236369
6347,236332
6348,236295
6349,236258
6350,236220
6351,236183
6352,236146
6353,236109
6354,236072
6355,236035
6356,235997
6357,235960
6358,235923
6359,235886
6360,235849
6361,235812
6362,235775
6363,235738
6364,235701
6365,235664
6366,235627
6367,235590
6368,235553
6369,235516
6370,235479
6371,235442
6372,235405
6373,235368
6374,235331
6375,235294
6376,235257
6377,235220
6378,235183
6379,235147
6380,235110
6381,235073
6382,235036
6383,234999
6384,234962
6385,234926
6386,234889
6387,234852
6388,234815
6389,234779
6390,234742
6391,234705
6392,234668
6393,234632
6394,234595
6395,234558
6396,234522
6397,234485
6398,234448
6399,234412
6400,234375
6401,234338
6402,234302
6403,234265
6404,234229
6405,234192
6406,234155
6407,234119
6408,234082
6409,234046
6410,234009
6411,233973
6412,233936
6413,233900
6414,233863
6415,233827
6416,233791
6417,233754
6418,233718
6419,233681
6420,233645
6421,233608
6422,233572
6423,233536
6424,233499
6425,233463
6426,233427
6427,233390
6428,233354
6429,233318
6430,233281
6431,233245
6432,233209
6433,233173
6434,233136
6435,233100
6436,233064
6437,233028
6438,232992
6439,232955
6440,232919
6441,232883
6442,232847
6443,232811
6444,232775
6445,232739
6446,232702
6447,232666
6448,232630
6449,232594
6450,232558
6451,232522
6452,232486
6453,232450
6454,232414
6455,232378
6456,232342
6457,232306
6458,232270
6459,232234
6460,232198
6461,232162
6462,232126
6463,232090
6464,232054
6465,232019
6466,231983
6467,231947
6468,231911
6469,231875
6470,231839
6471,231803
6472,231768
6473,231732
6474,231696
6475,231660
6476,231624
6477,231589
6478,231553
6479,231517
6480,231481
6481,231446
6482,231410
6483,231374
6484,231339
6485,231303
6486,231267
6487,231232
6488,231196
6489,231160
6490,231125
6491,231089
6492,231054
6493,231018
6494,230982
6495,230947
6496,230911
6497,230876
6498,230840
6499,230805
6500,230769
6501,230734
6502,230698
6503,230663
6504,230627
6505,230592
6506,230556
6507,230521
6508,230486
6509,230450
6510,230415
6511,230379
6512,230344
6513,230309
6514,230273
6515,230238
6516,230203
6517,230167
6518,230132
6519,230097
6520,230061
6521,230026
6522,229991
6523,229956
6524,229920
6525,229885
6526,229850
6527,229815
6528,229779
6529,229744
6530,229709
6531,229674
6532,229639
6533,229604
6534,229568
6535,229533
6536,229498
6537,229463
6538,229428
6539,229393
6540,229358
6541,229323
6542,229288
6543,229253
6544,229218
6545,229183
6546,229148
6547,229113
6548,229078
6549,229043
6550,229008
6551,228973
6552,228938
6553,228903
6554,228868
6555,228833
6556,228798
6557,228763
6558,228728
6559,228693
6560,228659
6561,228624
6562,228589
6563,228554
6564,228519
6565,228484
6566,228450
6567,228415
6568,228380
6569,228345
6570,228311
6571,228276
6572,228241
6573,228206
6574,228172
6575,228137
6576,228102
6577,228068
6578,228033
6579,227998
6580,227964
6581,227929
6582,227894
6583,227860
6584,227825
6585,227790
6586,227756
6587,227721
6588,227687
6589,227652
6590,227618
6591,227583
6592,227549
6593,227514
6594,227480
6595,227445
6596,227411
6597,227376
6598,227342
6599,227307
6600,227273
6601,227238
6602,227204
6603,227169
6604,227135
6605,227101
6606,227066
6607,227032
6608,226998
6609,226963
6610,226929
6611,226895
6612,226860
6613,226826
6614,226792
6615,226757
6616,226723
6617,226689
6618,226655
6619,226620
6620,226586
6621,226552
6622,226518
6623,226483
6624,226449
6625,226415
6626,226381
6627,226347
6628,226313
6629,226278
6630,226244
6631,226210
6632,226176
6633,226142
6634,226108
6635,226074
6636,226040
6637,226006
6638,225972
6639,225938
6640,225904
6641,225870
6642,225836
6643,225802
6644,225768
6645,225734
6646,225700
6647,225666
6648,225632
6649,225598
6650,225564
6651,225530
6652,225496
6653,225462
6654,225428
6655,225394
6656,225361
6657,225327
6658,225293
6659,225259
6660,225225
6661,225191
6662,225158
6663,225124
6664,225090
6665,225056
6666,225023
6667,224989
6668,224955
6669,224921
6670,224888
6671,224854
6672,224820
6673,224786
6674,224753
6675,224719
6676,224685
6677,224652
6678,224618
6679,224585
6680,224551
6681,224517
6682,224484
6683,224450
6684,224417
6685,224383
6686,224349
6687,224316
6688,224282
6689,224249
6690,224215
6691,224182
6692,224148
6693,224115
6694,224081
6695,224048
6696,224014
6697,223981
6698,223947
6699,223914
6700,223881
6701,223847
6702,223814
6703,223780
6704,223747
6705,223714
6706,223680
6707,223647
6708,223614
6709,223580
6710,223547
6711,223514
6712,223480
6713,223447
6714,223414
6715,223380
6716,223347
6717,223314
6718,223281
6719,223248
6720,223214
6721,223181
6722,223148
6723,223115
6724,223081
6725,223048
6726,223015
6727,222982
6728,222949
6729,222916
6730,222883
6731,222850
6732,222816
6733,222783
6734,222750
6735,222717
6736,222684
6737,222651
6738,222618
6739,222585
6740,222552
6741,222519
6742,222486
6743,222453
6744,222420
6745,222387
6746,222354
6747,222321
6748,222288
6749,222255
6750,222222
6751,222189
6752,222156
6753,222124
6754,222091
6755,222058
6756,222025
6757,221992
6758,221959
6759,221926
6760,221893
6761,221861
6762,221828
6763,221795
6764,221762
6765,221729
6766,221697
6767,221664
6768,221631
6769,221598
6770,221566
6771,221533
6772,221500
6773,221468
6774,221435
6775,221402
6776,221370
6777,221337
6778,221304
6779,221272
6780,221239
6781,221206
6782,221174
6783,221141
6784,221108
6785,221076
6786,221043
6787,221011
6788,220978
6789,220946
6790,220913
6791,220881
6792,220848
6793,220816
6794,220783
6795,220751
6796,220718
6797,220686
6798,220653
6799,220621
6800,220588
6801,220556
6802,220523
6803,220491
6804,220459
6805,220426
6806,220394
6807,220361
6808,220329
6809,220297
6810,220264
6811,220232
6812,220200
6813,220167
6814,220135
6815,220103
6816,220070
6817,220038
6818,220006
6819,219974
6820,219941
6821,219909
6822,219877
6823,219845
6824,219812
6825,219780
6826,219748
6827,219716
6828,219684
6829,219651
6830,219619
6831,219587
6832,219555
6833,219523
6834,219491
6835,219459
6836,219427
6837,219394
6838,219362
6839,219330
6840,219298
6841,219266
6842,219234
6843,219202
6844,219170
6845,219138
6846,219106
6847,219074
6848,219042
6849,219010
6850,218978
6851,218946
6852,218914
6853,218882
6854,218850
6855,218818
6856,218786
6857,218755
6858,218723
6859,218691
6860,218659
6861,218627
6862,218595
6863,218563
6864,218531
6865,218500
6866,218468
6867,218436
6868,218404
6869,218372
6870,218341
6871,218309
6872,218277
6873,218245
6874,218214
6875,218182
6876,218150
6877,218118
6878,218087
6879,218055
6880,218023
6881,217992
6882,217960
6883,217928
6884,217897
6885,217865
6886,217833
6887,217802
6888,217770
6889,217738
6890,217707
6891,217675
6892,217644
6893,217612
6894,217581
6895,217549
6896,217517
6897,217486
6898,217454
6899,217423
6900,217391
6901,217360
6902,217328
6903,217297
6904,217265
6905,217234
6906,217202
6907,217171
6908,217140
6909,217108
6910,217077
6911,217045
6912,217014
6913,216982
6914,216951
6915,216920
6916,216888
6917,216857
6918,216826
6919,216794
6920,216763
6921,216732
6922,216700
6923,216669
6924,216638
6925,216606
6926,216575
6927,216544
6928,216513
6929,216481
6930,216450
6931,216419
6932,216388
6933,216357
6934,216325
6935,216294
6936,216263
6937,216232
6938,216201
6939,216169
6940,216138
6941,216107
6942,216076
6943,216045
6944,216014
6945,215983
6946,215952
6947,215921
6948,215889
6949,215858
6950,215827
6951,215796
6952,215765
6953,215734
6954,215703
6955,215672
6956,215641
6957,215610
6958,215579
6959,215548
6960,215517
6961,215486
6962,215455
6963,215424
6964,215393
6965,215363
6966,215332
6967,215301
6968,215270
6969,215239
6970,215208
6971,215177
6972,215146
6973,215115
6974,215085
6975,215054
6976,215023
6977,214992
6978,214961
6979,214931
6980,214900
6981,214869
6982,214838
6983,214807
6984,214777
6985,214746
6986,214715
6987,214684
6988,214654
6989,214623
6990,214592
6991,214562
6992,214531
6993,214500
6994,214470
6995,214439
6996,214408
6997,214378
6998,214347
6999,214316
7000,214286
7001,214255
7002,214225
7003,214194
7004,214163
7005,214133
7006,214102
7007,214072
7008,214041
7009,214011
7010,213980
7011,213950
7012,213919
7013,213888
7014,213858
7015,213828
7016,213797
7017,213767
7018,213736
7019,213706
7020,213675
7021,213645
7022,213614
7023,213584
7024,213554
7025,213523
7026,213493
7027,213462
7028,213432
7029,213402
7030,213371
7031,213341
7032,213311
7033,213280
7034,213250
7035,213220
7036,213189
7037,213159
7038,213129
7039,213098
7040,213068
7041,213038
7042,213008
7043,212977
7044,212947
7045,212917
7046,212887
7047,212857
7048,212826
7049,212796
7050,212766
7051,212736
7052,212706
7053,212675
7054,212645
7055,212615
7056,212585
7057,212555
7058,212525
7059,212495
7060,212465
7061,212434
7062,212404
7063,212374
7064,212344
7065,212314
7066,212284
7067,212254
7068,212224
7069,212194
7070,212164
7071,212134
7072,212104
7073,212074
7074,212044
7075,212014
7076,211984
7077,211954
7078,211924
7079,211894
7080,211864
7081,211834
7082,211805
7083,211775
7084,211745
7085,211715
7086,211685
7087,211655
7088,211625
7089,211595
7090,211566
7091,211536
7092,211506
7093,211476
7094,211446
7095,211416
7096,211387
7097,211357
7098,211327
7099,211297
7100,211268
7101,211238
7102,211208
7103,211178
7104,211149
7105,211119
7106,211089
7107,211060
7108,211030
7109,211000
7110,210970
7111,210941
7112,210911
7113,210881
7114,210852
7115,210822
7116,210793
7117,210763
7118,210733
7119,210704
7120,210674
7121,210645
7122,210615
7123,210585
7124,210556
7125,210526
7126,210497
7127,210467
7128,210438
7129,210408
7130,210379
7131,210349
7132,210320
7133,210290
7134,210261
7135,210231
7136,210202
7137,210172
7138,210143
7139,210113
7140,210084
7141,210055
7142,210025
7143,209996
7144,209966
7145,209937
7146,209908
7147,209878
7148,209849
7149,209820
7150,209790
7151,209761
7152,209732
7153,209702
7154,209673
7155,209644
7156,209614
7157,209585
7158,209556
7159,209526
7160,209497
7161,209468
7162,209439
7163,209409
7164,209380
7165,209351
7166,209322
7167,209293
7168,209263
7169,209234
7170,209205
7171,209176
7172,209147
7173,209118
7174,209088
7175,209059
7176,209030
7177,209001
7178,208972
7179,208943
7180,208914
7181,208885
7182,208855
7183,208826
7184,208797
7185,208768
7186,208739
7187,208710
7188,208681
7189,208652
7190,208623
7191,208594
7192,208565
7193,208536
7194,208507
7195,208478
7196,208449
7197,208420
7198,208391
7199,208362
7200,208333
7201,208304
7202,208275
7203,208247
7204,208218
7205,208189
7206,208160
7207,208131
7208,208102
7209,208073
7210,208044
7211,208016
7212,207987
7213,207958
7214,207929
7215,207900
7216,207871
7217,207843
7218,207814
7219,207785
7220,207756
7221,207727
7222,207699
7223,207670
7224,207641
7225,207612
7226,207584
7227,207555
7228,207526
7229,207498
7230,207469
7231,207440
7232,207412
7233,207383
7234,207354
7235,207326
7236,207297
7237,207268
7238,207240
7239,207211
7240,207182
7241,207154
7242,207125
7243,207097
7244,207068
7245,207039
7246,207011
7247,206982
7248,206954
7249,206925
7250,206897
7251,206868
7252,206839
7253,206811
7254,206782
7255,206754
7256,206725
7257,206697
7258,206669
7259,206640
7260,206612
7261,206583
7262,206555
7263,206526
7264,206498
7265,206469
7266,206441
7267,206413
7268,206384
7269,206356
7270,206327
7271,206299
7272,206271
7273,206242
7274,206214
7275,206186
7276,206157
7277,206129
7278,206101
7279,206072
7280,206044
7281,206016
7282,205987
7283,205959
7284,205931
7285,205903
7286,205874
7287,205846
7288,205818
7289,205790
7290,205761
7291,205733
7292,205705
7293,205677
7294,205648
7295,205620
7296,205592
7297,205564
7298,205536
7299,205508
7300,205479
7301,205451
7302,205423
7303,205395
7304,205367
7305,205339
7306,205311
7307,205283
7308,205255
7309,205226
7310,205198
7311,205170
7312,205142
7313,205114
7314,205086
7315,205058
7316,205030
7317,205002
7318,204974
7319,204946
7320,204918
7321,204890
7322,204862
7323,204834
7324,204806
7325,204778
7326,204750
7327,204722
7328,204694
7329,204666
7330,204638
7331,204611
7332,204583
7333,204555
7334,204527
7335,204499
7336,204471
7337,204443
7338,204415
7339,204388
7340,204360
7341,204332
7342,204304
7343,204276
7344,204248
7345,204221
7346,204193
7347,204165
7348,204137
7349,204109
7350,204082
7351,204054
7352,204026
7353,203998
7354,203971
7355,203943
7356,203915
7357,203887
7358,203860
7359,203832
7360,203804
7361,203777
7362,203749
7363,203721
7364,203694
7365,203666
7366,203638
7367,203611
7368,203583
7369,203555
7370,203528
7371,203500
7372,203473
7373,203445
7374,203417
7375,203390
7376,203362
7377,203335
7378,203307
7379,203280
7380,203252
7381,203224
7382,203197
7383,203169
7384,203142
7385,203114
7386,203087
7387,203059
7388,203032
7389,203004
7390,202977
7391,202950
7392,202922
7393,202895
7394,202867
7395,202840
7396,202812
7397,202785
7398,202758
7399,202730
7400,202703
7401,202675
7402,202648
7403,202621
7404,202593
7405,202566
7406,202538
7407,202511
7408,202484
7409,202456
7410,202429
7411,202402
7412,202375
7413,202347
7414,202320
7415,202293
7416,202265
7417,202238
7418,202211
7419,202184
7420,202156
7421,202129
7422,202102
7423,202075
7424,202047
7425,202020
7426,201993
7427,201966
7428,201939
7429,201911
7430,201884
7431,201857
7432,201830
7433,201803
7434,201776
7435,201748
7436,201721
7437,201694
7438,201667
7439,201640
7440,201613
7441,201586
7442,201559
7443,201532
7444,201505
7445,201478
7446,201450
7447,201423
7448,201396
7449,201369
7450,201342
7451,201315
7452,201288
7453,201261
7454,201234
7455,201207
7456,201180
7457,201153
7458,201126
7459,201099
7460,201072
7461,201045
7462,201018
7463,200992
7464,200965
7465,200938
7466,200911
7467,200884
7468,200857
7469,200830
7470,200803
7471,200776
7472,200749
7473,200723
7474,200696
7475,200669
7476,200642
7477,200615
7478,200588
7479,200562
7480,200535
7481,200508
7482,200481
7483,200454
7484,200428
7485,200401
7486,200374
7487,200347
7488,200321
7489,200294
7490,200267
7491,200240
7492,200214
7493,200187
7494,200160
7495,200133
7496,200107
7497,200080
7498,200053
7499,200027
7500,200000
7501,199973
7502,199947
7503,199920
7504,199893
7505,199867
7506,199840
7507,199814
7508,199787
7509,199760
7510,199734
7511,199707
7512,199681
7513,199654
7514,199627
7515,199601
7516,199574
7517,199548
7518,199521
7519,199495
7520,199468
7521,199442
7522,199415
7523,199389
7524,199362
7525,199336
7526,199309
7527,199283
7528,199256
7529,199230
7530,199203
7531,199177
7532,199150
7533,199124
7534,199097
7535,199071
7536,199045
7537,199018
7538,198992
7539,198965
7540,198939
7541,198913
7542,198886
7543,198860
7544,198834
7545,198807
7546,198781
7547,198754
7548,198728
7549,198702
7550,198675
7551,198649
7552,198623
7553,198597
7554,198570
7555,198544
7556,198518
7557,198491
7558,198465
7559,198439
7560,198413
7561,198386
7562,198360
7563,198334
7564,198308
7565,198282
7566,198255
7567,198229
7568,198203
7569,198177
7570,198151
7571,198124
7572,198098
7573,198072
7574,198046
7575,198020
7576,197994
7577,197968
7578,197941
7579,197915
7580,197889
7581,197863
7582,197837
7583,197811
7584,197785
7585,197759
7586,197733
7587,197707
7588,197681
7589,197654
7590,197628
7591,197602
7592,197576
7593,197550
7594,197524
7595,197498
7596,197472
7597,197446
7598,197420
7599,197394
7600,197368
7601,197342
7602,197316
7603,197291
7604,197265
7605,197239
7606,197213
7607,197187
7608,197161
7609,197135
7610,197109
7611,197083
7612,197057
7613,197031
7614,197006
7615,196980
7616,196954
7617,196928
7618,196902
7619,196876
7620,196850
7621,196825
7622,196799
7623,196773
7624,196747
7625,196721
7626,196696
7627,196670
7628,196644
7629,196618
7630,196592
7631,196567
7632,196541
7633,196515
7634,196489
7635,196464
7636,196438
7637,196412
7638,196386
7639,196361
7640,196335
7641,196309
7642,196284
7643,196258
7644,196232
7645,196207
7646,196181
7647,196155
7648,196130
7649,196104
7650,196078
7651,196053
7652,196027
7653,196002
7654,195976
7655,195950
7656,195925
7657,195899
7658,195874
7659,195848
7660,195822
7661,195797
7662,195771
7663,195746
7664,195720
7665,195695
7666,195669
7667,195644
7668,195618
7669,195593
7670,195567
7671,195542
7672,195516
7673,195491
7674,195465
7675,195440
7676,195414
7677,195389
7678,195363
7679,195338
7680,195313
7681,195287
7682,195262
7683,195236
7684,195211
7685,195185
7686,195160
7687,195135
7688,195109
7689,195084
7690,195059
7691,195033
7692,195008
7693,194982
7694,194957
7695,194932
7696,194906
7697,194881
7698,194856
7699,194830
7700,194805
7701,194780
7702,194755
7703,194729
7704,194704
7705,194679
7706,194654
7707,194628
7708,194603
7709,194578
7710,194553
7711,194527
7712,194502
7713,194477
7714,194452
7715,194426
7716,194401
7717,194376
7718,194351
7719,194326
7720,194301
7721,194275
7722,194250
7723,194225
7724,194200
7725,194175
7726,194150
7727,194124
7728,194099
7729,194074
7730,194049
7731,194024
7732,193999
7733,193974
7734,193949
7735,193924
7736,193899
7737,193874
7738,193849
7739,193823
7740,193798
7741,193773
7742,193748
7743,193723
7744,193698
7745,193673
7746,193648
7747,193623
7748,193598
7749,193573
7750,193548
7751,193523
7752,193498
7753,193473
7754,193449
7755,193424
7756,193399
7757,193374
7758,193349
7759,193324
7760,193299
7761,193274
7762,193249
7763,193224
7764,193199
7765,193175
7766,193150
7767,193125
7768,193100
7769,193075
7770,193050
7771,193025
7772,193001
7773,192976
7774,192951
7775,192926
7776,192901
7777,192876
7778,192852
7779,192827
7780,192802
7781,192777
7782,192753
7783,192728
7784,192703
7785,192678
7786,192653
7787,192629
7788,192604
7789,192579
7790,192555
7791,192530
7792,192505
7793,192480
7794,192456
7795,192431
7796,192406
7797,192382
7798,192357
7799,192332
7800,192308
7801,192283
7802,192258
7803,192234
7804,192209
7805,192184
7806,192160
7807,192135
7808,192111
7809,192086
7810,192061
7811,192037
7812,192012
7813,191988
7814,191963
7815,191939
7816,191914
7817,191889
7818,191865
7819,191840
7820,191816
7821,191791
7822,191767
7823,191742
7824,191718
7825,191693
7826,191669
7827,191644
7828,191620
7829,191595
7830,191571
7831,191546
7832,191522
7833,191498
7834,191473
7835,191449
7836,191424
7837,191400
7838,191375
7839,191351
7840,191327
7841,191302
7842,191278
7843,191253
7844,191229
7845,191205
7846,191180
7847,191156
7848,191131
7849,191107
7850,191083
7851,191058
7852,191034
7853,191010
7854,190985
7855,190961
7856,190937
7857,190913
7858,190888
7859,190864
7860,190840
7861,190815
7862,190791
7863,190767
7864,190743
7865,190718
7866,190694
7867,190670
7868,190646
7869,190621
7870,190597
7871,190573
7872,190549
7873,190525
7874,190500
7875,190476
7876,190452
7877,190428
7878,190404
7879,190379
7880,190355
7881,190331
7882,190307
7883,190283
7884,190259
7885,190235
7886,190210
7887,190186
7888,190162
7889,190138
7890,190114
7891,190090
7892,190066
7893,190042
7894,190018
7895,189994
7896,189970
7897,189946
7898,189921
7899,189897
7900,189873
7901,189849
7902,189825
7903,189801
7904,189777
7905,189753
7906,189729
7907,189705
7908,189681
7909,189657
7910,189633
7911,189609
7912,189585
7913,189561
7914,189538
7915,189514
7916,189490
7917,189466
7918,189442
7919,189418
7920,189394
7921,189370
7922,189346
7923,189322
7924,189298
7925,189274
7926,189251
7927,189227
7928,189203
7929,189179
7930,189155
7931,189131
7932,189107
7933,189084
7934,189060
7935,189036
7936,189012
7937,188988
7938,188964
7939,188941
7940,188917
7941,188893
7942,188869
7943,188846
7944,188822
7945,188798
7946,188774
7947,188750
7948,188727
7949,188703
7950,188679
7951,188656
7952,188632
7953,188608
7954,188584
7955,188561
7956,188537
7957,188513
7958,188490
7959,188466
7960,188442
7961,188419
7962,188395
7963,188371
7964,188348
7965,188324
7966,188300
7967,188277
7968,188253
7969,188229
7970,188206
7971,188182
7972,188159
7973,188135
7974,188111
7975,188088
7976,188064
7977,188041
7978,188017
7979,187993
7980,187970
7981,187946
7982,187923
7983,187899
7984,187876
7985,187852
7986,187829
7987,187805
7988,187782
7989,187758
7990,187735
7991,187711
7992,187688
7993,187664
7994,187641
7995,187617
7996,187594
7997,187570
7998,187547
7999,187523
8000,187500
8001,187477
8002,187453
8003,187430
8004,187406
8005,187383
8006,187359
8007,187336
8008,187313
8009,187289
8010,187266
8011,187243
8012,187219
8013,187196
8014,187172
8015,187149
8016,187126
8017,187102
8018,187079
8019,187056
8020,187032
8021,187009
8022,186986
8023,186962
8024,186939
8025,186916
8026,186893
8027,186869
8028,186846
8029,186823
8030,186800
8031,186776
8032,186753
8033,186730
8034,186706
8035,186683
8036,186660
8037,186637
8038,186614
8039,186590
8040,186567
8041,186544
8042,186521
8043,186498
8044,186474
8045,186451
8046,186428
8047,186405
8048,186382
8049,186359
8050,186335
8051,186312
8052,186289
8053,186266
8054,186243
8055,186220
8056,186197
8057,186174
8058,186150
8059,186127
8060,186104
8061,186081
8062,186058
8063,186035
8064,186012
8065,185989
8066,185966
8067,185943
8068,185920
8069,185897
8070,185874
8071,185851
8072,185828
8073,185805
8074,185782
8075,185759
8076,185736
8077,185713
8078,185690
8079,185667
8080,185644
8081,185621
8082,185598
8083,185575
8084,185552
8085,185529
8086,185506
8087,185483
8088,185460
8089,185437
8090,185414
8091,185391
8092,185368
8093,185345
8094,185322
8095,185300
8096,185277
8097,185254
8098,185231
8099,185208
8100,185185
8101,185162
8102,185139
8103,185117
8104,185094
8105,185071
8106,185048
8107,185025
8108,185002
8109,184980
8110,184957
8111,184934
8112,184911
8113,184888
8114,184866
8115,184843
8116,184820
8117,184797
8118,184775
8119,184752
8120,184729
8121,184706
8122,184684
8123,184661
8124,184638
8125,184615
8126,184593
8127,184570
8128,184547
8129,184525
8130,184502
8131,184479
8132,184456
8133,184434
8134,184411
8135,184388
8136,184366
8137,184343
8138,184320
8139,184298
8140,184275
8141,184253
8142,184230
8143,184207
8144,184185
8145,184162
8146,184139
8147,184117
8148,184094
8149,184072
8150,184049
8151,184026
8152,184004
8153,183981
8154,183959
8155,183936
8156,183914
8157,183891
8158,183869
8159,183846
8160,183824
8161,183801
8162,183778
8163,183756
8164,183733
8165,183711
8166,183688
8167,183666
8168,183643
8169,183621
8170,183599
8171,183576
8172,183554
8173,183531
8174,183509
8175,183486
8176,183464
8177,183441
8178,183419
8179,183397
8180,183374
8181,183352
8182,183329
8183,183307
8184,183284
8185,183262
8186,183240
8187,183217
8188,183195
8189,183173
8190,183150
8191,183128
8192,183105
8193,183083
8194,183061
8195,183038
8196,183016
8197,182994
8198,182971
8199,182949
8200,182927
8201,182905
8202,182882
8203,182860
8204,182838
8205,182815
8206,182793
8207,182771
8208,182749
8209,182726
8210,182704
8211,182682
8212,182660
8213,182637
8214,182615
8215,182593
8216,182571
8217,182548
8218,182526
8219,182504
8220,182482
8221,182460
8222,182437
8223,182415
8224,182393
8225,182371
8226,182349
8227,182326
8228,182304
8229,182282
8230,182260
8231,182238
8232,182216
8233,182194
8234,182171
8235,182149
8236,182127
8237,182105
8238,182083
8239,182061
8240,182039
8241,182017
8242,181995
8243,181973
8244,181951
8245,181928
8246,181906
8247,181884
8248,181862
8249,181840
8250,181818
8251,181796
8252,181774
8253,181752
8254,181730
8255,181708
8256,181686
8257,181664
8258,181642
8259,181620
8260,181598
8261,181576
8262,181554
8263,181532
8264,181510
8265,181488
8266,181466
8267,181444
8268,181422
8269,181400
8270,181378
8271,181357
8272,181335
8273,181313
8274,181291
8275,181269
8276,181247
8277,181225
8278,181203
8279,181181
8280,181159
8281,181138
8282,181116
8283,181094
8284,181072
8285,181050
8286,181028
8287,181006
8288,180985
8289,180963
8290,180941
8291,180919
8292,180897
8293,180875
8294,180854
8295,180832
8296,180810
8297,180788
8298,180766
8299,180745
8300,180723
8301,180701
8302,180679
8303,180658
8304,180636
8305,180614
8306,180592
8307,180571
8308,180549
8309,180527
8310,180505
8311,180484
8312,180462
8313,180440
8314,180419
8315,180397
8316,180375
8317,180353
8318,180332
8319,180310
8320,180288
8321,180267
8322,180245
8323,180223
8324,180202
8325,180180
8326,180159
8327,180137
8328,180115
8329,180094
8330,180072
8331,180050
8332,180029
8333,180007
8334,179986
8335,179964
8336,179942
8337,179921
8338,179899
8339,179878
8340,179856
8341,179835
8342,179813
8343,179791
8344,179770
8345,179748
8346,179727
8347,179705
8348,179684
8349,179662
8350,179641
8351,179619
8352,179598
8353,179576
8354,179555
8355,179533
8356,179512
8357,179490
8358,179469
8359,179447
8360,179426
8361,179404
8362,179383
8363,179361
8364,179340
8365,179319
8366,179297
8367,179276
8368,179254
8369,179233
8370,179211
8371,179190
8372,179169
8373,179147
8374,179126
8375,179104
8376,179083
8377,179062
8378,179040
8379,179019
8380,178998
8381,178976
8382,178955
8383,178934
8384,178912
8385,178891
8386,178870
8387,178848
8388,178827
8389,178806
8390,178784
8391,178763
8392,178742
8393,178720
8394,178699
8395,178678
8396,178657
8397,178635
8398,178614
8399,178593
8400,178571
8401,178550
8402,178529
8403,178508
8404,178486
8405,178465
8406,178444
8407,178423
8408,178402
8409,178380
8410,178359
8411,178338
8412,178317
8413,178295
8414,178274
8415,178253
8416,178232
8417,178211
8418,178190
8419,178168
8420,178147
8421,178126
8422,178105
8423,178084
8424,178063
8425,178042
8426,178020
8427,177999
8428,177978
8429,177957
8430,177936
8431,177915
8432,177894
8433,177873
8434,177852
8435,177830
8436,177809
8437,177788
8438,177767
8439,177746
8440,177725
8441,177704
8442,177683
8443,177662
8444,177641
8445,177620
8446,177599
8447,177578
8448,177557
8449,177536
8450,177515
8451,177494
8452,177473
8453,177452
8454,177431
8455,177410
8456,177389
8457,177368
8458,177347
8459,177326
8460,177305
8461,177284
8462,177263
8463,177242
8464,177221
8465,177200
8466,177179
8467,177158
8468,177137
8469,177117
8470,177096
8471,177075
8472,177054
8473,177033
8474,177012
8475,176991
8476,176970
8477,176949
8478,176929
8479,176908
8480,176887
8481,176866
8482,176845
8483,176824
8484,176803
8485,176783
8486,176762
8487,176741
8488,176720
8489,176699
8490,176678
8491,176658
8492,176637
8493,176616
8494,176595
8495,176574
8496,176554
8497,176533
8498,176512
8499,176491
8500,176471
8501,176450
8502,176429
8503,176408
8504,176388
8505,176367
8506,176346
8507,176325
8508,176305
8509,176284
8510,176263
8511,176243
8512,176222
8513,176201
8514,176180
8515,176160
8516,176139
8517,176118
8518,176098
8519,176077
8520,176056
8521,176036
8522,176015
8523,175994
8524,175974
8525,175953
8526,175932
8527,175912
8528,175891
8529,175871
8530,175850
8531,175829
8532,175809
8533,175788
8534,175768
8535,175747
8536,175726
8537,175706
8538,175685
8539,175665
8540,175644
8541,175623
8542,175603
8543,175582
8544,175562
8545,175541
8546,175521
8547,175500
8548,175480
8549,175459
8550,175439
8551,175418
8552,175398
8553,175377
8554,175357
8555,175336
8556,175316
8557,175295
8558,175275
8559,175254
8560,175234
8561,175213
8562,175193
8563,175172
8564,175152
8565,175131
8566,175111
8567,175090
8568,175070
8569,175050
8570,175029
8571,175009
8572,174988
8573,174968
8574,174948
8575,174927
8576,174907
8577,174886
8578,174866
8579,174846
8580,174825
8581,174805
8582,174784
8583,174764
8584,174744
8585,174723
8586,174703
8587,174683
8588,174662
8589,174642
8590,174622
8591,174601
8592,174581
8593,174561
8594,174540
8595,174520
8596,174500
8597,174479
8598,174459
8599,174439
8600,174419
8601,174398
8602,174378
8603,174358
8604,174338
8605,174317
8606,174297
8607,174277
8608,174257
8609,174236
8610,174216
8611,174196
8612,174176
8613,174155
8614,174135
8615,174115
8616,174095
8617,174075
8618,174054
8619,174034
8620,174014
8621,173994
8622,173974
8623,173953
8624,173933
8625,173913
8626,173893
8627,173873
8628,173853
8629,173832
8630,173812
8631,173792
8632,173772
8633,173752
8634,173732
8635,173712
8636,173692
8637,173671
8638,173651
8639,173631
8640,173611
8641,173591
8642,173571
8643,173551
8644,173531
8645,173511
8646,173491
8647,173471
8648,173451
8649,173430
8650,173410
8651,173390
8652,173370
8653,173350
8654,173330
8655,173310
8656,173290
8657,173270
8658,173250
8659,173230
8660,173210
8661,173190
8662,173170
8663,173150
8664,173130
8665,173110
8666,173090
8667,173070
8668,173050
8669,173030
8670,173010
8671,172990
8672,172970
8673,172951
8674,172931
8675,172911
8676,172891
8677,172871
8678,172851
8679,172831
8680,172811
8681,172791
8682,172771
8683,172751
8684,172731
8685,172712
8686,172692
8687,172672
8688,172652
8689,172632
8690,172612
8691,172592
8692,172572
8693,172553
8694,172533
8695,172513
8696,172493
8697,172473
8698,172453
8699,172434
8700,172414
8701,172394
8702,172374
8703,172354
8704,172335
8705,172315
8706,172295
8707,172275
8708,172255
8709,172236
8710,172216
8711,172196
8712,172176
8713,172157
8714,172137
8715,172117
8716,172097
8717,172078
8718,172058
8719,172038
8720,172018
8721,171999
8722,171979
8723,171959
8724,171939
8725,171920
8726,171900
8727,171880
8728,171861
8729,171841
8730,171821
8731,171802
8732,171782
8733,171762
8734,171743
8735,171723
8736,171703
8737,171684
8738,171664
8739,171644
8740,171625
8741,171605
8742,171585
8743,171566
8744,171546
8745,171527
8746,171507
8747,171487
8748,171468
8749,171448
8750,171429
8751,171409
8752,171389
8753,171370
8754,171350
8755,171331
8756,171311
8757,171292
8758,171272
8759,171252
8760,171233
8761,171213
8762,171194
8763,171174
8764,171155
8765,171135
8766,171116
8767,171096
8768,171077
8769,171057
8770,171038
8771,171018
8772,170999
8773,170979
8774,170960
8775,170940
8776,170921
8777,170901
8778,170882
8779,170862
8780,170843
8781,170823
8782,170804
8783,170784
8784,170765
8785,170746
8786,170726
8787,170707
8788,170687
8789,170668
8790,170648
8791,170629
8792,170610
8793,170590
8794,170571
8795,170551
8796,170532
8797,170513
8798,170493
8799,170474
8800,170455
8801,170435
8802,170416
8803,170396
8804,170377
8805,170358
8806,170338
8807,170319
8808,170300
8809,170280
8810,170261
8811,170242
8812,170222
8813,170203
8814,170184
8815,170164
8816,170145
8817,170126
8818,170107
8819,170087
8820,170068
8821,170049
8822,170029
8823,170010
8824,169991
8825,169972
8826,169952
8827,169933
8828,169914
8829,169895
8830,169875
8831,169856
8832,169837
8833,169818
8834,169799
8835,169779
8836,169760
8837,169741
8838,169722
8839,169702
8840,169683
8841,169664
8842,169645
8843,169626
8844,169607
8845,169587
8846,169568
8847,169549
8848,169530
8849,169511
8850,169492
8851,169472
8852,169453
8853,169434
8854,169415
8855,169396
8856,169377
8857,169358
8858,169338
8859,169319
8860,169300
8861,169281
8862,169262
8863,169243
8864,169224
8865,169205
8866,169186
8867,169167
8868,169147
8869,169128
8870,169109
8871,169090
8872,169071
8873,169052
8874,169033
8875,169014
8876,168995
8877,168976
8878,168957
8879,168938
8880,168919
8881,168900
8882,168881
8883,168862
8884,168843
8885,168824
8886,168805
8887,168786
8888,168767
8889,168748
8890,168729
8891,168710
8892,168691
8893,168672
8894,168653
8895,168634
8896,168615
8897,168596
8898,168577
8899,168558
8900,168539
8901,168520
8902,168501
8903,168483
8904,168464
8905,168445
8906,168426
8907,168407
8908,168388
8909,168369
8910,168350
8911,168331
8912,168312
8913,168294
8914,168275
8915,168256
8916,168237
8917,168218
8918,168199
8919,168180
8920,168161
8921,168143
8922,168124
8923,168105
8924,168086
8925,168067
8926,168048
8927,168030
8928,168011
8929,167992
8930,167973
8931,167954
8932,167936
8933,167917
8934,167898
8935,167879
8936,167860
8937,167842
8938,167823
8939,167804
8940,167785
8941,167766
8942,167748
8943,167729
8944,167710
8945,167691
8946,167673
8947,167654
8948,167635
8949,167616
8950,167598
8951,167579
8952,167560
8953,167542
8954,167523
8955,167504
8956,167485
8957,167467
8958,167448
8959,167429
8960,167411
8961,167392
8962,167373
8963,167355
8964,167336
8965,167317
8966,167299
8967,167280
8968,167261
8969,167243
8970,167224
8971,167205
8972,167187
8973,167168
8974,167150
8975,167131
8976,167112
8977,167094
8978,167075
8979,167056
8980,167038
8981,167019
8982,167001
8983,166982
8984,166963
8985,166945
8986,166926
8987,166908
8988,166889
8989,166871
8990,166852
8991,166834
8992,166815
8993,166796
8994,166778
8995,166759
8996,166741
8997,166722
8998,166704
8999,166685
9000,166667
9001,166648
9002,166630
9003,166611
9004,166593
9005,166574
9006,166556
9007,166537
9008,166519
9009,166500
9010,166482
9011,166463
9012,166445
9013,166426
9014,166408
9015,166389
9016,166371
9017,166352
9018,166334
9019,166316
9020,166297
9021,166279
9022,166260
9023,166242
9024,166223
9025,166205
9026,166187
9027,166168
9028,166150
9029,166131
9030,166113
9031,166095
9032,166076
9033,166058
9034,166039
9035,166021
9036,166003
9037,165984
9038,165966
9039,165948
9040,165929
9041,165911
9042,165893
9043,165874
9044,165856
9045,165837
9046,165819
9047,165801
9048,165782
9049,165764
9050,165746
9051,165728
9052,165709
9053,165691
9054,165673
9055,165654
9056,165636
9057,165618
9058,165599
9059,165581
9060,165563
9061,165545
9062,165526
9063,165508
9064,165490
9065,165472
9066,165453
9067,165435
9068,165417
9069,165399
9070,165380
9071,165362
9072,165344
9073,165326
9074,165307
9075,165289
9076,165271
9077,165253
9078,165235
9079,165216
9080,165198
9081,165180
9082,165162
9083,165144
9084,165125
9085,165107
9086,165089
9087,165071
9088,165053
9089,165035
9090,165017
9091,164998
9092,164980
9093,164962
9094,164944
9095,164926
9096,164908
9097,164890
9098,164871
9099,164853
9100,164835
9101,164817
9102,164799
9103,164781
9104,164763
9105,164745
9106,164727
9107,164708
9108,164690
9109,164672
9110,164654
9111,164636
9112,164618
9113,164600
9114,164582
9115,164564
9116,164546
9117,164528
9118,164510
9119,164492
9120,164474
9121,164456
9122,164438
9123,164420
9124,164402
9125,164384
9126,164366
9127,164348
9128,164330
9129,164312
9130,164294
9131,164276
9132,164258
9133,164240
9134,164222
9135,164204
9136,164186
9137,164168
9138,164150
9139,164132
9140,164114
9141,164096
9142,164078
9143,164060
9144,164042
9145,164024
9146,164006
9147,163988
9148,163970
9149,163952
9150,163934
9151,163917
9152,163899
9153,163881
9154,163863
9155,163845
9156,163827
9157,163809
9158,163791
9159,163773
9160,163755
9161,163738
9162,163720
9163,163702
9164,163684
9165,163666
9166,163648
9167,163630
9168,163613
9169,163595
9170,163577
9171,163559
9172,163541
9173,163523
9174,163506
9175,163488
9176,163470
9177,163452
9178,163434
9179,163416
9180,163399
9181,163381
9182,163363
9183,163345
9184,163328
9185,163310
9186,163292
9187,163274
9188,163256
9189,163239
9190,163221
9191,163203
9192,163185
9193,163168
9194,163150
9195,163132
9196,163114
9197,163097
9198,163079
9199,163061
9200,163043
9201,163026
9202,163008
9203,162990
9204,162973
9205,162955
9206,162937
9207,162920
9208,162902
9209,162884
9210,162866
9211,162849
9212,162831
9213,162813
9214,162796
9215,162778
9216,162760
9217,162743
9218,162725
9219,162707
9220,162690
9221,162672
9222,162655
9223,162637
9224,162619
9225,162602
9226,162584
9227,162566
9228,162549
9229,162531
9230,162514
9231,162496
9232,162478
9233,162461
9234,162443
9235,162426
9236,162408
9237,162390
9238,162373
9239,162355
9240,162338
9241,162320
9242,162303
9243,162285
9244,162267
9245,162250
9246,162232
9247,162215
9248,162197
9249,162180
9250,162162
9251,162145
9252,162127
9253,162110
9254,162092
9255,162075
9256,162057
9257,162040
9258,162022
9259,162005
9260,161987
9261,161970
9262,161952
9263,161935
9264,161917
9265,161900
9266,161882
9267,161865
9268,161847
9269,161830
9270,161812
9271,161795
9272,161777
9273,161760
9274,161743
9275,161725
9276,161708
9277,161690
9278,161673
9279,161655
9280,161638
9281,161621
9282,161603
9283,161586
9284,161568
9285,161551
9286,161533
9287,161516
9288,161499
9289,161481
9290,161464
9291,161447
9292,161429
9293,161412
9294,161394
9295,161377
9296,161360
9297,161342
9298,161325
9299,161308
9300,161290
9301,161273
9302,161256
9303,161238
9304,161221
9305,161204
9306,161186
9307,161169
9308,161152
9309,161134
9310,161117
9311,161100
9312,161082
9313,161065
9314,161048
9315,161031
9316,161013
9317,160996
9318,160979
9319,160961
9320,160944
9321,160927
9322,160910
9323,160892
9324,160875
9325,160858
9326,160841
9327,160823
9328,160806
9329,160789
9330,160772
9331,160754
9332,160737
9333,160720
9334,160703
9335,160686
9336,160668
9337,160651
9338,160634
9339,160617
9340,160600
9341,160582
9342,160565
9343,160548
9344,160531
9345,160514
9346,160496
9347,160479
9348,160462
9349,160445
9350,160428
9351,160411
9352,160393
9353,160376
9354,160359
9355,160342
9356,160325
9357,160308
9358,160291
9359,160274
9360,160256
9361,160239
9362,160222
9363,160205
9364,160188
9365,160171
9366,160154
9367,160137
9368,160120
9369,160102
9370,160085
9371,160068
9372,160051
9373,160034
9374,160017
9375,160000
9376,159983
9377,159966
9378,159949
9379,159932
9380,159915
9381,159898
9382,159881
9383,159864
9384,159847
9385,159830
9386,159812
9387,159795
9388,159778
9389,159761
9390,159744
9391,159727
9392,159710
9393,159693
9394,159676
9395,159659
9396,159642
9397,159625
9398,159608
9399,159591
9400,159574
9401,159557
9402,159541
9403,159524
9404,159507
9405,159490
9406,159473
9407,159456
9408,159439
9409,159422
9410,159405
9411,159388
9412,159371
9413,159354
9414,159337
9415,159320
9416,159303
9417,159286
9418,159269
9419,159253
9420,159236
9421,159219
9422,159202
9423,159185
9424,159168
9425,159151
9426,159134
9427,159117
9428,159101
9429,159084
9430,159067
9431,159050
9432,159033
9433,159016
9434,158999
9435,158983
9436,158966
9437,158949
9438,158932
9439,158915
9440,158898
9441,158881
9442,158865
9443,158848
9444,158831
9445,158814
9446,158797
9447,158781
9448,158764
9449,158747
9450,158730
9451,158713
9452,158697
9453,158680
9454,158663
9455,158646
9456,158629
9457,158613
9458,158596
9459,158579
9460,158562
9461,158546
9462,158529
9463,158512
9464,158495
9465,158479
9466,158462
9467,158445
9468,158428
9469,158412
9470,158395
9471,158378
9472,158361
9473,158345
9474,158328
9475,158311
9476,158295
9477,158278
9478,158261
9479,158245
9480,158228
9481,158211
9482,158194
9483,158178
9484,158161
9485,158144
9486,158128
9487,158111
9488,158094
9489,158078
9490,158061
9491,158044
9492,158028
9493,158011
9494,157995
9495,157978
9496,157961
9497,157945
9498,157928
9499,157911
9500,157895
9501,157878
9502,157862
9503,157845
9504,157828
9505,157812
9506,157795
9507,157778
9508,157762
9509,157745
9510,157729
9511,157712
9512,157696
9513,157679
9514,157662
9515,157646
9516,157629
9517,157613
9518,157596
9519,157580
9520,157563
9521,157546
9522,157530
9523,157513
9524,157497
9525,157480
9526,157464
9527,157447
9528,157431
9529,157414
9530,157398
9531,157381
9532,157365
9533,157348
9534,157332
9535,157315
9536,157299
9537,157282
9538,157266
9539,157249
9540,157233
9541,157216
9542,157200
9543,157183
9544,157167
9545,157150
9546,157134
9547,157117
9548,157101
9549,157085
9550,157068
9551,157052
9552,157035
9553,157019
9554,157002
9555,156986
9556,156969
9557,156953
9558,156937
9559,156920
9560,156904
9561,156887
9562,156871
9563,156855
9564,156838
9565,156822
9566,156805
9567,156789
9568,156773
9569,156756
9570,156740
9571,156723
9572,156707
9573,156691
9574,156674
9575,156658
9576,156642
9577,156625
9578,156609
9579,156593
9580,156576
9581,156560
9582,156544
9583,156527
9584,156511
9585,156495
9586,156478
9587,156462
9588,156446
9589,156429
9590,156413
9591,156397
9592,156380
9593,156364
9594,156348
9595,156331
9596,156315
9597,156299
9598,156283
9599,156266
9600,156250
9601,156234
9602,156217
9603,156201
9604,156185
9605,156169
9606,156152
9607,156136
9608,156120
9609,156104
9610,156087
9611,156071
9612,156055
9613,156039
9614,156022
9615,156006
9616,155990
9617,155974
9618,155958
9619,155941
9620,155925
9621,155909
9622,155893
9623,155877
9624,155860
9625,155844
9626,155828
9627,155812
9628,155796
9629,155779
9630,155763
9631,155747
9632,155731
9633,155715
9634,155699
9635,155682
9636,155666
9637,155650
9638,155634
9639,155618
9640,155602
9641,155586
9642,155569
9643,155553
9644,155537
9645,155521
9646,155505
9647,155489
9648,155473
9649,155457
9650,155440
9651,155424
9652,155408
9653,155392
9654,155376
9655,155360
9656,155344
9657,155328
9658,155312
9659,155296
9660,155280
9661,155263
9662,155247
9663,155231
9664,155215
9665,155199
9666,155183
9667,155167
9668,155151
9669,155135
9670,155119
9671,155103
9672,155087
9673,155071
9674,155055
9675,155039
9676,155023
9677,155007
9678,154991
9679,154975
9680,154959
9681,154943
9682,154927
9683,154911
9684,154895
9685,154879
9686,154863
9687,154847
9688,154831
9689,154815
9690,154799
9691,154783
9692,154767
9693,154751
9694,154735
9695,154719
9696,154703
9697,154687
9698,154671
9699,154655
9700,154639
9701,154623
9702,154607
9703,154591
9704,154575
9705,154560
9706,154544
9707,154528
9708,154512
9709,154496
9710,154480
9711,154464
9712,154448
9713,154432
9714,154416
9715,154400
9716,154385
9717,154369
9718,154353
9719,154337
9720,154321
9721,154305
9722,154289
9723,154273
9724,154258
9725,154242
9726,154226
9727,154210
9728,154194
9729,154178
9730,154162
9731,154147
9732,154131
9733,154115
9734,154099
9735,154083
9736,154067
9737,154052
9738,154036
9739,154020
9740,154004
9741,153988
9742,153972
9743,153957
9744,153941
9745,153925
9746,153909
9747,153894
9748,153878
9749,153862
9750,153846
9751,153830
9752,153815
9753,153799
9754,153783
9755,153767
9756,153752
9757,153736
9758,153720
9759,153704
9760,153689
9761,153673
9762,153657
9763,153641
9764,153626
9765,153610
9766,153594
9767,153578
9768,153563
9769,153547
9770,153531
9771,153516
9772,153500
9773,153484
9774,153468
9775,153453
9776,153437
9777,153421
9778,153406
9779,153390
9780,153374
9781,153359
9782,153343
9783,153327
9784,153312
9785,153296
9786,153280
9787,153265
9788,153249
9789,153233
9790,153218
9791,153202
9792,153186
9793,153171
9794,153155
9795,153139
9796,153124
9797,153108
9798,153092
9799,153077
9800,153061
9801,153046
9802,153030
9803,153014
9804,152999
9805,152983
9806,152968
9807,152952
9808,152936
9809,152921
9810,152905
9811,152890
9812,152874
9813,152858
9814,152843
9815,152827
9816,152812
9817,152796
9818,152781
9819,152765
9820,152749
9821,152734
9822,152718
9823,152703
9824,152687
9825,152672
9826,152656
9827,152641
9828,152625
9829,152610
9830,152594
9831,152579
9832,152563
9833,152548
9834,152532
9835,152517
9836,152501
9837,152486
9838,152470
9839,152455
9840,152439
9841,152424
9842,152408
9843,152393
9844,152377
9845,152362
9846,152346
9847,152331
9848,152315
9849,152300
9850,152284
9851,152269
9852,152253
9853,152238
9854,152222
9855,152207
9856,152192
9857,152176
9858,152161
9859,152145
9860,152130
9861,152114
9862,152099
9863,152084
9864,152068
9865,152053
9866,152037
9867,152022
9868,152006
9869,151991
9870,151976
9871,151960
9872,151945
9873,151930
9874,151914
9875,151899
9876,151883
9877,151868
9878,151853
9879,151837
9880,151822
9881,151806
9882,151791
9883,151776
9884,151760
9885,151745
9886,151730
9887,151714
9888,151699
9889,151684
9890,151668
9891,151653
9892,151638
9893,151622
9894,151607
9895,151592
9896,151576
9897,151561
9898,151546
9899,151530
9900,151515
9901,151500
9902,151485
9903,151469
9904,151454
9905,151439
9906,151423
9907,151408
9908,151393
9909,151378
9910,151362
9911,151347
9912,151332
9913,151316
9914,151301
9915,151286
9916,151271
9917,151255
9918,151240
9919,151225
9920,151210
9921,151194
9922,151179
9923,151164
9924,151149
9925,151134
9926,151118
9927,151103
9928,151088
9929,151073
9930,151057
9931,151042
9932,151027
9933,151012
9934,150997
9935,150981
9936,150966
9937,150951
9938,150936
9939,150921
9940,150905
9941,150890
9942,150875
9943,150860
9944,150845
9945,150830
9946,150814
9947,150799
9948,150784
9949,150769
9950,150754
9951,150739
9952,150723
9953,150708
9954,150693
9955,150678
9956,150663
9957,150648
9958,150633
9959,150618
9960,150602
9961,150587
9962,150572
9963,150557
9964,150542
9965,150527
9966,150512
9967,150497
9968,150482
9969,150466
9970,150451
9971,150436
9972,150421
9973,150406
9974,150391
9975,150376
9976,150361
9977,150346
9978,150331
9979,150316
9980,150301
9981,150286
9982,150270
9983,150255
9984,150240
9985,150225
9986,150210
9987,150195
9988,150180
9989,150165
9990,150150
9991,150135
9992,150120
9993,150105
9994,150090
9995,150075
9996,150060
9997,150045
9998,150030
9999,150015
10000,150000
10001,149985
10002,149970
10003,149955
10004,149940
10005,149925
10006,149910
10007,149895
10008,149880
10009,149865
10010,149850
10011,149835
10012,149820
10013,149805
10014,149790
10015,149775
10016,149760
10017,149745
10018,149730
10019,149716
10020,149701
10021,149686
10022,149671
10023,149656
10024,149641
10025,149626
10026,149611
10027,149596
10028,149581
10029,149566
10030,149551
10031,149536
10032,149522
10033,149507
10034,149492
10035,149477
10036,149462
10037,149447
10038,149432
10039,149417
10040,149402
10041,149388
10042,149373
10043,149358
10044,149343
10045,149328
10046,149313
10047,149298
10048,149283
10049,149269
10050,149254
10051,149239
10052,149224
10053,149209
10054,149194
10055,149180
10056,149165
10057,149150
10058,149135
10059,149120
10060,149105
10061,149091
10062,149076
10063,149061
10064,149046
10065,149031
10066,149016
10067,149002
10068,148987
10069,148972
10070,148957
10071,148943
10072,148928
10073,148913
10074,148898
10075,148883
10076,148869
10077,148854
10078,148839
10079,148824
10080,148810
10081,148795
10082,148780
10083,148765
10084,148750
10085,148736
10086,148721
10087,148706
10088,148692
10089,148677
10090,148662
10091,148647
10092,148633
10093,148618
10094,148603
10095,148588
10096,148574
10097,148559
10098,148544
10099,148530
10100,148515
10101,148500
10102,148485
10103,148471
10104,148456
10105,148441
10106,148427
10107,148412
10108,148397
10109,148383
10110,148368
10111,148353
10112,148339
10113,148324
10114,148309
10115,148295
10116,148280
10117,148265
10118,148251
10119,148236
10120,148221
10121,148207
10122,148192
10123,148177
10124,148163
10125,148148
10126,148134
10127,148119
10128,148104
10129,148090
10130,148075
10131,148060
10132,148046
10133,148031
10134,148017
10135,148002
10136,147987
10137,147973
10138,147958
10139,147944
10140,147929
10141,147914
10142,147900
10143,147885
10144,147871
10145,147856
10146,147842
10147,147827
10148,147812
10149,147798
10150,147783
10151,147769
10152,147754
10153,147740
10154,147725
10155,147710
10156,147696
10157,147681
10158,147667
10159,147652
10160,147638
10161,147623
10162,147609
10163,147594
10164,147580
10165,147565
10166,147551
10167,147536
10168,147522
10169,147507
10170,147493
10171,147478
10172,147464
10173,147449
10174,147435
10175,147420
10176,147406
10177,147391
10178,147377
10179,147362
10180,147348
10181,147333
10182,147319
10183,147304
10184,147290
10185,147275
10186,147261
10187,147246
10188,147232
10189,147218
10190,147203
10191,147189
10192,147174
10193,147160
10194,147145
10195,147131
10196,147117
10197,147102
10198,147088
10199,147073
10200,147059
10201,147044
10202,147030
10203,147016
10204,147001
10205,146987
10206,146972
10207,146958
10208,146944
10209,146929
10210,146915
10211,146900
10212,146886
10213,146872
10214,146857
10215,146843
10216,146829
10217,146814
10218,146800
10219,146785
10220,146771
10221,146757
10222,146742
10223,146728
10224,146714
10225,146699
10226,146685
10227,146671
10228,146656
10229,146642
10230,146628
10231,146613
10232,146599
10233,146585
10234,146570
10235,146556
10236,146542
10237,146527
10238,146513
10239,146499
10240,146484
10241,146470
10242,146456
10243,146441
10244,146427
10245,146413
10246,146399
10247,146384
10248,146370
10249,146356
10250,146341
10251,146327
10252,146313
10253,146299
10254,146284
10255,146270
10256,146256
10257,146242
10258,146227
10259,146213
10260,146199
10261,146185
10262,146170
10263,146156
10264,146142
10265,146128
10266,146113
10267,146099
10268,146085
10269,146071
10270,146056
10271,146042
10272,146028
10273,146014
10274,146000
10275,145985
10276,145971
10277,145957
10278,145943
10279,145929
10280,145914
10281,145900
10282,145886
10283,145872
10284,145858
10285,145843
10286,145829
10287,145815
10288,145801
10289,145787
10290,145773
10291,145758
10292,145744
10293,145730
10294,145716
10295,145702
10296,145688
10297,145673
10298,145659
10299,145645
10300,145631
10301,145617
10302,145603
10303,145589
10304,145575
10305,145560
10306,145546
10307,145532
10308,145518
10309,145504
10310,145490
10311,145476
10312,145462
10313,145447
10314,145433
10315,145419
10316,145405
10317,145391
10318,145377
10319,145363
10320,145349
10321,145335
10322,145321
10323,145307
10324,145293
10325,145278
10326,145264
10327,145250
10328,145236
10329,145222
10330,145208
10331,145194
10332,145180
10333,145166
10334,145152
10335,145138
10336,145124
10337,145110
10338,145096
10339,145082
10340,145068
10341,145054
10342,145040
10343,145026
10344,145012
10345,144998
10346,144984
10347,144970
10348,144956
10349,144942
10350,144928
10351,144914
10352,144900
10353,144886
10354,144872
10355,144858
10356,144844
10357,144830
10358,144816
10359,144802
10360,144788
10361,144774
10362,144760
10363,144746
10364,144732
10365,144718
10366,144704
10367,144690
10368,144676
10369,144662
10370,144648
10371,144634
10372,144620
10373,144606
10374,144592
10375,144578
10376,144564
10377,144550
10378,144537
10379,144523
10380,144509
10381,144495
10382,144481
10383,144467
10384,144453
10385,144439
10386,144425
10387,144411
10388,144397
10389,144383
10390,144370
10391,144356
10392,144342
10393,144328
10394,144314
10395,144300
10396,144286
10397,144272
10398,144259
10399,144245
10400,144231
10401,144217
10402,144203
10403,144189
10404,144175
10405,144161
10406,144148
10407,144134
10408,144120
10409,144106
10410,144092
10411,144078
10412,144065
10413,144051
10414,144037
10415,144023
10416,144009
10417,143995
10418,143982
10419,143968
10420,143954
10421,143940
10422,143926
10423,143913
10424,143899
10425,143885
10426,143871
10427,143857
10428,143843
10429,143830
10430,143816
10431,143802
10432,143788
10433,143775
10434,143761
10435,143747
10436,143733
10437,143719
10438,143706
10439,143692
10440,143678
10441,143664
10442,143651
10443,143637
10444,143623
10445,143609
10446,143596
10447,143582
10448,143568
10449,143554
10450,143541
10451,143527
10452,143513
10453,143499
10454,143486
10455,143472
10456,143458
10457,143445
10458,143431
10459,143417
10460,143403
10461,143390
10462,143376
10463,143362
10464,143349
10465,143335
10466,143321
10467,143308
10468,143294
10469,143280
10470,143266
10471,143253
10472,143239
10473,143225
10474,143212
10475,143198
10476,143184
10477,143171
10478,143157
10479,143143
10480,143130
10481,143116
10482,143102
10483,143089
10484,143075
10485,143062
10486,143048
10487,143034
10488,143021
10489,143007
10490,142993
10491,142980
10492,142966
10493,142952
10494,142939
10495,142925
10496,142912
10497,142898
10498,142884
10499,142871
10500,142857
10501,142844
10502,142830
10503,142816
10504,142803
10505,142789
10506,142776
10507,142762
10508,142748
10509,142735
10510,142721
10511,142708
10512,142694
10513,142680
10514,142667
10515,142653
10516,142640
10517,142626
10518,142613
10519,142599
10520,142586
10521,142572
10522,142558
10523,142545
10524,142531
10525,142518
10526,142504
10527,142491
10528,142477
10529,142464
10530,142450
10531,142437
10532,142423
10533,142410
10534,142396
10535,142383
10536,142369
10537,142356
10538,142342
10539,142328
10540,142315
10541,142301
10542,142288
10543,142274
10544,142261
10545,142248
10546,142234
10547,142221
10548,142207
10549,142194
10550,142180
10551,142167
10552,142153
10553,142140
10554,142126
10555,142113
10556,142099
10557,142086
10558,142072
10559,142059
10560,142045
10561,142032
10562,142019
10563,142005
10564,141992
10565,141978
10566,141965
10567,141951
10568,141938
10569,141924
10570,141911
10571,141898
10572,141884
10573,141871
10574,141857
10575,141844
10576,141831
10577,141817
10578,141804
10579,141790
10580,141777
10581,141764
10582,141750
10583,141737
10584,141723
10585,141710
10586,141697
10587,141683
10588,141670
10589,141656
10590,141643
10591,141630
10592,141616
10593,141603
10594,141590
10595,141576
10596,141563
10597,141549
10598,141536
10599,141523
10600,141509
10601,141496
10602,141483
10603,141469
10604,141456
10605,141443
10606,141429
10607,141416
10608,141403
10609,141389
10610,141376
10611,141363
10612,141349
10613,141336
10614,141323
10615,141309
10616,141296
10617,141283
10618,141270
10619,141256
10620,141243
10621,141230
10622,141216
10623,141203
10624,141190
10625,141176
10626,141163
10627,141150
10628,141137
10629,141123
10630,141110
10631,141097
10632,141084
10633,141070
10634,141057
10635,141044
10636,141030
10637,141017
10638,141004
10639,140991
10640,140977
10641,140964
10642,140951
10643,140938
10644,140924
10645,140911
10646,140898
10647,140885
10648,140872
10649,140858
10650,140845
10651,140832
10652,140819
10653,140805
10654,140792
10655,140779
10656,140766
10657,140753
10658,140739
10659,140726
10660,140713
10661,140700
10662,140687
10663,140673
10664,140660
10665,140647
10666,140634
10667,140621
10668,140607
10669,140594
10670,140581
10671,140568
10672,140555
10673,140542
10674,140528
10675,140515
10676,140502
10677,140489
10678,140476
10679,140463
10680,140449
10681,140436
10682,140423
10683,140410
10684,140397
10685,140384
10686,140371
10687,140357
10688,140344
10689,140331
10690,140318
10691,140305
10692,140292
10693,140279
10694,140266
10695,140252
10696,140239
10697,140226
10698,140213
10699,140200
10700,140187
10701,140174
10702,140161
10703,140148
10704,140135
10705,140121
10706,140108
10707,140095
10708,140082
10709,140069
10710,140056
10711,140043
10712,140030
10713,140017
10714,140004
10715,139991
10716,139978
10717,139965
10718,139951
10719,139938
10720,139925
10721,139912
10722,139899
10723,139886
10724,139873
10725,139860
10726,139847
10727,139834
10728,139821
10729,139808
10730,139795
10731,139782
10732,139769
10733,139756
10734,139743
10735,139730
10736,139717
10737,139704
10738,139691
10739,139678
10740,139665
10741,139652
10742,139639
10743,139626
10744,139613
10745,139600
10746,139587
10747,139574
10748,139561
10749,139548
10750,139535
10751,139522
10752,139509
10753,139496
10754,139483
10755,139470
10756,139457
10757,139444
10758,139431
10759,139418
10760,139405
10761,139392
10762,139379
10763,139366
10764,139353
10765,139340
10766,139328
10767,139315
10768,139302
10769,139289
10770,139276
10771,139263
10772,139250
10773,139237
10774,139224
10775,139211
10776,139198
10777,139185
10778,139172
10779,139159
10780,139147
10781,139134
10782,139121
10783,139108
10784,139095
10785,139082
10786,139069
10787,139056
10788,139043
10789,139030
10790,139018
10791,139005
10792,138992
10793,138979
10794,138966
10795,138953
10796,138940
10797,138927
10798,138915
10799,138902
10800,138889
10801,138876
10802,138863
10803,138850
10804,138837
10805,138825
10806,138812
10807,138799
10808,138786
10809,138773
10810,138760
10811,138748
10812,138735
10813,138722
10814,138709
10815,138696
10816,138683
10817,138671
10818,138658
10819,138645
10820,138632
10821,138619
10822,138607
10823,138594
10824,138581
10825,138568
10826,138555
10827,138543
10828,138530
10829,138517
10830,138504
10831,138491
10832,138479
10833,138466
10834,138453
10835,138440
10836,138427
10837,138415
10838,138402
10839,138389
10840,138376
10841,138364
10842,138351
10843,138338
10844,138325
10845,138313
10846,138300
10847,138287
10848,138274
10849,138262
10850,138249
10851,138236
10852,138223
10853,138211
10854,138198
10855,138185
10856,138172
10857,138160
10858,138147
10859,138134
10860,138122
10861,138109
10862,138096
10863,138083
10864,138071
10865,138058
10866,138045
10867,138033
10868,138020
10869,138007
10870,137994
10871,137982
10872,137969
10873,137956
10874,137944
10875,137931
10876,137918
10877,137906
10878,137893
10879,137880
10880,137868
10881,137855
10882,137842
10883,137830
10884,137817
10885,137804
10886,137792
10887,137779
10888,137766
10889,137754
10890,137741
10891,137728
10892,137716
10893,137703
10894,137690
10895,137678
10896,137665
10897,137653
10898,137640
10899,137627
10900,137615
10901,137602
10902,137589
10903,137577
10904,137564
10905,137552
10906,137539
10907,137526
10908,137514
10909,137501
10910,137489
10911,137476
10912,137463
10913,137451
10914,137438
10915,137426
10916,137413
10917,137400
10918,137388
10919,137375
10920,137363
10921,137350
10922,137337
10923,137325
10924,137312
10925,137300
10926,137287
10927,137275
10928,137262
10929,137250
10930,137237
10931,137224
10932,137212
10933,137199
10934,137187
10935,137174
10936,137162
10937,137149
10938,137137
10939,137124
10940,137112
10941,137099
10942,137086
10943,137074
10944,137061
10945,137049
10946,137036
10947,137024
10948,137011
10949,136999
10950,136986
10951,136974
10952,136961
10953,136949
10954,136936
10955,136924
10956,136911
10957,136899
10958,136886
10959,136874
10960,136861
10961,136849
10962,136836
10963,136824
10964,136811
10965,136799
10966,136786
10967,136774
10968,136761
10969,136749
10970,136737
10971,136724
10972,136712
10973,136699
10974,136687
10975,136674
10976,136662
10977,136649
10978,136637
10979,136624
10980,136612
10981,136600
10982,136587
10983,136575
10984,136562
10985,136550
10986,136537
10987,136525
10988,136513
10989,136500
10990,136488
10991,136475
10992,136463
10993,136450
10994,136438
10995,136426
10996,136413
10997,136401
10998,136388
10999,136376
11000,136364
11001,136351
11002,136339
11003,136326
11004,136314
11005,136302
11006,136289
11007,136277
11008,136265
11009,136252
11010,136240
11011,136227
11012,136215
11013,136203
11014,136190
11015,136178
11016,136166
11017,136153
11018,136141
11019,136129
11020,136116
11021,136104
11022,136091
11023,136079
11024,136067
11025,136054
11026,136042
11027,136030
11028,136017
11029,136005
11030,135993
11031,135980
11032,135968
11033,135956
11034,135943
11035,135931
11036,135919
11037,135906
11038,135894
11039,135882
11040,135870
11041,135857
11042,135845
11043,135833
11044,135820
11045,135808
11046,135796
11047,135783
11048,135771
11049,135759
11050,135747
11051,135734
11052,135722
11053,135710
11054,135697
11055,135685
11056,135673
11057,135661
11058,135648
11059,135636
11060,135624
11061,135612
11062,135599
11063,135587
11064,135575
11065,135563
11066,135550
11067,135538
11068,135526
11069,135514
11070,135501
11071,135489
11072,135477
11073,135465
11074,135452
11075,135440
11076,135428
11077,135416
11078,135404
11079,135391
11080,135379
11081,135367
11082,135355
11083,135342
11084,135330
11085,135318
11086,135306
11087,135294
11088,135281
11089,135269
11090,135257
11091,135245
11092,135233
11093,135220
11094,135208
11095,135196
11096,135184
11097,135172
11098,135159
11099,135147
11100,135135
11101,135123
11102,135111
11103,135099
11104,135086
11105,135074
11106,135062
11107,135050
11108,135038
11109,135026
11110,135014
11111,135001
11112,134989
11113,134977
11114,134965
11115,134953
11116,134941
11117,134928
11118,134916
11119,134904
11120,134892
11121,134880
11122,134868
11123,134856
11124,134844
11125,134831
11126,134819
11127,134807
11128,134795
11129,134783
11130,134771
11131,134759
11132,134747
11133,134735
11134,134722
11135,134710
11136,134698
11137,134686
11138,134674
11139,134662
11140,134650
11141,134638
11142,134626
11143,134614
11144,134602
11145,134590
11146,134577
11147,134565
11148,134553
11149,134541
11150,134529
11151,134517
11152,134505
11153,134493
11154,134481
11155,134469
11156,134457
11157,134445
11158,134433
11159,134421
11160,134409
11161,134397
11162,134385
11163,134372
11164,134360
11165,134348
11166,134336
11167,134324
11168,134312
11169,134300
11170,134288
11171,134276
11172,134264
11173,134252
11174,134240
11175,134228
11176,134216
11177,134204
11178,134192
11179,134180
11180,134168
11181,134156
11182,134144
11183,134132
11184,134120
11185,134108
11186,134096
11187,134084
11188,134072
11189,134060
11190,134048
11191,134036
11192,134024
11193,134012
11194,134000
11195,133988
11196,133976
11197,133964
11198,133952
11199,133941
11200,133929
11201,133917
11202,133905
11203,133893
11204,133881
11205,133869
11206,133857
11207,133845
11208,133833
11209,133821
11210,133809
11211,133797
11212,133785
11213,133773
11214,133761
11215,133749
11216,133738
11217,133726
11218,133714
11219,133702
11220,133690
11221,133678
11222,133666
11223,133654
11224,133642
11225,133630
11226,133618
11227,133606
11228,133595
11229,133583
11230,133571
11231,133559
11232,133547
11233,133535
11234,133523
11235,133511
11236,133499
11237,133488
11238,133476
11239,133464
11240,133452
11241,133440
11242,133428
11243,133416
11244,133404
11245,133393
11246,133381
11247,133369
11248,133357
11249,133345
11250,133333
11251,133321
11252,133310
11253,133298
11254,133286
11255,133274
11256,133262
11257,133250
11258,133239
11259,133227
11260,133215
11261,133203
11262,133191
11263,133179
11264,133168
11265,133156
11266,133144
11267,133132
11268,133120
11269,133109
11270,133097
11271,133085
11272,133073
11273,133061
11274,133049
11275,133038
11276,133026
11277,133014
11278,133002
11279,132991
11280,132979
11281,132967
11282,132955
11283,132943
11284,132932
11285,132920
11286,132908
11287,132896
11288,132884
11289,132873
11290,132861
11291,132849
11292,132837
11293,132826
11294,132814
11295,132802
11296,132790
11297,132779
11298,132767
11299,132755
11300,132743
11301,132732
11302,132720
11303,132708
11304,132696
11305,132685
11306,132673
11307,132661
11308,132649
11309,132638
11310,132626
11311,132614
11312,132603
11313,132591
11314,132579
11315,132567
11316,132556
11317,132544
11318,132532
11319,132521
11320,132509
11321,132497
11322,132485
11323,132474
11324,132462
11325,132450
11326,132439
11327,132427
11328,132415
11329,132404
11330,132392
11331,132380
11332,132369
11333,132357
11334,132345
11335,132333
11336,132322
11337,132310
11338,132298
11339,132287
11340,132275
11341,132263
11342,132252
11343,132240
11344,132228
11345,132217
11346,132205
11347,132194
11348,132182
11349,132170
11350,132159
11351,132147
11352,132135
11353,132124
11354,132112
11355,132100
11356,132089
11357,132077
11358,132066
11359,132054
11360,132042
11361,132031
11362,132019
11363,132007
11364,131996
11365,131984
11366,131973
11367,131961
11368,131949
11369,131938
11370,131926
11371,131915
11372,131903
11373,131891
11374,131880
11375,131868
11376,131857
11377,131845
11378,131833
11379,131822
11380,131810
11381,131799
11382,131787
11383,131775
11384,131764
11385,131752
11386,131741
11387,131729
11388,131718
11389,131706
11390,131694
11391,131683
11392,131671
11393,131660
11394,131648
11395,131637
11396,131625
11397,131614
11398,131602
11399,131590
11400,131579
11401,131567
11402,131556
11403,131544
11404,131533
11405,131521
11406,131510
11407,131498
11408,131487
11409,131475
11410,131464
11411,131452
11412,131441
11413,131429
11414,131418
11415,131406
11416,131395
11417,131383
11418,131372
11419,131360
11420,131349
11421,131337
11422,131326
11423,131314
11424,131303
11425,131291
11426,131280
11427,131268
11428,131257
11429,131245
11430,131234
11431,131222
11432,131211
11433,131199
11434,131188
11435,131176
11436,131165
11437,131153
11438,131142
11439,131130
11440,131119
11441,131107
11442,131096
11443,131085
11444,131073
11445,131062
11446,131050
11447,131039
11448,131027
11449,131016
11450,131004
11451,130993
11452,130981
11453,130970
11454,130959
11455,130947
11456,130936
11457,130924
11458,130913
11459,130901
11460,130890
11461,130879
11462,130867
11463,130856
11464,130844
11465,130833
11466,130822
11467,130810
11468,130799
11469,130787
11470,130776
11471,130765
11472,130753
11473,130742
11474,130730
11475,130719
11476,130708
11477,130696
11478,130685
11479,130673
11480,130662
11481,130651
11482,130639
11483,130628
11484,130617
11485,130605
11486,130594
11487,130582
11488,130571
11489,130560
11490,130548
11491,130537
11492,130526
11493,130514
11494,130503
11495,130492
11496,130480
11497,130469
11498,130457
11499,130446
11500,130435
11501,130423
11502,130412
11503,130401
11504,130389
11505,130378
11506,130367
11507,130355
11508,130344
11509,130333
11510,130321
11511,130310
11512,130299
11513,130288
11514,130276
11515,130265
11516,130254
11517,130242
11518,130231
11519,130220
11520,130208
11521,130197
11522,130186
11523,130174
11524,130163
11525,130152
11526,130141
11527,130129
11528,130118
11529,130107
11530,130095
11531,130084
11532,130073
11533,130062
11534,130050
11535,130039
11536,130028
11537,130016
11538,130005
11539,129994
11540,129983
11541,129971
11542,129960
11543,129949
11544,129938
11545,129926
11546,129915
11547,129904
11548,129893
11549,129881
11550,129870
11551,129859
11552,129848
11553,129836
11554,129825
11555,129814
11556,129803
11557,129791
11558,129780
11559,129769
11560,129758
11561,129747
11562,129735
11563,129724
11564,129713
11565,129702
11566,129690
11567,129679
11568,129668
11569,129657
11570,129646
11571,129634
11572,129623
11573,129612
11574,129601
11575,129590
11576,129578
11577,129567
11578,129556
11579,129545
11580,129534
11581,129522
11582,129511
11583,129500
11584,129489
11585,129478
11586,129467
11587,129455
11588,129444
11589,129433
11590,129422
11591,129411
11592,129400
11593,129388
11594,129377
11595,129366
11596,129355
11597,129344
11598,129333
11599,129321
11600,129310
11601,129299
11602,129288
11603,129277
11604,129266
11605,129255
11606,129243
11607,129232
11608,129221
11609,129210
11610,129199
11611,129188
11612,129177
11613,129166
11614,129154
11615,129143
11616,129132
11617,129121
11618,129110
11619,129099
11620,129088
11621,129077
11622,129066
11623,129054
11624,129043
11625,129032
11626,129021
11627,129010
11628,128999
11629,128988
11630,128977
11631,128966
11632,128955
11633,128944
11634,128932
11635,128921
11636,128910
11637,128899
11638,128888
11639,128877
11640,128866
11641,128855
11642,128844
11643,128833
11644,128822
11645,128811
11646,128800
11647,128789
11648,128777
11649,128766
11650,128755
11651,128744
11652,128733
11653,128722
11654,128711
11655,128700
11656,128689
11657,128678
11658,128667
11659,128656
11660,128645
11661,128634
11662,128623
11663,128612
11664,128601
11665,128590
11666,128579
11667,128568
11668,128557
11669,128546
11670,128535
11671,128524
11672,128513
11673,128502
11674,128491
11675,128480
11676,128469
11677,128458
11678,128447
11679,128436
11680,128425
11681,128414
11682,128403
11683,128392
11684,128381
11685,128370
11686,128359
11687,128348
11688,128337
11689,128326
11690,128315
11691,128304
11692,128293
11693,128282
11694,128271
11695,128260
11696,128249
11697,128238
11698,128227
11699,128216
11700,128205
11701,128194
11702,128183
11703,128172
11704,128161
11705,128150
11706,128139
11707,128128
11708,128118
11709,128107
11710,128096
11711,128085
11712,128074
11713,128063
11714,128052
11715,128041
11716,128030
11717,128019
11718,128008
11719,127997
11720,127986
11721,127975
11722,127965
11723,127954
11724,127943
11725,127932
11726,127921
11727,127910
11728,127899
11729,127888
11730,127877
11731,127866
11732,127855
11733,127845
11734,127834
11735,127823
11736,127812
11737,127801
11738,127790
11739,127779
11740,127768
11741,127757
11742,127747
11743,127736
11744,127725
11745,127714
11746,127703
11747,127692
11748,127681
11749,127670
11750,127660
11751,127649
11752,127638
11753,127627
11754,127616
11755,127605
11756,127594
11757,127584
11758,127573
11759,127562
11760,127551
11761,127540
11762,127529
11763,127518
11764,127508
11765,127497
11766,127486
11767,127475
11768,127464
11769,127453
11770,127443
11771,127432
11772,127421
11773,127410
11774,127399
11775,127389
11776,127378
11777,127367
11778,127356
11779,127345
11780,127334
11781,127324
11782,127313
11783,127302
11784,127291
11785,127280
11786,127270
11787,127259
11788,127248
11789,127237
11790,127226
11791,127216
11792,127205
11793,127194
11794,127183
11795,127173
11796,127162
11797,127151
11798,127140
11799,127129
11800,127119
11801,127108
11802,127097
11803,127086
11804,127076
11805,127065
11806,127054
11807,127043
11808,127033
11809,127022
11810,127011
11811,127000
11812,126990
11813,126979
11814,126968
11815,126957
11816,126947
11817,126936
11818,126925
11819,126914
11820,126904
11821,126893
11822,126882
11823,126871
11824,126861
11825,126850
11826,126839
11827,126828
11828,126818
11829,126807
11830,126796
11831,126786
11832,126775
11833,126764
11834,126753
11835,126743
11836,126732
11837,126721
11838,126711
11839,126700
11840,126689
11841,126678
11842,126668
11843,126657
11844,126646
11845,126636
11846,126625
11847,126614
11848,126604
11849,126593
11850,126582
11851,126572
11852,126561
11853,126550
11854,126540
11855,126529
11856,126518
11857,126508
11858,126497
11859,126486
11860,126476
11861,126465
11862,126454
11863,126444
11864,126433
11865,126422
11866,126412
11867,126401
11868,126390
11869,126380
11870,126369
11871,126358
11872,126348
11873,126337
11874,126326
11875,126316
11876,126305
11877,126295
11878,126284
11879,126273
11880,126263
11881,126252
11882,126241
11883,126231
11884,126220
11885,126210
11886,126199
11887,126188
11888,126178
11889,126167
11890,126156
11891,126146
11892,126135
11893,126125
11894,126114
11895,126103
11896,126093
11897,126082
11898,126072
11899,126061
11900,126050
11901,126040
11902,126029
11903,126019
11904,126008
11905,125997
11906,125987
11907,125976
11908,125966
11909,125955
11910,125945
11911,125934
11912,125923
11913,125913
11914,125902
11915,125892
11916,125881
11917,125871
11918,125860
11919,125849
11920,125839
11921,125828
11922,125818
11923,125807
11924,125797
11925,125786
11926,125776
11927,125765
11928,125755
11929,125744
11930,125733
11931,125723
11932,125712
11933,125702
11934,125691
11935,125681
11936,125670
11937,125660
11938,125649
11939,125639
11940,125628
11941,125618
11942,125607
11943,125597
11944,125586
11945,125576
11946,125565
11947,125555
11948,125544
11949,125534
11950,125523
11951,125513
11952,125502
11953,125492
11954,125481
11955,125471
11956,125460
11957,125450
11958,125439
11959,125429
11960,125418
11961,125408
11962,125397
11963,125387
11964,125376
11965,125366
11966,125355
11967,125345
11968,125334
11969,125324
11970,125313
11971,125303
11972,125292
11973,125282
11974,125271
11975,125261
11976,125251
11977,125240
11978,125230
11979,125219
11980,125209
11981,125198
11982,125188
11983,125177
11984,125167
11985,125156
11986,125146
11987,125136
11988,125125
11989,125115
11990,125104
11991,125094
11992,125083
11993,125073
11994,125063
11995,125052
11996,125042
11997,125031
11998,125021
11999,125010
12000,125000
12001,124990
12002,124979
12003,124969
12004,124958
12005,124948
12006,124938
12007,124927
12008,124917
12009,124906
12010,124896
12011,124886
12012,124875
12013,124865
12014,124854
12015,124844
12016,124834
12017,124823
12018,124813
12019,124802
12020,124792
12021,124782
12022,124771
12023,124761
12024,124750
12025,124740
12026,124730
12027,124719
12028,124709
12029,124699
12030,124688
12031,124678
12032,124668
12033,124657
12034,124647
12035,124636
12036,124626
12037,124616
12038,124605
12039,124595
12040,124585
12041,124574
12042,124564
12043,124554
12044,124543
12045,124533
12046,124523
12047,124512
12048,124502
12049,124492
12050,124481
12051,124471
12052,124461
12053,124450
12054,124440
12055,124430
12056,124419
12057,124409
12058,124399
12059,124388
12060,124378
12061,124368
12062,124357
12063,124347
12064,124337
12065,124327
12066,124316
12067,124306
12068,124296
12069,124285
12070,124275
12071,124265
12072,124254
12073,124244
12074,124234
12075,124224
12076,124213
12077,124203
12078,124193
12079,124182
12080,124172
12081,124162
12082,124152
12083,124141
12084,124131
12085,124121
12086,124111
12087,124100
12088,124090
12089,124080
12090,124069
12091,124059
12092,124049
12093,124039
12094,124028
12095,124018
12096,124008
12097,123998
12098,123987
12099,123977
12100,123967
12101,123957
12102,123946
12103,123936
12104,123926
12105,123916
12106,123906
12107,123895
12108,123885
12109,123875
12110,123865
12111,123854
12112,123844
12113,123834
12114,123824
12115,123813
12116,123803
12117,123793
12118,123783
12119,123773
12120,123762
12121,123752
12122,123742
12123,123732
12124,123722
12125,123711
12126,123701
12127,123691
12128,123681
12129,123671
12130,123660
12131,123650
12132,123640
12133,123630
12134,123620
12135,123609
12136,123599
12137,123589
12138,123579
12139,123569
12140,123558
12141,123548
12142,123538
12143,123528
12144,123518
12145,123508
12146,123497
12147,123487
12148,123477
12149,123467
12150,123457
12151,123447
12152,123436
12153,123426
12154,123416
12155,123406
12156,123396
12157,123386
12158,123376
12159,123365
12160,123355
12161,123345
12162,123335
12163,123325
12164,123315
12165,123305
12166,123294
12167,123284
12168,123274
12169,123264
12170,123254
12171,123244
12172,123234
12173,123224
12174,123213
12175,123203
12176,123193
12177,123183
12178,123173
12179,123163
12180,123153
12181,123143
12182,123132
12183,123122
12184,123112
12185,123102
12186,123092
12187,123082
12188,123072
12189,123062
12190,123052
12191,123042
12192,123031
12193,123021
12194,123011
12195,123001
12196,122991
12197,122981
12198,122971
12199,122961
12200,122951
12201,122941
12202,122931
12203,122921
12204,122911
12205,122900
12206,122890
12207,122880
12208,122870
12209,122860
12210,122850
12211,122840
12212,122830
12213,122820
12214,122810
12215,122800
12216,122790
12217,122780
12218,122770
12219,122760
12220,122750
12221,122740
12222,122730
12223,122719
12224,122709
12225,122699
12226,122689
12227,122679
12228,122669
12229,122659
12230,122649
12231,122639
12232,122629
12233,122619
12234,122609
12235,122599
12236,122589
12237,122579
12238,122569
12239,122559
12240,122549
12241,122539
12242,122529
12243,122519
12244,122509
12245,122499
12246,122489
12247,122479
12248,122469
12249,122459
12250,122449
12251,122439
12252,122429
12253,122419
12254,122409
12255,122399
12256,122389
12257,122379
12258,122369
12259,122359
12260,122349
12261,122339
12262,122329
12263,122319
12264,122309
12265,122299
12266,122289
12267,122279
12268,122269
12269,122259
12270,122249
12271,122239
12272,122229
12273,122220
12274,122210
12275,122200
12276,122190
12277,122180
12278,122170
12279,122160
12280,122150
12281,122140
12282,122130
12283,122120
12284,122110
12285,122100
12286,122090
12287,122080
12288,122070
12289,122060
12290,122050
12291,122041
12292,122031
12293,122021
12294,122011
12295,122001
12296,121991
12297,121981
12298,121971
12299,121961
12300,121951
12301,121941
12302,121931
12303,121921
12304,121912
12305,121902
12306,121892
12307,121882
12308,121872
12309,121862
12310,121852
12311,121842
12312,121832
12313,121822
12314,121813
12315,121803
12316,121793
12317,121783
12318,121773
12319,121763
12320,121753
12321,121743
12322,121733
12323,121724
12324,121714
12325,121704
12326,121694
12327,121684
12328,121674
12329,121664
12330,121655
12331,121645
12332,121635
12333,121625
12334,121615
12335,121605
12336,121595
12337,121585
12338,121576
12339,121566
12340,121556
12341,121546
12342,121536
12343,121526
12344,121517
12345,121507
12346,121497
12347,121487
12348,121477
12349,121467
12350,121457
12351,121448
12352,121438
12353,121428
12354,121418
12355,121408
12356,121399
12357,121389
12358,121379
12359,121369
12360,121359
12361,121349
12362,121340
12363,121330
12364,121320
12365,121310
12366,121300
12367,121291
12368,121281
12369,121271
12370,121261
12371,121251
12372,121242
12373,121232
12374,121222
12375,121212
12376,121202
12377,121193
12378,121183
12379,121173
12380,121163
12381,121153
12382,121144
12383,121134
12384,121124
12385,121114
12386,121104
12387,121095
12388,121085
12389,121075
12390,121065
12391,121056
12392,121046
12393,121036
12394,121026
12395,121017
12396,121007
12397,120997
12398,120987
12399,120977
12400,120968
12401,120958
12402,120948
12403,120938
12404,120929
12405,120919
12406,120909
12407,120899
12408,120890
12409,120880
12410,120870
12411,120861
12412,120851
12413,120841
12414,120831
12415,120822
12416,120812
12417,120802
12418,120792
12419,120783
12420,120773
12421,120763
12422,120754
12423,120744
12424,120734
12425,120724
12426,120715
12427,120705
12428,120695
12429,120685
12430,120676
12431,120666
12432,120656
12433,120647
12434,120637
12435,120627
12436,120618
12437,120608
12438,120598
12439,120588
12440,120579
12441,120569
12442,120559
12443,120550
12444,120540
12445,120530
12446,120521
12447,120511
12448,120501
12449,120492
12450,120482
12451,120472
12452,120463
12453,120453
12454,120443
12455,120434
12456,120424
12457,120414
12458,120405
12459,120395
12460,120385
12461,120376
12462,120366
12463,120356
12464,120347
12465,120337
12466,120327
12467,120318
12468,120308
12469,120298
12470,120289
12471,120279
12472,120269
12473,120260
12474,120250
12475,120240
12476,120231
12477,120221
12478,120212
12479,120202
12480,120192
12481,120183
12482,120173
12483,120163
12484,120154
12485,120144
12486,120135
12487,120125
12488,120115
12489,120106
12490,120096
12491,120086
12492,120077
12493,120067
12494,120058
12495,120048
12496,120038
12497,120029
12498,120019
12499,120010
12500,120000
12501,119990
12502,119981
12503,119971
12504,119962
12505,119952
12506,119942
12507,119933
12508,119923
12509,119914
12510,119904
12511,119894
12512,119885
12513,119875
12514,119866
12515,119856
12516,119847
12517,119837
12518,119827
12519,119818
12520,119808
12521,119799
12522,119789
12523,119780
12524,119770
12525,119760
12526,119751
12527,119741
12528,119732
12529,119722
12530,119713
12531,119703
12532,119694
12533,119684
12534,119674
12535,119665
12536,119655
12537,119646
12538,119636
12539,119627
12540,119617
12541,119608
12542,119598
12543,119589
12544,119579
12545,119570
12546,119560
12547,119550
12548,119541
12549,119531
12550,119522
12551,119512
12552,119503
12553,119493
12554,119484
12555,119474
12556,119465
12557,119455
12558,119446
12559,119436
12560,119427
12561,119417
12562,119408
12563,119398
12564,119389
12565,119379
12566,119370
12567,119360
12568,119351
12569,119341
12570,119332
12571,119322
12572,119313
12573,119303
12574,119294
12575,119284
12576,119275
12577,119265
12578,119256
12579,119246
12580,119237
12581,119227
12582,119218
12583,119208
12584,119199
12585,119190
12586,119180
12587,119171
12588,119161
12589,119152
12590,119142
12591,119133
12592,119123
12593,119114
12594,119104
12595,119095
12596,119085
12597,119076
12598,119067
12599,119057
12600,119048
12601,119038
12602,119029
12603,119019
12604,119010
12605,119000
12606,118991
12607,118982
12608,118972
12609,118963
12610,118953
12611,118944
12612,118934
12613,118925
12614,118915
12615,118906
12616,118897
12617,118887
12618,118878
12619,118868
12620,118859
12621,118850
12622,118840
12623,118831
12624,118821
12625,118812
12626,118802
12627,118793
12628,118784
12629,118774
12630,118765
12631,118755
12632,118746
12633,118737
12634,118727
12635,118718
12636,118708
12637,118699
12638,118690
12639,118680
12640,118671
12641,118661
12642,118652
12643,118643
12644,118633
12645,118624
12646,118615
12647,118605
12648,118596
12649,118586
12650,118577
12651,118568
12652,118558
12653,118549
12654,118540
12655,118530
12656,118521
12657,118511
12658,118502
12659,118493
12660,118483
12661,118474
12662,118465
12663,118455
12664,118446
12665,118437
12666,118427
12667,118418
12668,118409
12669,118399
12670,118390
12671,118381
12672,118371
12673,118362
12674,118353
12675,118343
12676,118334
12677,118325
12678,118315
12679,118306
12680,118297
12681,118287
12682,118278
12683,118269
12684,118259
12685,118250
12686,118241
12687,118231
12688,118222
12689,118213
12690,118203
12691,118194
12692,118185
12693,118175
12694,118166
12695,118157
12696,118147
12697,118138
12698,118129
12699,118120
12700,118110
12701,118101
12702,118092
12703,118082
12704,118073
12705,118064
12706,118054
12707,118045
12708,118036
12709,118027
12710,118017
12711,118008
12712,117999
12713,117989
12714,117980
12715,117971
12716,117962
12717,117952
12718,117943
12719,117934
12720,117925
12721,117915
12722,117906
12723,117897
12724,117887
12725,117878
12726,117869
12727,117860
12728,117850
12729,117841
12730,117832
12731,117823
12732,117813
12733,117804
12734,117795
12735,117786
12736,117776
12737,117767
12738,117758
12739,117749
12740,117739
12741,117730
12742,117721
12743,117712
12744,117702
12745,117693
12746,117684
12747,117675
12748,117666
12749,117656
12750,117647
12751,117638
12752,117629
12753,117619
12754,117610
12755,117601
12756,117592
12757,117583
12758,117573
12759,117564
12760,117555
12761,117546
12762,117536
12763,117527
12764,117518
12765,117509
12766,117500
12767,117490
12768,117481
12769,117472
12770,117463
12771,117454
12772,117444
12773,117435
12774,117426
12775,117417
12776,117408
12777,117398
12778,117389
12779,117380
12780,117371
12781,117362
12782,117353
12783,117343
12784,117334
12785,117325
12786,117316
12787,117307
12788,117297
12789,117288
12790,117279
12791,117270
12792,117261
12793,117252
12794,117242
12795,117233
12796,117224
12797,117215
12798,117206
12799,117197
12800,117188
12801,117178
12802,117169
12803,117160
12804,117151
12805,117142
12806,117133
12807,117123
12808,117114
12809,117105
12810,117096
12811,117087
12812,117078
12813,117069
12814,117059
12815,117050
12816,117041
12817,117032
12818,117023
12819,117014
12820,117005
12821,116996
12822,116986
12823,116977
12824,116968
12825,116959
12826,116950
12827,116941
12828,116932
12829,116923
12830,116913
12831,116904
12832,116895
12833,116886
12834,116877
12835,116868
12836,116859
12837,116850
12838,116841
12839,116832
12840,116822
12841,116813
12842,116804
12843,116795
12844,116786
12845,116777
12846,116768
12847,116759
12848,116750
12849,116741
12850,116732
12851,116722
12852,116713
12853,116704
12854,116695
12855,116686
12856,116677
12857,116668
12858,116659
12859,116650
12860,116641
12861,116632
12862,116623
12863,116614
12864,116604
12865,116595
12866,116586
12867,116577
12868,116568
12869,116559
12870,116550
12871,116541
12872,116532
12873,116523
12874,116514
12875,116505
12876,116496
12877,116487
12878,116478
12879,116469
12880,116460
12881,116451
12882,116442
12883,116433
12884,116423
12885,116414
12886,116405
12887,116396
12888,116387
12889,116378
12890,116369
12891,116360
12892,116351
12893,116342
12894,116333
12895,116324
12896,116315
12897,116306
12898,116297
12899,116288
12900,116279
12901,116270
12902,116261
12903,116252
12904,116243
12905,116234
12906,116225
12907,116216
12908,116207
12909,116198
12910,116189
12911,116180
12912,116171
12913,116162
12914,116153
12915,116144
12916,116135
12917,116126
12918,116117
12919,116108
12920,116099
12921,116090
12922,116081
12923,116072
12924,116063
12925,116054
12926,116045
12927,116036
12928,116027
12929,116018
12930,116009
12931,116000
12932,115991
12933,115982
12934,115973
12935,115964
12936,115955
12937,115947
12938,115938
12939,115929
12940,115920
12941,115911
12942,115902
12943,115893
12944,115884
12945,115875
12946,115866
12947,115857
12948,115848
12949,115839
12950,115830
12951,115821
12952,115812
12953,115803
12954,115794
12955,115785
12956,115776
12957,115768
12958,115759
12959,115750
12960,115741
12961,115732
12962,115723
12963,115714
12964,115705
12965,115696
12966,115687
12967,115678
12968,115669
12969,115660
12970,115652
12971,115643
12972,115634
12973,115625
12974,115616
12975,115607
12976,115598
12977,115589
12978,115580
12979,115571
12980,115562
12981,115554
12982,115545
12983,115536
12984,115527
12985,115518
12986,115509
12987,115500
12988,115491
12989,115482
12990,115473
12991,115465
12992,115456
12993,115447
12994,115438
12995,115429
12996,115420
12997,115411
12998,115402
12999,115393
13000,115385
13001,115376
13002,115367
13003,115358
13004,115349
13005,115340
13006,115331
13007,115323
13008,115314
13009,115305
13010,115296
13011,115287
13012,115278
13013,115269
13014,115260
13015,115252
13016,115243
13017,115234
13018,115225
13019,115216
13020,115207
13021,115199
13022,115190
13023,115181
13024,115172
13025,115163
13026,115154
13027,115145
13028,115137
13029,115128
13030,115119
13031,115110
13032,115101
13033,115092
13034,115084
13035,115075
13036,115066
13037,115057
13038,115048
13039,115039
13040,115031
13041,115022
13042,115013
13043,115004
13044,114995
13045,114987
13046,114978
13047,114969
13048,114960
13049,114951
13050,114943
13051,114934
13052,114925
13053,114916
13054,114907
13055,114899
13056,114890
13057,114881
13058,114872
13059,114863
13060,114855
13061,114846
13062,114837
13063,114828
13064,114819
13065,114811
13066,114802
13067,114793
13068,114784
13069,114775
13070,114767
13071,114758
13072,114749
13073,114740
13074,114732
13075,114723
13076,114714
13077,114705
13078,114696
13079,114688
13080,114679
13081,114670
13082,114661
13083,114653
13084,114644
13085,114635
13086,114626
13087,114618
13088,114609
13089,114600
13090,114591
13091,114583
13092,114574
13093,114565
13094,114556
13095,114548
13096,114539
13097,114530
13098,114521
13099,114513
13100,114504
13101,114495
13102,114486
13103,114478
13104,114469
13105,114460
13106,114451
13107,114443
13108,114434
13109,114425
13110,114416
13111,114408
13112,114399
13113,114390
13114,114382
13115,114373
13116,114364
13117,114355
13118,114347
13119,114338
13120,114329
13121,114321
13122,114312
13123,114303
13124,114294
13125,114286
13126,114277
13127,114268
13128,114260
13129,114251
13130,114242
13131,114233
13132,114225
13133,114216
13134,114207
13135,114199
13136,114190
13137,114181
13138,114173
13139,114164
13140,114155
13141,114147
13142,114138
13143,114129
13144,114121
13145,114112
13146,114103
13147,114094
13148,114086
13149,114077
13150,114068
13151,114060
13152,114051
13153,114042
13154,114034
13155,114025
13156,114016
13157,114008
13158,113999
13159,113990
13160,113982
13161,113973
13162,113964
13163,113956
13164,113947
13165,113938
13166,113930
13167,113921
13168,113913
13169,113904
13170,113895
13171,113887
13172,113878
13173,113869
13174,113861
13175,113852
13176,113843
13177,113835
13178,113826
13179,113817
13180,113809
13181,113800
13182,113792
13183,113783
13184,113774
13185,113766
13186,113757
13187,113748
13188,113740
13189,113731
13190,113723
13191,113714
13192,113705
13193,113697
13194,113688
13195,113679
13196,113671
13197,113662
13198,113654
13199,113645
13200,113636
13201,113628
13202,113619
13203,113611
13204,113602
13205,113593
13206,113585
13207,113576
13208,113568
13209,113559
13210,113550
13211,113542
13212,113533
13213,113525
13214,113516
13215,113507
13216,113499
13217,113490
13218,113482
13219,113473
13220,113464
13221,113456
13222,113447
13223,113439
13224,113430
13225,113422
13226,113413
13227,113404
13228,113396
13229,113387
13230,113379
13231,113370
13232,113362
13233,113353
13234,113344
13235,113336
13236,113327
13237,113319
13238,113310
13239,113302
13240,113293
13241,113284
13242,113276
13243,113267
13244,113259
13245,113250
13246,113242
13247,113233
13248,113225
13249,113216
13250,113208
13251,113199
13252,113190
13253,113182
13254,113173
13255,113165
13256,113156
13257,113148
13258,113139
13259,113131
13260,113122
13261,113114
13262,113105
13263,113097
13264,113088
13265,113080
13266,113071
13267,113062
13268,113054
13269,113045
13270,113037
13271,113028
13272,113020
13273,113011
13274,113003
13275,112994
13276,112986
13277,112977
13278,112969
13279,112960
13280,112952
13281,112943
13282,112935
13283,112926
13284,112918
13285,112909
13286,112901
13287,112892
13288,112884
13289,112875
13290,112867
13291,112858
13292,112850
13293,112841
13294,112833
13295,112824
13296,112816
13297,112807
13298,112799
13299,112790
13300,112782
13301,112773
13302,112765
13303,112757
13304,112748
13305,112740
13306,112731
13307,112723
13308,112714
13309,112706
13310,112697
13311,112689
13312,112680
13313,112672
13314,112663
13315,112655
13316,112646
13317,112638
13318,112630
13319,112621
13320,112613
13321,112604
13322,112596
13323,112587
13324,112579
13325,112570
13326,112562
13327,112553
13328,112545
13329,112537
13330,112528
13331,112520
13332,112511
13333,112503
13334,112494
13335,112486
13336,112478
13337,112469
13338,112461
13339,112452
13340,112444
13341,112435
13342,112427
13343,112418
13344,112410
13345,112402
13346,112393
13347,112385
13348,112376
13349,112368
13350,112360
13351,112351
13352,112343
13353,112334
13354,112326
13355,112317
13356,112309
13357,112301
13358,112292
13359,112284
13360,112275
13361,112267
13362,112259
13363,112250
13364,112242
13365,112233
13366,112225
13367,112217
13368,112208
13369,112200
13370,112191
13371,112183
13372,112175
13373,112166
13374,112158
13375,112150
13376,112141
13377,112133
13378,112124
13379,112116
13380,112108
13381,112099
13382,112091
13383,112082
13384,112074
13385,112066
13386,112057
13387,112049
13388,112041
13389,112032
13390,112024
13391,112016
13392,112007
13393,111999
13394,111990
13395,111982
13396,111974
13397,111965
13398,111957
13399,111949
13400,111940
13401,111932
13402,111924
13403,111915
13404,111907
13405,111899
13406,111890
13407,111882
13408,111874
13409,111865
13410,111857
13411,111848
13412,111840
13413,111832
13414,111823
13415,111815
13416,111807
13417,111798
13418,111790
13419,111782
13420,111773
13421,111765
13422,111757
13423,111748
13424,111740
13425,111732
13426,111724
13427,111715
13428,111707
13429,111699
13430,111690
13431,111682
13432,111674
13433,111665
13434,111657
13435,111649
13436,111640
13437,111632
13438,111624
13439,111615
13440,111607
13441,111599
13442,111591
13443,111582
13444,111574
13445,111566
13446,111557
13447,111549
13448,111541
13449,111532
13450,111524
13451,111516
13452,111508
13453,111499
13454,111491
13455,111483
13456,111474
13457,111466
13458,111458
13459,111450
13460,111441
13461,111433
13462,111425
13463,111416
13464,111408
13465,111400
13466,111392
13467,111383
13468,111375
13469,111367
13470,111359
13471,111350
13472,111342
13473,111334
13474,111326
13475,111317
13476,111309
13477,111301
13478,111292
13479,111284
13480,111276
13481,111268
13482,111259
13483,111251
13484,111243
13485,111235
13486,111226
13487,111218
13488,111210
13489,111202
13490,111193
13491,111185
13492,111177
13493,111169
13494,111161
13495,111152
13496,111144
13497,111136
13498,111128
13499,111119
13500,111111
13501,111103
13502,111095
13503,111086
13504,111078
13505,111070
13506,111062
13507,111054
13508,111045
13509,111037
13510,111029
13511,111021
13512,111012
13513,111004
13514,110996
13515,110988
13516,110980
13517,110971
13518,110963
13519,110955
13520,110947
13521,110939
13522,110930
13523,110922
13524,110914
13525,110906
13526,110898
13527,110889
13528,110881
13529,110873
13530,110865
13531,110857
13532,110848
13533,110840
13534,110832
13535,110824
13536,110816
13537,110807
13538,110799
13539,110791
13540,110783
13541,110775
13542,110767
13543,110758
13544,110750
13545,110742
13546,110734
13547,110726
13548,110717
13549,110709
13550,110701
13551,110693
13552,110685
13553,110677
13554,110668
13555,110660
13556,110652
13557,110644
13558,110636
13559,110628
13560,110619
13561,110611
13562,110603
13563,110595
13564,110587
13565,110579
13566,110571
13567,110562
13568,110554
13569,110546
13570,110538
13571,110530
13572,110522
13573,110514
13574,110505
13575,110497
13576,110489
13577,110481
13578,110473
13579,110465
13580,110457
13581,110448
13582,110440
13583,110432
13584,110424
13585,110416
13586,110408
13587,110400
13588,110392
13589,110383
13590,110375
13591,110367
13592,110359
13593,110351
13594,110343
13595,110335
13596,110327
13597,110318
13598,110310
13599,110302
13600,110294
13601,110286
13602,110278
13603,110270
13604,110262
13605,110254
13606,110245
13607,110237
13608,110229
13609,110221
13610,110213
13611,110205
13612,110197
13613,110189
13614,110181
13615,110173
13616,110165
13617,110156
13618,110148
13619,110140
13620,110132
13621,110124
13622,110116
13623,110108
13624,110100
13625,110092
13626,110084
13627,110076
13628,110068
13629,110059
13630,110051
13631,110043
13632,110035
13633,110027
13634,110019
13635,110011
13636,110003
13637,109995
13638,109987
13639,109979
13640,109971
13641,109963
13642,109955
13643,109946
13644,109938
13645,109930
13646,109922
13647,109914
13648,109906
13649,109898
13650,109890
13651,109882
13652,109874
13653,109866
13654,109858
13655,109850
13656,109842
13657,109834
13658,109826
13659,109818
13660,109810
13661,109802
13662,109794
13663,109786
13664,109778
13665,109769
13666,109761
13667,109753
13668,109745
13669,109737
13670,109729
13671,109721
13672,109713
13673,109705
13674,109697
13675,109689
13676,109681
13677,109673
13678,109665
13679,109657
13680,109649
13681,109641
13682,109633
13683,109625
13684,109617
13685,109609
13686,109601
13687,109593
13688,109585
13689,109577
13690,109569
13691,109561
13692,109553
13693,109545
13694,109537
13695,109529
13696,109521
13697,109513
13698,109505
13699,109497
13700,109489
13701,109481
13702,109473
13703,109465
13704,109457
13705,109449
13706,109441
13707,109433
13708,109425
13709,109417
13710,109409
13711,109401
13712,109393
13713,109385
13714,109377
13715,109369
13716,109361
13717,109353
13718,109345
13719,109337
13720,109329
13721,109321
13722,109314
13723,109306
13724,109298
13725,109290
13726,109282
13727,109274
13728,109266
13729,109258
13730,109250
13731,109242
13732,109234
13733,109226
13734,109218
13735,109210
13736,109202
13737,109194
13738,109186
13739,109178
13740,109170
13741,109162
13742,109154
13743,109146
13744,109139
13745,109131
13746,109123
13747,109115
13748,109107
13749,109099
13750,109091
13751,109083
13752,109075
13753,109067
13754,109059
13755,109051
13756,109043
13757,109035
13758,109027
13759,109020
13760,109012
13761,109004
13762,108996
13763,108988
13764,108980
13765,108972
13766,108964
13767,108956
13768,108948
13769,108940
13770,108932
13771,108925
13772,108917
13773,108909
13774,108901
13775,108893
13776,108885
13777,108877
13778,108869
13779,108861
13780,108853
13781,108846
13782,108838
13783,108830
13784,108822
13785,108814
13786,108806
13787,108798
13788,108790
13789,108782
13790,108774
13791,108767
13792,108759
13793,108751
13794,108743
13795,108735
13796,108727
13797,108719
13798,108711
13799,108704
13800,108696
13801,108688
13802,108680
13803,108672
13804,108664
13805,108656
13806,108648
13807,108641
13808,108633
13809,108625
13810,108617
13811,108609
13812,108601
13813,108593
13814,108585
13815,108578
13816,108570
13817,108562
13818,108554
13819,108546
13820,108538
13821,108530
13822,108523
13823,108515
13824,108507
13825,108499
13826,108491
13827,108483
13828,108476
13829,108468
13830,108460
13831,108452
13832,108444
13833,108436
13834,108429
13835,108421
13836,108413
13837,108405
13838,108397
13839,108389
13840,108382
13841,108374
13842,108366
13843,108358
13844,108350
13845,108342
13846,108335
13847,108327
13848,108319
13849,108311
13850,108303
13851,108295
13852,108288
13853,108280
13854,108272
13855,108264
13856,108256
13857,108249
13858,108241
13859,108233
13860,108225
13861,108217
13862,108209
13863,108202
13864,108194
13865,108186
13866,108178
13867,108170
13868,108163
13869,108155
13870,108147
13871,108139
13872,108131
13873,108124
13874,108116
13875,108108
13876,108100
13877,108093
13878,108085
13879,108077
13880,108069
13881,108061
13882,108054
13883,108046
13884,108038
13885,108030
13886,108022
13887,108015
13888,108007
13889,107999
13890,107991
13891,107984
13892,107976
13893,107968
13894,107960
13895,107953
13896,107945
13897,107937
13898,107929
13899,107921
13900,107914
13901,107906
13902,107898
13903,107890
13904,107883
13905,107875
13906,107867
13907,107859
13908,107852
13909,107844
13910,107836
13911,107828
13912,107821
13913,107813
13914,107805
13915,107797
13916,107790
13917,107782
13918,107774
13919,107766
13920,107759
13921,107751
13922,107743
13923,107735
13924,107728
13925,107720
13926,107712
13927,107704
13928,107697
13929,107689
13930,107681
13931,107674
13932,107666
13933,107658
13934,107650
13935,107643
13936,107635
13937,107627
13938,107619
13939,107612
13940,107604
13941,107596
13942,107589
13943,107581
13944,107573
13945,107565
13946,107558
13947,107550
13948,107542
13949,107535
13950,107527
13951,107519
13952,107511
13953,107504
13954,107496
13955,107488
13956,107481
13957,107473
13958,107465
13959,107458
13960,107450
13961,107442
13962,107434
13963,107427
13964,107419
13965,107411
13966,107404
13967,107396
13968,107388
13969,107381
13970,107373
13971,107365
13972,107358
13973,107350
13974,107342
13975,107335
13976,107327
13977,107319
13978,107311
13979,107304
13980,107296
13981,107288
13982,107281
13983,107273
13984,107265
13985,107258
13986,107250
13987,107242
13988,107235
13989,107227
13990,107219
13991,107212
13992,107204
13993,107196
13994,107189
13995,107181
13996,107173
13997,107166
13998,107158
13999,107151
14000,107143
14001,107135
14002,107128
14003,107120
14004,107112
14005,107105
14006,107097
14007,107089
14008,107082
14009,107074
14010,107066
14011,107059
14012,107051
14013,107043
14014,107036
14015,107028
14016,107021
14017,107013
14018,107005
14019,106998
14020,106990
14021,106982
14022,106975
14023,106967
14024,106959
14025,106952
14026,106944
14027,106937
14028,106929
14029,106921
14030,106914
14031,106906
14032,106899
14033,106891
14034,106883
14035,106876
14036,106868
14037,106860
14038,106853
14039,106845
14040,106838
14041,106830
14042,106822
14043,106815
14044,106807
14045,106800
14046,106792
14047,106784
14048,106777
14049,106769
14050,106762
14051,106754
14052,106746
14053,106739
14054,106731
14055,106724
14056,106716
14057,106708
14058,106701
14059,106693
14060,106686
14061,106678
14062,106670
14063,106663
14064,106655
14065,106648
14066,106640
14067,106633
14068,106625
14069,106617
14070,106610
14071,106602
14072,106595
14073,106587
14074,106580
14075,106572
14076,106564
14077,106557
14078,106549
14079,106542
14080,106534
14081,106527
14082,106519
14083,106511
14084,106504
14085,106496
14086,106489
14087,106481
14088,106474
14089,106466
14090,106458
14091,106451
14092,106443
14093,106436
14094,106428
14095,106421
14096,106413
14097,106406
14098,106398
14099,106391
14100,106383
14101,106375
14102,106368
14103,106360
14104,106353
14105,106345
14106,106338
14107,106330
14108,106323
14109,106315
14110,106308
14111,106300
14112,106293
14113,106285
14114,106277
14115,106270
14116,106262
14117,106255
14118,106247
14119,106240
14120,106232
14121,106225
14122,106217
14123,106210
14124,106202
14125,106195
14126,106187
14127,106180
14128,106172
14129,106165
14130,106157
14131,106150
14132,106142
14133,106135
14134,106127
14135,106120
14136,106112
14137,106105
14138,106097
14139,106090
14140,106082
14141,106075
14142,106067
14143,106060
14144,106052
14145,106045
14146,106037
14147,106030
14148,106022
14149,106015
14150,106007
14151,106000
14152,105992
14153,105985
14154,105977
14155,105970
14156,105962
14157,105955
14158,105947
14159,105940
14160,105932
14161,105925
14162,105917
14163,105910
14164,105902
14165,105895
14166,105887
14167,105880
14168,105872
14169,105865
14170,105857
14171,105850
14172,105843
14173,105835
14174,105828
14175,105820
14176,105813
14177,105805
14178,105798
14179,105790
14180,105783
14181,105775
14182,105768
14183,105760
14184,105753
14185,105746
14186,105738
14187,105731
14188,105723
14189,105716
14190,105708
14191,105701
14192,105693
14193,105686
14194,105678
14195,105671
14196,105664
14197,105656
14198,105649
14199,105641
14200,105634
14201,105626
14202,105619
14203,105611
14204,105604
14205,105597
14206,105589
14207,105582
14208,105574
14209,105567
14210,105559
14211,105552
14212,105545
14213,105537
14214,105530
14215,105522
14216,105515
14217,105507
14218,105500
14219,105493
14220,105485
14221,105478
14222,105470
14223,105463
14224,105456
14225,105448
14226,105441
14227,105433
14228,105426
14229,105419
14230,105411
14231,105404
14232,105396
14233,105389
14234,105381
14235,105374
14236,105367
14237,105359
14238,105352
14239,105344
14240,105337
14241,105330
14242,105322
14243,105315
14244,105307
14245,105300
14246,105293
14247,105285
14248,105278
14249,105271
14250,105263
14251,105256
14252,105248
14253,105241
14254,105234
14255,105226
14256,105219
14257,105211
14258,105204
14259,105197
14260,105189
14261,105182
14262,105175
14263,105167
14264,105160
14265,105152
14266,105145
14267,105138
14268,105130
14269,105123
14270,105116
14271,105108
14272,105101
14273,105094
14274,105086
14275,105079
14276,105071
14277,105064
14278,105057
14279,105049
14280,105042
14281,105035
14282,105027
14283,105020
14284,105013
14285,105005
14286,104998
14287,104991
14288,104983
14289,104976
14290,104969
14291,104961
14292,104954
14293,104946
14294,104939
14295,104932
14296,104924
14297,104917
14298,104910
14299,104902
14300,104895
14301,104888
14302,104880
14303,104873
14304,104866
14305,104858
14306,104851
14307,104844
14308,104836
14309,104829
14310,104822
14311,104814
14312,104807
14313,104800
14314,104793
14315,104785
14316,104778
14317,104771
14318,104763
14319,104756
14320,104749
14321,104741
14322,104734
14323,104727
14324,104719
14325,104712
14326,104705
14327,104697
14328,104690
14329,104683
14330,104676
14331,104668
14332,104661
14333,104654
14334,104646
14335,104639
14336,104632
14337,104624
14338,104617
14339,104610
14340,104603
14341,104595
14342,104588
14343,104581
14344,104573
14345,104566
14346,104559
14347,104551
14348,104544
14349,104537
14350,104530
14351,104522
14352,104515
14353,104508
14354,104500
14355,104493
14356,104486
14357,104479
14358,104471
14359,104464
14360,104457
14361,104450
14362,104442
14363,104435
14364,104428
14365,104420
14366,104413
14367,104406
14368,104399
14369,104391
14370,104384
14371,104377
14372,104370
14373,104362
14374,104355
14375,104348
14376,104341
14377,104333
14378,104326
14379,104319
14380,104312
14381,104304
14382,104297
14383,104290
14384,104283
14385,104275
14386,104268
14387,104261
14388,104254
14389,104246
14390,104239
14391,104232
14392,104225
14393,104217
14394,104210
14395,104203
14396,104196
14397,104188
14398,104181
14399,104174
14400,104167
14401,104159
14402,104152
14403,104145
14404,104138
14405,104131
14406,104123
14407,104116
14408,104109
14409,104102
14410,104094
14411,104087
14412,104080
14413,104073
14414,104065
14415,104058
14416,104051
14417,104044
14418,104037
14419,104029
14420,104022
14421,104015
14422,104008
14423,104001
14424,103993
14425,103986
14426,103979
14427,103972
14428,103965
14429,103957
14430,103950
14431,103943
14432,103936
14433,103928
14434,103921
14435,103914
14436,103907
14437,103900
14438,103893
14439,103885
14440,103878
14441,103871
14442,103864
14443,103857
14444,103849
14445,103842
14446,103835
14447,103828
14448,103821
14449,103813
14450,103806
14451,103799
14452,103792
14453,103785
14454,103778
14455,103770
14456,103763
14457,103756
14458,103749
14459,103742
14460,103734
14461,103727
14462,103720
14463,103713
14464,103706
14465,103699
14466,103691
14467,103684
14468,103677
14469,103670
14470,103663
14471,103656
14472,103648
14473,103641
14474,103634
14475,103627
14476,103620
14477,103613
14478,103605
14479,103598
14480,103591
14481,103584
14482,103577
14483,103570
14484,103563
14485,103555
14486,103548
14487,103541
14488,103534
14489,103527
14490,103520
14491,103513
14492,103505
14493,103498
14494,103491
14495,103484
14496,103477
14497,103470
14498,103463
14499,103455
14500,103448
14501,103441
14502,103434
14503,103427
14504,103420
14505,103413
14506,103405
14507,103398
14508,103391
14509,103384
14510,103377
14511,103370
14512,103363
14513,103356
14514,103348
14515,103341
14516,103334
14517,103327
14518,103320
14519,103313
14520,103306
14521,103299
14522,103292
14523,103284
14524,103277
14525,103270
14526,103263
14527,103256
14528,103249
14529,103242
14530,103235
14531,103228
14532,103220
14533,103213
14534,103206
14535,103199
14536,103192
14537,103185
14538,103178
14539,103171
14540,103164
14541,103157
14542,103149
14543,103142
14544,103135
14545,103128
14546,103121
14547,103114
14548,103107
14549,103100
14550,103093
14551,103086
14552,103079
14553,103072
14554,103064
14555,103057
14556,103050
14557,103043
14558,103036
14559,103029
14560,103022
14561,103015
14562,103008
14563,103001
14564,102994
14565,102987
14566,102980
14567,102972
14568,102965
14569,102958
14570,102951
14571,102944
14572,102937
14573,102930
14574,102923
14575,102916
14576,102909
14577,102902
14578,102895
14579,102888
14580,102881
14581,102874
14582,102867
14583,102859
14584,102852
14585,102845
14586,102838
14587,102831
14588,102824
14589,102817
14590,102810
14591,102803
14592,102796
14593,102789
14594,102782
14595,102775
14596,102768
14597,102761
14598,102754
14599,102747
14600,102740
14601,102733
14602,102726
14603,102719
14604,102712
14605,102705
14606,102698
14607,102690
14608,102683
14609,102676
14610,102669
14611,102662
14612,102655
14613,102648
14614,102641
14615,102634
14616,102627
14617,102620
14618,102613
14619,102606
14620,102599
14621,102592
14622,102585
14623,102578
14624,102571
14625,102564
14626,102557
14627,102550
14628,102543
14629,102536
14630,102529
14631,102522
14632,102515
14633,102508
14634,102501
14635,102494
14636,102487
14637,102480
14638,102473
14639,102466
14640,102459
14641,102452
14642,102445
14643,102438
14644,102431
14645,102424
14646,102417
14647,102410
14648,102403
14649,102396
14650,102389
14651,102382
14652,102375
14653,102368
14654,102361
14655,102354
14656,102347
14657,102340
14658,102333
14659,102326
14660,102319
14661,102312
14662,102305
14663,102298
14664,102291
14665,102284
14666,102277
14667,102270
14668,102263
14669,102256
14670,102249
14671,102243
14672,102236
14673,102229
14674,102222
14675,102215
14676,102208
14677,102201
14678,102194
14679,102187
14680,102180
14681,102173
14682,102166
14683,102159
14684,102152
14685,102145
14686,102138
14687,102131
14688,102124
14689,102117
14690,102110
14691,102103
14692,102096
14693,102089
14694,102082
14695,102076
14696,102069
14697,102062
14698,102055
14699,102048
14700,102041
14701,102034
14702,102027
14703,102020
14704,102013
14705,102006
14706,101999
14707,101992
14708,101985
14709,101978
14710,101971
14711,101965
14712,101958
14713,101951
14714,101944
14715,101937
14716,101930
14717,101923
14718,101916
14719,101909
14720,101902
14721,101895
14722,101888
14723,101881
14724,101874
14725,101868
14726,101861
14727,101854
14728,101847
14729,101840
14730,101833
14731,101826
14732,101819
14733,101812
14734,101805
14735,101798
14736,101792
14737,101785
14738,101778
14739,101771
14740,101764
14741,101757
14742,101750
14743,101743
14744,101736
14745,101729
14746,101723
14747,101716
14748,101709
14749,101702
14750,101695
14751,101688
14752,101681
14753,101674
14754,101667
14755,101660
14756,101654
14757,101647
14758,101640
14759,101633
14760,101626
14761,101619
14762,101612
14763,101605
14764,101598
14765,101592
14766,101585
14767,101578
14768,101571
14769,101564
14770,101557
14771,101550
14772,101543
14773,101537
14774,101530
14775,101523
14776,101516
14777,101509
14778,101502
14779,101495
14780,101488
14781,101482
14782,101475
14783,101468
14784,101461
14785,101454
14786,101447
14787,101440
14788,101434
14789,101427
14790,101420
14791,101413
14792,101406
14793,101399
14794,101392
14795,101386
14796,101379
14797,101372
14798,101365
14799,101358
14800,101351
14801,101345
14802,101338
14803,101331
14804,101324
14805,101317
14806,101310
14807,101303
14808,101297
14809,101290
14810,101283
14811,101276
14812,101269
14813,101262
14814,101256
14815,101249
14816,101242
14817,101235
14818,101228
14819,101221
14820,101215
14821,101208
14822,101201
14823,101194
14824,101187
14825,101180
14826,101174
14827,101167
14828,101160
14829,101153
14830,101146
14831,101140
14832,101133
14833,101126
14834,101119
14835,101112
14836,101105
14837,101099
14838,101092
14839,101085
14840,101078
14841,101071
14842,101065
14843,101058
14844,101051
14845,101044
14846,101037
14847,101031
14848,101024
14849,101017
14850,101010
14851,101003
14852,100996
14853,100990
14854,100983
14855,100976
14856,100969
14857,100963
14858,100956
14859,100949
14860,100942
14861,100935
14862,100929
14863,100922
14864,100915
14865,100908
14866,100901
14867,100895
14868,100888
14869,100881
14870,100874
14871,100867
14872,100861
14873,100854
14874,100847
14875,100840
14876,100834
14877,100827
14878,100820
14879,100813
14880,100806
14881,100800
14882,100793
14883,100786
14884,100779
14885,100773
14886,100766
14887,100759
14888,100752
14889,100746
14890,100739
14891,100732
14892,100725
14893,100718
14894,100712
14895,100705
14896,100698
14897,100691
14898,100685
14899,100678
14900,100671
14901,100664
14902,100658
14903,100651
14904,100644
14905,100637
14906,100631
14907,100624
14908,100617
14909,100610
14910,100604
14911,100597
14912,100590
14913,100583
14914,100577
14915,100570
14916,100563
14917,100556
14918,100550
14919,100543
14920,100536
14921,100529
14922,100523
14923,100516
14924,100509
14925,100503
14926,100496
14927,100489
14928,100482
14929,100476
14930,100469
14931,100462
14932,100455
14933,100449
14934,100442
14935,100435
14936,100428
14937,100422
14938,100415
14939,100408
14940,100402
14941,100395
14942,100388
14943,100381
14944,100375
14945,100368
14946,100361
14947,100355
14948,100348
14949,100341
14950,100334
14951,100328
14952,100321
14953,100314
14954,100308
14955,100301
14956,100294
14957,100287
14958,100281
14959,100274
14960,100267
14961,100261
14962,100254
14963,100247
14964,100241
14965,100234
14966,100227
14967,100220
14968,100214
14969,100207
14970,100200
14971,100194
14972,100187
14973,100180
14974,100174
14975,100167
14976,100160
14977,100154
14978,100147
14979,100140
14980,100134
14981,100127
14982,100120
14983,100113
14984,100107
14985,100100
14986,100093
14987,100087
14988,100080
14989,100073
14990,100067
14991,100060
14992,100053
14993,100047
14994,100040
14995,100033
14996,100027
14997,100020
14998,100013
14999,100007
15000,100000
15001,99993
15002,99987
15003,99980
15004,99973
15005,99967
15006,99960
15007,99953
15008,99947
15009,99940
15010,99933
15011,99927
15012,99920
15013,99913
15014,99907
15015,99900
15016,99893
15017,99887
15018,99880
15019,99873
15020,99867
15021,99860
15022,99854
15023,99847
15024,99840
15025,99834
15026,99827
15027,99820
15028,99814
15029,99807
15030,99800
15031,99794
15032,99787
15033,99780
15034,99774
15035,99767
15036,99761
15037,99754
15038,99747
15039,99741
15040,99734
15041,99727
15042,99721
15043,99714
15044,99708
15045,99701
15046,99694
15047,99688
15048,99681
15049,99674
15050,99668
15051,99661
15052,99655
15053,99648
15054,99641
15055,99635
15056,99628
15057,99621
15058,99615
15059,99608
15060,99602
15061,99595
15062,99588
15063,99582
15064,99575
15065,99569
15066,99562
15067,99555
15068,99549
15069,99542
15070,99536
15071,99529
15072,99522
15073,99516
15074,99509
15075,99502
15076,99496
15077,99489
15078,99483
15079,99476
15080,99469
15081,99463
15082,99456
15083,99450
15084,99443
15085,99437
15086,99430
15087,99423
15088,99417
15089,99410
15090,99404
15091,99397
15092,99390
15093,99384
15094,99377
15095,99371
15096,99364
15097,99357
15098,99351
15099,99344
15100,99338
15101,99331
15102,99325
15103,99318
15104,99311
15105,99305
15106,99298
15107,99292
15108,99285
15109,99279
15110,99272
15111,99265
15112,99259
15113,99252
15114,99246
15115,99239
15116,99233
15117,99226
15118,99219
15119,99213
15120,99206
15121,99200
15122,99193
15123,99187
15124,99180
15125,99174
15126,99167
15127,99160
15128,99154
15129,99147
15130,99141
15131,99134
15132,99128
15133,99121
15134,99115
15135,99108
15136,99101
15137,99095
15138,99088
15139,99082
15140,99075
15141,99069
15142,99062
15143,99056
15144,99049
15145,99043
15146,99036
15147,99030
15148,99023
15149,99016
15150,99010
15151,99003
15152,98997
15153,98990
15154,98984
15155,98977
15156,98971
15157,98964
15158,98958
15159,98951
15160,98945
15161,98938
15162,98932
15163,98925
15164,98918
15165,98912
15166,98905
15167,98899
15168,98892
15169,98886
15170,98879
15171,98873
15172,98866
15173,98860
15174,98853
15175,98847
15176,98840
15177,98834
15178,98827
15179,98821
15180,98814
15181,98808
15182,98801
15183,98795
15184,98788
15185,98782
15186,98775
15187,98769
15188,98762
15189,98756
15190,98749
15191,98743
15192,98736
15193,98730
15194,98723
15195,98717
15196,98710
15197,98704
15198,98697
15199,98691
15200,98684
15201,98678
15202,98671
15203,98665
15204,98658
15205,98652
15206,98645
15207,98639
15208,98632
15209,98626
15210,98619
15211,98613
15212,98606
15213,98600
15214,98593
15215,98587
15216,98580
15217,98574
15218,98567
15219,98561
15220,98555
15221,98548
15222,98542
15223,98535
15224,98529
15225,98522
15226,98516
15227,98509
15228,98503
15229,98496
15230,98490
15231,98483
15232,98477
15233,98470
15234,98464
15235,98457
15236,98451
15237,98445
15238,98438
15239,98432
15240,98425
15241,98419
15242,98412
15243,98406
15244,98399
15245,98393
15246,98386
15247,98380
15248,98374
15249,98367
15250,98361
15251,98354
15252,98348
15253,98341
15254,98335
15255,98328
15256,98322
15257,98316
15258,98309
15259,98303
15260,98296
15261,98290
15262,98283
15263,98277
15264,98270
15265,98264
15266,98258
15267,98251
15268,98245
15269,98238
15270,98232
15271,98225
15272,98219
15273,98213
15274,98206
15275,98200
15276,98193
15277,98187
15278,98180
15279,98174
15280,98168
15281,98161
15282,98155
15283,98148
15284,98142
15285,98135
15286,98129
15287,98123
15288,98116
15289,98110
15290,98103
15291,98097
15292,98091
15293,98084
15294,98078
15295,98071
15296,98065
15297,98058
15298,98052
15299,98046
15300,98039
15301,98033
15302,98026
15303,98020
15304,98014
15305,98007
15306,98001
15307,97994
15308,97988
15309,97982
15310,97975
15311,97969
15312,97962
15313,97956
15314,97950
15315,97943
15316,97937
15317,97930
15318,97924
15319,97918
15320,97911
15321,97905
15322,97898
15323,97892
15324,97886
15325,97879
15326,97873
15327,97867
15328,97860
15329,97854
15330,97847
15331,97841
15332,97835
15333,97828
15334,97822
15335,97815
15336,97809
15337,97803
15338,97796
15339,97790
15340,97784
15341,97777
15342,97771
15343,97764
15344,97758
15345,97752
15346,97745
15347,97739
15348,97733
15349,97726
15350,97720
15351,97714
15352,97707
15353,97701
15354,97694
15355,97688
15356,97682
15357,97675
15358,97669
15359,97663
15360,97656
15361,97650
15362,97644
15363,97637
15364,97631
15365,97624
15366,97618
15367,97612
15368,97605
15369,97599
15370,97593
15371,97586
15372,97580
15373,97574
15374,97567
15375,97561
15376,97555
15377,97548
15378,97542
15379,97536
15380,97529
15381,97523
15382,97517
15383,97510
15384,97504
15385,97498
15386,97491
15387,97485
15388,97479
15389,97472
15390,97466
15391,97460
15392,97453
15393,97447
15394,97441
15395,97434
15396,97428
15397,97422
15398,97415
15399,97409
15400,97403
15401,97396
15402,97390
15403,97384
15404,97377
15405,97371
15406,97365
15407,97358
15408,97352
15409,97346
15410,97339
15411,97333
15412,97327
15413,97320
15414,97314
15415,97308
15416,97302
15417,97295
15418,97289
15419,97283
15420,97276
15421,97270
15422,97264
15423,97257
15424,97251
15425,97245
15426,97238
15427,97232
15428,97226
15429,97220
15430,97213
15431,97207
15432,97201
15433,97194
15434,97188
15435,97182
15436,97175
15437,97169
15438,97163
15439,97157
15440,97150
15441,97144
15442,97138
15443,97131
15444,97125
15445,97119
15446,97113
15447,97106
15448,97100
15449,97094
15450,97087
15451,97081
15452,97075
15453,97069
15454,97062
15455,97056
15456,97050
15457,97043
15458,97037
15459,97031
15460,97025
15461,97018
15462,97012
15463,97006
15464,96999
15465,96993
15466,96987
15467,96981
15468,96974
15469,96968
15470,96962
15471,96956
15472,96949
15473,96943
15474,96937
15475,96931
15476,96924
15477,96918
15478,96912
15479,96905
15480,96899
15481,96893
15482,96887
15483,96880
15484,96874
15485,96868
15486,96862
15487,96855
15488,96849
15489,96843
15490,96837
15491,96830
15492,96824
15493,96818
15494,96812
15495,96805
15496,96799
15497,96793
15498,96787
15499,96780
15500,96774
15501,96768
15502,96762
15503,96755
15504,96749
15505,96743
15506,96737
15507,96731
15508,96724
15509,96718
15510,96712
15511,96706
15512,96699
15513,96693
15514,96687
15515,96681
15516,96674
15517,96668
15518,96662
15519,96656
15520,96649
15521,96643
15522,96637
15523,96631
15524,96625
15525,96618
15526,96612
15527,96606
15528,96600
15529,96593
15530,96587
15531,96581
15532,96575
15533,96569
15534,96562
15535,96556
15536,96550
15537,96544
15538,96538
15539,96531
15540,96525
15541,96519
15542,96513
15543,96506
15544,96500
15545,96494
15546,96488
15547,96482
15548,96475
15549,96469
15550,96463
15551,96457
15552,96451
15553,96444
15554,96438
15555,96432
15556,96426
15557,96420
15558,96413
15559,96407
15560,96401
15561,96395
15562,96389
15563,96382
15564,96376
15565,96370
15566,96364
15567,96358
15568,96351
15569,96345
15570,96339
15571,96333
15572,96327
15573,96321
15574,96314
15575,96308
15576,96302
15577,96296
15578,96290
15579,96283
15580,96277
15581,96271
15582,96265
15583,96259
15584,96253
15585,96246
15586,96240
15587,96234
15588,96228
15589,96222
15590,96216
15591,96209
15592,96203
15593,96197
15594,96191
15595,96185
15596,96179
15597,96172
15598,96166
15599,96160
15600,96154
15601,96148
15602,96142
15603,96135
15604,96129
15605,96123
15606,96117
15607,96111
15608,96105
15609,96098
15610,96092
15611,96086
15612,96080
15613,96074
15614,96068
15615,96061
15616,96055
15617,96049
15618,96043
15619,96037
15620,96031
15621,96025
15622,96018
15623,96012
15624,96006
15625,96000
15626,95994
15627,95988
15628,95982
15629,95975
15630,95969
15631,95963
15632,95957
15633,95951
15634,95945
15635,95939
15636,95932
15637,95926
15638,95920
15639,95914
15640,95908
15641,95902
15642,95896
15643,95890
15644,95883
15645,95877
15646,95871
15647,95865
15648,95859
15649,95853
15650,95847
15651,95841
15652,95834
15653,95828
15654,95822
15655,95816
15656,95810
15657,95804
15658,95798
15659,95792
15660,95785
15661,95779
15662,95773
15663,95767
15664,95761
15665,95755
15666,95749
15667,95743
15668,95737
15669,95730
15670,95724
15671,95718
15672,95712
15673,95706
15674,95700
15675,95694
15676,95688
15677,95682
15678,95675
15679,95669
15680,95663
15681,95657
15682,95651
15683,95645
15684,95639
15685,95633
15686,95627
15687,95621
15688,95614
15689,95608
15690,95602
15691,95596
15692,95590
15693,95584
15694,95578
15695,95572
15696,95566
15697,95560
15698,95554
15699,95547
15700,95541
15701,95535
15702,95529
15703,95523
15704,95517
15705,95511
15706,95505
15707,95499
15708,95493
15709,95487
15710,95481
15711,95475
15712,95468
15713,95462
15714,95456
15715,95450
15716,95444
15717,95438
15718,95432
15719,95426
15720,95420
15721,95414
15722,95408
15723,95402
15724,95396
15725,95390
15726,95383
15727,95377
15728,95371
15729,95365
15730,95359
15731,95353
15732,95347
15733,95341
15734,95335
15735,95329
15736,95323
15737,95317
15738,95311
15739,95305
15740,95299
15741,95293
15742,95286
15743,95280
15744,95274
15745,95268
15746,95262
15747,95256
15748,95250
15749,95244
15750,95238
15751,95232
15752,95226
15753,95220
15754,95214
15755,95208
15756,95202
15757,95196
15758,95190
15759,95184
15760,95178
15761,95172
15762,95166
15763,95160
15764,95154
15765,95147
15766,95141
15767,95135
15768,95129
15769,95123
15770,95117
15771,95111
15772,95105
15773,95099
15774,95093
15775,95087
15776,95081
15777,95075
15778,95069
15779,95063
15780,95057
15781,95051
15782,95045
15783,95039
15784,95033
15785,95027
15786,95021
15787,95015
15788,95009
15789,95003
15790,94997
15791,94991
15792,94985
15793,94979
15794,94973
15795,94967
15796,94961
15797,94955
15798,94949
15799,94943
15800,94937
15801,94931
15802,94925
15803,94919
15804,94913
15805,94907
15806,94901
15807,94895
15808,94889
15809,94883
15810,94877
15811,94871
15812,94865
15813,94859
15814,94853
15815,94847
15816,94841
15817,94835
15818,94829
15819,94823
15820,94817
15821,94811
15822,94805
15823,94799
15824,94793
15825,94787
15826,94781
15827,94775
15828,94769
15829,94763
15830,94757
15831,94751
15832,94745
15833,94739
15834,94733
15835,94727
15836,94721
15837,94715
15838,94709
15839,94703
15840,94697
15841,94691
15842,94685
15843,94679
15844,94673
15845,94667
15846,94661
15847,94655
15848,94649
15849,94643
15850,94637
15851,94631
15852,94625
15853,94619
15854,94613
15855,94607
15856,94601
15857,94595
15858,94589
15859,94584
15860,94578
15861,94572
15862,94566
15863,94560
15864,94554
15865,94548
15866,94542
15867,94536
15868,94530
15869,94524
15870,94518
15871,94512
15872,94506
15873,94500
15874,94494
15875,94488
15876,94482
15877,94476
15878,94470
15879,94464
15880,94458
15881,94452
15882,94447
15883,94441
15884,94435
15885,94429
15886,94423
15887,94417
15888,94411
15889,94405
15890,94399
15891,94393
15892,94387
15893,94381
15894,94375
15895,94369
15896,94363
15897,94357
15898,94351
15899,94346
15900,94340
15901,94334
15902,94328
15903,94322
15904,94316
15905,94310
15906,94304
15907,94298
15908,94292
15909,94286
15910,94280
15911,94274
15912,94268
15913,94263
15914,94257
15915,94251
15916,94245
15917,94239
15918,94233
15919,94227
15920,94221
15921,94215
15922,94209
15923,94203
15924,94197
15925,94192
15926,94186
15927,94180
15928,94174
15929,94168
15930,94162
15931,94156
15932,94150
15933,94144
15934,94138
15935,94132
15936,94127
15937,94121
15938,94115
15939,94109
15940,94103
15941,94097
15942,94091
15943,94085
15944,94079
15945,94073
15946,94067
15947,94062
15948,94056
15949,94050
15950,94044
15951,94038
15952,94032
15953,94026
15954,94020
15955,94014
15956,94009
15957,94003
15958,93997
15959,93991
15960,93985
15961,93979
15962,93973
15963,93967
15964,93961
15965,93956
15966,93950
15967,93944
15968,93938
15969,93932
15970,93926
15971,93920
15972,93914
15973,93908
15974,93903
15975,93897
15976,93891
15977,93885
15978,93879
15979,93873
15980,93867
15981,93861
15982,93856
15983,93850
15984,93844
15985,93838
15986,93832
15987,93826
15988,93820
15989,93814
15990,93809
15991,93803
15992,93797
15993,93791
15994,93785
15995,93779
15996,93773
15997,93768
15998,93762
15999,93756
16000,93750
16001,93744
16002,93738
16003,93732
16004,93727
16005,93721
16006,93715
16007,93709
16008,93703
16009,93697
16010,93691
16011,93686
16012,93680
16013,93674
16014,93668
16015,93662
16016,93656
16017,93650
16018,93645
16019,93639
16020,93633
16021,93627
16022,93621
16023,93615
16024,93610
16025,93604
16026,93598
16027,93592
16028,93586
16029,93580
16030,93575
16031,93569
16032,93563
16033,93557
16034,93551
16035,93545
16036,93540
16037,93534
16038,93528
16039,93522
16040,93516
16041,93510
16042,93505
16043,93499
16044,93493
16045,93487
16046,93481
16047,93475
16048,93470
16049,93464
16050,93458
16051,93452
16052,93446
16053,93440
16054,93435
16055,93429
16056,93423
16057,93417
16058,93411
16059,93406
16060,93400
16061,93394
16062,93388
16063,93382
16064,93376
16065,93371
16066,93365
16067,93359
16068,93353
16069,93347
16070,93342
16071,93336
16072,93330
16073,93324
16074,93318
16075,93313
16076,93307
16077,93301
16078,93295
16079,93289
16080,93284
16081,93278
16082,93272
16083,93266
16084,93260
16085,93255
16086,93249
16087,93243
16088,93237
16089,93231
16090,93226
16091,93220
16092,93214
16093,93208
16094,93202
16095,93197
16096,93191
16097,93185
16098,93179
16099,93173
16100,93168
16101,93162
16102,93156
16103,93150
16104,93145
16105,93139
16106,93133
16107,93127
16108,93121
16109,93116
16110,93110
16111,93104
16112,93098
16113,93093
16114,93087
16115,93081
16116,93075
16117,93069
16118,93064
16119,93058
16120,93052
16121,93046
16122,93041
16123,93035
16124,93029
16125,93023
16126,93017
16127,93012
16128,93006
16129,93000
16130,92994
16131,92989
16132,92983
16133,92977
16134,92971
16135,92966
16136,92960
16137,92954
16138,92948
16139,92943
16140,92937
16141,92931
16142,92925
16143,92920
16144,92914
16145,92908
16146,92902
16147,92897
16148,92891
16149,92885
16150,92879
16151,92874
16152,92868
16153,92862
16154,92856
16155,92851
16156,92845
16157,92839
16158,92833
16159,92828
16160,92822
16161,92816
16162,92810
16163,92805
16164,92799
16165,92793
16166,92787
16167,92782
16168,92776
16169,92770
16170,92764
16171,92759
16172,92753
16173,92747
16174,92741
16175,92736
16176,92730
16177,92724
16178,92719
16179,92713
16180,92707
16181,92701
16182,92696
16183,92690
16184,92684
16185,92678
16186,92673
16187,92667
16188,92661
16189,92656
16190,92650
16191,92644
16192,92638
16193,92633
16194,92627
16195,92621
16196,92615
16197,92610
16198,92604
16199,92598
16200,92593
16201,92587
16202,92581
16203,92575
16204,92570
16205,92564
16206,92558
16207,92553
16208,92547
16209,92541
16210,92535
16211,92530
16212,92524
16213,92518
16214,92513
16215,92507
16216,92501
16217,92496
16218,92490
16219,92484
16220,92478
16221,92473
16222,92467
16223,92461
16224,92456
16225,92450
16226,92444
16227,92439
16228,92433
16229,92427
16230,92421
16231,92416
16232,92410
16233,92404
16234,92399
16235,92393
16236,92387
16237,92382
16238,92376
16239,92370
16240,92365
16241,92359
16242,92353
16243,92347
16244,92342
16245,92336
16246,92330
16247,92325
16248,92319
16249,92313
16250,92308
16251,92302
16252,92296
16253,92291
16254,92285
16255,92279
16256,92274
16257,92268
16258,92262
16259,92257
16260,92251
16261,92245
16262,92240
16263,92234
16264,92228
16265,92223
16266,92217
16267,92211
16268,92206
16269,92200
16270,92194
16271,92189
16272,92183
16273,92177
16274,92172
16275,92166
16276,92160
16277,92155
16278,92149
16279,92143
16280,92138
16281,92132
16282,92126
16283,92121
16284,92115
16285,92109
16286,92104
16287,92098
16288,92092
16289,92087
16290,92081
16291,92075
16292,92070
16293,92064
16294,92058
16295,92053
16296,92047
16297,92041
16298,92036
16299,92030
16300,92025
16301,92019
16302,92013
16303,92008
16304,92002
16305,91996
16306,91991
16307,91985
16308,91979
16309,91974
16310,91968
16311,91962
16312,91957
16313,91951
16314,91946
16315,91940
16316,91934
16317,91929
16318,91923
16319,91917
16320,91912
16321,91906
16322,91901
16323,91895
16324,91889
16325,91884
16326,91878
16327,91872
16328,91867
16329,91861
16330,91855
16331,91850
16332,91844
16333,91839
16334,91833
16335,91827
16336,91822
16337,91816
16338,91811
16339,91805
16340,91799
16341,91794
16342,91788
16343,91782
16344,91777
16345,91771
16346,91766
16347,91760
16348,91754
16349,91749
16350,91743
16351,91738
16352,91732
16353,91726
16354,91721
16355,91715
16356,91709
16357,91704
16358,91698
16359,91693
16360,91687
16361,91681
16362,91676
16363,91670
16364,91665
16365,91659
16366,91653
16367,91648
16368,91642
16369,91637
16370,91631
16371,91625
16372,91620
16373,91614
16374,91609
16375,91603
16376,91597
16377,91592
16378,91586
16379,91581
16380,91575
16381,91570
16382,91564
16383,91558
16384,91553
16385,91547
16386,91542
16387,91536
16388,91530
16389,91525
16390,91519
16391,91514
16392,91508
16393,91502
16394,91497
16395,91491
16396,91486
16397,91480
16398,91475
16399,91469
16400,91463
16401,91458
16402,91452
16403,91447
16404,91441
16405,91436
16406,91430
16407,91424
16408,91419
16409,91413
16410,91408
16411,91402
16412,91397
16413,91391
16414,91385
16415,91380
16416,91374
16417,91369
16418,91363
16419,91358
16420,91352
16421,91346
16422,91341
16423,91335
16424,91330
16425,91324
16426,91319
16427,91313
16428,91308
16429,91302
16430,91296
16431,91291
16432,91285
16433,91280
16434,91274
16435,91269
16436,91263
16437,91258
16438,91252
16439,91246
16440,91241
16441,91235
16442,91230
16443,91224
16444,91219
16445,91213
16446,91208
16447,91202
16448,91196
16449,91191
16450,91185
16451,91180
16452,91174
16453,91169
16454,91163
16455,91158
16456,91152
16457,91147
16458,91141
16459,91136
16460,91130
16461,91124
16462,91119
16463,91113
16464,91108
16465,91102
16466,91097
16467,91091
16468,91086
16469,91080
16470,91075
16471,91069
16472,91064
16473,91058
16474,91053
16475,91047
16476,91042
16477,91036
16478,91030
16479,91025
16480,91019
16481,91014
16482,91008
16483,91003
16484,90997
16485,90992
16486,90986
16487,90981
16488,90975
16489,90970
16490,90964
16491,90959
16492,90953
16493,90948
16494,90942
16495,90937
16496,90931
16497,90926
16498,90920
16499,90915
16500,90909
16501,90904
16502,90898
16503,90893
16504,90887
16505,90882
16506,90876
16507,90871
16508,90865
16509,90860
16510,90854
16511,90849
16512,90843
16513,90838
16514,90832
16515,90827
16516,90821
16517,90816
16518,90810
16519,90805
16520,90799
16521,90794
16522,90788
16523,90783
16524,90777
16525,90772
16526,90766
16527,90761
16528,90755
16529,90750
16530,90744
16531,90739
16532,90733
16533,90728
16534,90722
16535,90717
16536,90711
16537,90706
16538,90700
16539,90695
16540,90689
16541,90684
16542,90678
16543,90673
16544,90667
16545,90662
16546,90656
16547,90651
16548,90645
16549,90640
16550,90634
16551,90629
16552,90623
16553,90618
16554,90613
16555,90607
16556,90602
16557,90596
16558,90591
16559,90585
16560,90580
16561,90574
16562,90569
16563,90563
16564,90558
16565,90552
16566,90547
16567,90541
16568,90536
16569,90531
16570,90525
16571,90520
16572,90514
16573,90509
16574,90503
16575,90498
16576,90492
16577,90487
16578,90481
16579,90476
16580,90470
16581,90465
16582,90460
16583,90454
16584,90449
16585,90443
16586,90438
16587,90432
16588,90427
16589,90421
16590,90416
16591,90410
16592,90405
16593,90400
16594,90394
16595,90389
16596,90383
16597,90378
16598,90372
16599,90367
16600,90361
16601,90356
16602,90351
16603,90345
16604,90340
16605,90334
16606,90329
16607,90323
16608,90318
16609,90312
16610,90307
16611,90302
16612,90296
16613,90291
16614,90285
16615,90280
16616,90274
16617,90269
16618,90264
16619,90258
16620,90253
16621,90247
16622,90242
16623,90236
16624,90231
16625,90226
16626,90220
16627,90215
16628,90209
16629,90204
16630,90198
16631,90193
16632,90188
16633,90182
16634,90177
16635,90171
16636,90166
16637,90160
16638,90155
16639,90150
16640,90144
16641,90139
16642,90133
16643,90128
16644,90123
16645,90117
16646,90112
16647,90106
16648,90101
16649,90096
16650,90090
16651,90085
16652,90079
16653,90074
16654,90068
16655,90063
16656,90058
16657,90052
16658,90047
16659,90041
16660,90036
16661,90031
16662,90025
16663,90020
16664,90014
16665,90009
16666,90004
16667,89998
16668,89993
16669,89987
16670,89982
16671,89977
16672,89971
16673,89966
16674,89960
16675,89955
16676,89950
16677,89944
16678,89939
16679,89933
16680,89928
16681,89923
16682,89917
16683,89912
16684,89906
16685,89901
16686,89896
16687,89890
16688,89885
16689,89880
16690,89874
16691,89869
16692,89863
16693,89858
16694,89853
16695,89847
16696,89842
16697,89836
16698,89831
16699,89826
16700,89820
16701,89815
16702,89810
16703,89804
16704,89799
16705,89793
16706,89788
16707,89783
16708,89777
16709,89772
16710,89767
16711,89761
16712,89756
16713,89750
16714,89745
16715,89740
16716,89734
16717,89729
16718,89724
16719,89718
16720,89713
16721,89708
16722,89702
16723,89697
16724,89691
16725,89686
16726,89681
16727,89675
16728,89670
16729,89665
16730,89659
16731,89654
16732,89649
16733,89643
16734,89638
16735,89633
16736,89627
16737,89622
16738,89616
16739,89611
16740,89606
16741,89600
16742,89595
16743,89590
16744,89584
16745,89579
16746,89574
16747,89568
16748,89563
16749,89558
16750,89552
16751,89547
16752,89542
16753,89536
16754,89531
16755,89526
16756,89520
16757,89515
16758,89509
16759,89504
16760,89499
16761,89493
16762,89488
16763,89483
16764,89477
16765,89472
16766,89467
16767,89461
16768,89456
16769,89451
16770,89445
16771,89440
16772,89435
16773,89429
16774,89424
16775,89419
16776,89413
16777,89408
16778,89403
16779,89397
16780,89392
16781,89387
16782,89381
16783,89376
16784,89371
16785,89366
16786,89360
16787,89355
16788,89350
16789,89344
16790,89339
16791,89334
16792,89328
16793,89323
16794,89318
16795,89312
16796,89307
16797,89302
16798,89296
16799,89291
16800,89286
16801,89280
16802,89275
16803,89270
16804,89264
16805,89259
16806,89254
16807,89249
16808,89243
16809,89238
16810,89233
16811,89227
16812,89222
16813,89217
16814,89211
16815,89206
16816,89201
16817,89195
16818,89190
16819,89185
16820,89180
16821,89174
16822,89169
16823,89164
16824,89158
16825,89153
16826,89148
16827,89142
16828,89137
16829,89132
16830,89127
16831,89121
16832,89116
16833,89111
16834,89105
16835,89100
16836,89095
16837,89090
16838,89084
16839,89079
16840,89074
16841,89068
16842,89063
16843,89058
16844,89052
16845,89047
16846,89042
16847,89037
16848,89031
16849,89026
16850,89021
16851,89015
16852,89010
16853,89005
16854,89000
16855,88994
16856,88989
16857,88984
16858,88979
16859,88973
16860,88968
16861,88963
16862,88957
16863,88952
16864,88947
16865,88942
16866,88936
16867,88931
16868,88926
16869,88921
16870,88915
16871,88910
16872,88905
16873,88899
16874,88894
16875,88889
16876,88884
16877,88878
16878,88873
16879,88868
16880,88863
16881,88857
16882,88852
16883,88847
16884,88842
16885,88836
16886,88831
16887,88826
16888,88820
16889,88815
16890,88810
16891,88805
16892,88799
16893,88794
16894,88789
16895,88784
16896,88778
16897,88773
16898,88768
16899,88763
16900,88757
16901,88752
16902,88747
16903,88742
16904,88736
16905,88731
16906,88726
16907,88721
16908,88715
16909,88710
16910,88705
16911,88700
16912,88694
16913,88689
16914,88684
16915,88679
16916,88673
16917,88668
16918,88663
16919,88658
16920,88652
16921,88647
16922,88642
16923,88637
16924,88632
16925,88626
16926,88621
16927,88616
16928,88611
16929,88605
16930,88600
16931,88595
16932,88590
16933,88584
16934,88579
16935,88574
16936,88569
16937,88564
16938,88558
16939,88553
16940,88548
16941,88543
16942,88537
16943,88532
16944,88527
16945,88522
16946,88516
16947,88511
16948,88506
16949,88501
16950,88496
16951,88490
16952,88485
16953,88480
16954,88475
16955,88469
16956,88464
16957,88459
16958,88454
16959,88449
16960,88443
16961,88438
16962,88433
16963,88428
16964,88423
16965,88417
16966,88412
16967,88407
16968,88402
16969,88396
16970,88391
16971,88386
16972,88381
16973,88376
16974,88370
16975,88365
16976,88360
16977,88355
16978,88350
16979,88344
16980,88339
16981,88334
16982,88329
16983,88324
16984,88318
16985,88313
16986,88308
16987,88303
16988,88298
16989,88292
16990,88287
16991,88282
16992,88277
16993,88272
16994,88266
16995,88261
16996,88256
16997,88251
16998,88246
16999,88240
17000,88235
17001,88230
17002,88225
17003,88220
17004,88215
17005,88209
17006,88204
17007,88199
17008,88194
17009,88189
17010,88183
17011,88178
17012,88173
17013,88168
17014,88163
17015,88158
17016,88152
17017,88147
17018,88142
17019,88137
17020,88132
17021,88126
17022,88121
17023,88116
17024,88111
17025,88106
17026,88101
17027,88095
17028,88090
17029,88085
17030,88080
17031,88075
17032,88070
17033,88064
17034,88059
17035,88054
17036,88049
17037,88044
17038,88039
17039,88033
17040,88028
17041,88023
17042,88018
17043,88013
17044,88008
17045,88002
17046,87997
17047,87992
17048,87987
17049,87982
17050,87977
17051,87971
17052,87966
17053,87961
17054,87956
17055,87951
17056,87946
17057,87940
17058,87935
17059,87930
17060,87925
17061,87920
17062,87915
17063,87910
17064,87904
17065,87899
17066,87894
17067,87889
17068,87884
17069,87879
17070,87873
17071,87868
17072,87863
17073,87858
17074,87853
17075,87848
17076,87843
17077,87837
17078,87832
17079,87827
17080,87822
17081,87817
17082,87812
17083,87807
17084,87801
17085,87796
17086,87791
17087,87786
17088,87781
17089,87776
17090,87771
17091,87765
17092,87760
17093,87755
17094,87750
17095,87745
17096,87740
17097,87735
17098,87730
17099,87724
17100,87719
17101,87714
17102,87709
17103,87704
17104,87699
17105,87694
17106,87689
17107,87683
17108,87678
17109,87673
17110,87668
17111,87663
17112,87658
17113,87653
17114,87648
17115,87642
17116,87637
17117,87632
17118,87627
17119,87622
17120,87617
17121,87612
17122,87607
17123,87601
17124,87596
17125,87591
17126,87586
17127,87581
17128,87576
17129,87571
17130,87566
17131,87561
17132,87555
17133,87550
17134,87545
17135,87540
17136,87535
17137,87530
17138,87525
17139,87520
17140,87515
17141,87509
17142,87504
17143,87499
17144,87494
17145,87489
17146,87484
17147,87479
17148,87474
17149,87469
17150,87464
17151,87458
17152,87453
17153,87448
17154,87443
17155,87438
17156,87433
17157,87428
17158,87423
17159,87418
17160,87413
17161,87407
17162,87402
17163,87397
17164,87392
17165,87387
17166,87382
17167,87377
17168,87372
17169,87367
17170,87362
17171,87357
17172,87352
17173,87346
17174,87341
17175,87336
17176,87331
17177,87326
17178,87321
17179,87316
17180,87311
17181,87306
17182,87301
17183,87296
17184,87291
17185,87285
17186,87280
17187,87275
17188,87270
17189,87265
17190,87260
17191,87255
17192,87250
17193,87245
17194,87240
17195,87235
17196,87230
17197,87225
17198,87219
17199,87214
17200,87209
17201,87204
17202,87199
17203,87194
17204,87189
17205,87184
17206,87179
17207,87174
17208,87169
17209,87164
17210,87159
17211,87154
17212,87149
17213,87143
17214,87138
17215,87133
17216,87128
17217,87123
17218,87118
17219,87113
17220,87108
17221,87103
17222,87098
17223,87093
17224,87088
17225,87083
17226,87078
17227,87073
17228,87068
17229,87063
17230,87057
17231,87052
17232,87047
17233,87042
17234,87037
17235,87032
17236,87027
17237,87022
17238,87017
17239,87012
17240,87007
17241,87002
17242,86997
17243,86992
17244,86987
17245,86982
17246,86977
17247,86972
17248,86967
17249,86962
17250,86957
17251,86951
17252,86946
17253,86941
17254,86936
17255,86931
17256,86926
17257,86921
17258,86916
17259,86911
17260,86906
17261,86901
17262,86896
17263,86891
17264,86886
17265,86881
17266,86876
17267,86871
17268,86866
17269,86861
17270,86856
17271,86851
17272,86846
17273,86841
17274,86836
17275,86831
17276,86826
17277,86821
17278,86816
17279,86811
17280,86806
17281,86801
17282,86796
17283,86790
17284,86785
17285,86780
17286,86775
17287,86770
17288,86765
17289,86760
17290,86755
17291,86750
17292,86745
17293,86740
17294,86735
17295,86730
17296,86725
17297,86720
17298,86715
17299,86710
17300,86705
17301,86700
17302,86695
17303,86690
17304,86685
17305,86680
17306,86675
17307,86670
17308,86665
17309,86660
17310,86655
17311,86650
17312,86645
17313,86640
17314,86635
17315,86630
17316,86625
17317,86620
17318,86615
17319,86610
17320,86605
17321,86600
17322,86595
17323,86590
17324,86585
17325,86580
17326,86575
17327,86570
17328,86565
17329,86560
17330,86555
17331,86550
17332,86545
17333,86540
17334,86535
17335,86530
17336,86525
17337,86520
17338,86515
17339,86510
17340,86505
17341,86500
17342,86495
17343,86490
17344,86485
17345,86480
17346,86475
17347,86470
17348,86465
17349,86460
17350,86455
17351,86450
17352,86445
17353,86440
17354,86435
17355,86430
17356,86425
17357,86420
17358,86415
17359,86411
17360,86406
17361,86401
17362,86396
17363,86391
17364,86386
17365,86381
17366,86376
17367,86371
17368,86366
17369,86361
17370,86356
17371,86351
17372,86346
17373,86341
17374,86336
17375,86331
17376,86326
17377,86321
17378,86316
17379,86311
17380,86306
17381,86301
17382,86296
17383,86291
17384,86286
17385,86281
17386,86276
17387,86271
17388,86266
17389,86261
17390,86256
17391,86252
17392,86247
17393,86242
17394,86237
17395,86232
17396,86227
17397,86222
17398,86217
17399,86212
17400,86207
17401,86202
17402,86197
17403,86192
17404,86187
17405,86182
17406,86177
17407,86172
17408,86167
17409,86162
17410,86157
17411,86152
17412,86147
17413,86143
17414,86138
17415,86133
17416,86128
17417,86123
17418,86118
17419,86113
17420,86108
17421,86103
17422,86098
17423,86093
17424,86088
17425,86083
17426,86078
17427,86073
17428,86068
17429,86063
17430,86059
17431,86054
17432,86049
17433,86044
17434,86039
17435,86034
17436,86029
17437,86024
17438,86019
17439,86014
17440,86009
17441,86004
17442,85999
17443,85994
17444,85989
17445,85985
17446,85980
17447,85975
17448,85970
17449,85965
17450,85960
17451,85955
17452,85950
17453,85945
17454,85940
17455,85935
17456,85930
17457,85925
17458,85920
17459,85916
17460,85911
17461,85906
17462,85901
17463,85896
17464,85891
17465,85886
17466,85881
17467,85876
17468,85871
17469,85866
17470,85861
17471,85857
17472,85852
17473,85847
17474,85842
17475,85837
17476,85832
17477,85827
17478,85822
17479,85817
17480,85812
17481,85807
17482,85803
17483,85798
17484,85793
17485,85788
17486,85783
17487,85778
17488,85773
17489,85768
17490,85763
17491,85758
17492,85753
17493,85749
17494,85744
17495,85739
17496,85734
17497,85729
17498,85724
17499,85719
17500,85714
17501,85709
17502,85704
17503,85700
17504,85695
17505,85690
17506,85685
17507,85680
17508,85675
17509,85670
17510,85665
17511,85660
17512,85656
17513,85651
17514,85646
17515,85641
17516,85636
17517,85631
17518,85626
17519,85621
17520,85616
17521,85612
17522,85607
17523,85602
17524,85597
17525,85592
17526,85587
17527,85582
17528,85577
17529,85572
17530,85568
17531,85563
17532,85558
17533,85553
17534,85548
17535,85543
17536,85538
17537,85533
17538,85529
17539,85524
17540,85519
17541,85514
17542,85509
17543,85504
17544,85499
17545,85494
17546,85490
17547,85485
17548,85480
17549,85475
17550,85470
17551,85465
17552,85460
17553,85455
17554,85451
17555,85446
17556,85441
17557,85436
17558,85431
17559,85426
17560,85421
17561,85417
17562,85412
17563,85407
17564,85402
17565,85397
17566,85392
17567,85387
17568,85383
17569,85378
17570,85373
17571,85368
17572,85363
17573,85358
17574,85353
17575,85349
17576,85344
17577,85339
17578,85334
17579,85329
17580,85324
17581,85319
17582,85315
17583,85310
17584,85305
17585,85300
17586,85295
17587,85290
17588,85285
17589,85281
17590,85276
17591,85271
17592,85266
17593,85261
17594,85256
17595,85251
17596,85247
17597,85242
17598,85237
17599,85232
17600,85227
17601,85222
17602,85218
17603,85213
17604,85208
17605,85203
17606,85198
17607,85193
17608,85189
17609,85184
17610,85179
17611,85174
17612,85169
17613,85164
17614,85160
17615,85155
17616,85150
17617,85145
17618,85140
17619,85135
17620,85131
17621,85126
17622,85121
17623,85116
17624,85111
17625,85106
17626,85102
17627,85097
17628,85092
17629,85087
17630,85082
17631,85077
17632,85073
17633,85068
17634,85063
17635,85058
17636,85053
17637,85048
17638,85044
17639,85039
17640,85034
17641,85029
17642,85024
17643,85020
17644,85015
17645,85010
17646,85005
17647,85000
17648,84995
17649,84991
17650,84986
17651,84981
17652,84976
17653,84971
17654,84967
17655,84962
17656,84957
17657,84952
17658,84947
17659,84943
17660,84938
17661,84933
17662,84928
17663,84923
17664,84918
17665,84914
17666,84909
17667,84904
17668,84899
17669,84894
17670,84890
17671,84885
17672,84880
17673,84875
17674,84870
17675,84866
17676,84861
17677,84856
17678,84851
17679,84846
17680,84842
17681,84837
17682,84832
17683,84827
17684,84822
17685,84818
17686,84813
17687,84808
17688,84803
17689,84798
17690,84794
17691,84789
17692,84784
17693,84779
17694,84774
17695,84770
17696,84765
17697,84760
17698,84755
17699,84751
17700,84746
17701,84741
17702,84736
17703,84731
17704,84727
17705,84722
17706,84717
17707,84712
17708,84707
17709,84703
17710,84698
17711,84693
17712,84688
17713,84684
17714,84679
17715,84674
17716,84669
17717,84664
17718,84660
17719,84655
17720,84650
17721,84645
17722,84641
17723,84636
17724,84631
17725,84626
17726,84621
17727,84617
17728,84612
17729,84607
17730,84602
17731,84598
17732,84593
17733,84588
17734,84583
17735,84579
17736,84574
17737,84569
17738,84564
17739,84559
17740,84555
17741,84550
17742,84545
17743,84540
17744,84536
17745,84531
17746,84526
17747,84521
17748,84517
17749,84512
17750,84507
17751,84502
17752,84498
17753,84493
17754,84488
17755,84483
17756,84478
17757,84474
17758,84469
17759,84464
17760,84459
17761,84455
17762,84450
17763,84445
17764,84440
17765,84436
17766,84431
17767,84426
17768,84421
17769,84417
17770,84412
17771,84407
17772,84402
17773,84398
17774,84393
17775,84388
17776,84383
17777,84379
17778,84374
17779,84369
17780,84364
17781,84360
17782,84355
17783,84350
17784,84345
17785,84341
17786,84336
17787,84331
17788,84327
17789,84322
17790,84317
17791,84312
17792,84308
17793,84303
17794,84298
17795,84293
17796,84289
17797,84284
17798,84279
17799,84274
17800,84270
17801,84265
17802,84260
17803,84255
17804,84251
17805,84246
17806,84241
17807,84237
17808,84232
17809,84227
17810,84222
17811,84218
17812,84213
17813,84208
17814,84203
17815,84199
17816,84194
17817,84189
17818,84185
17819,84180
17820,84175
17821,84170
17822,84166
17823,84161
17824,84156
17825,84151
17826,84147
17827,84142
17828,84137
17829,84133
17830,84128
17831,84123
17832,84118
17833,84114
17834,84109
17835,84104
17836,84100
17837,84095
17838,84090
17839,84085
17840,84081
17841,84076
17842,84071
17843,84067
17844,84062
17845,84057
17846,84052
17847,84048
17848,84043
17849,84038
17850,84034
17851,84029
17852,84024
17853,84019
17854,84015
17855,84010
17856,84005
17857,84001
17858,83996
17859,83991
17860,83987
17861,83982
17862,83977
17863,83972
17864,83968
17865,83963
17866,83958
17867,83954
17868,83949
17869,83944
17870,83940
17871,83935
17872,83930
17873,83925
17874,83921
17875,83916
17876,83911
17877,83907
17878,83902
17879,83897
17880,83893
17881,83888
17882,83883
17883,83879
17884,83874
17885,83869
17886,83864
17887,83860
17888,83855
17889,83850
17890,83846
17891,83841
17892,83836
17893,83832
17894,83827
17895,83822
17896,83818
17897,83813
17898,83808
17899,83804
17900,83799
17901,83794
17902,83790
17903,83785
17904,83780
17905,83775
17906,83771
17907,83766
17908,83761
17909,83757
17910,83752
17911,83747
17912,83743
17913,83738
17914,83733
17915,83729
17916,83724
17917,83719
17918,83715
17919,83710
17920,83705
17921,83701
17922,83696
17923,83691
17924,83687
17925,83682
17926,83677
17927,83673
17928,83668
17929,83663
17930,83659
17931,83654
17932,83649
17933,83645
17934,83640
17935,83635
17936,83631
17937,83626
17938,83621
17939,83617
17940,83612
17941,83607
17942,83603
17943,83598
17944,83593
17945,83589
17946,83584
17947,83579
17948,83575
17949,83570
17950,83565
17951,83561
17952,83556
17953,83551
17954,83547
17955,83542
17956,83538
17957,83533
17958,83528
17959,83524
17960,83519
17961,83514
17962,83510
17963,83505
17964,83500
17965,83496
17966,83491
17967,83486
17968,83482
17969,83477
17970,83472
17971,83468
17972,83463
17973,83459
17974,83454
17975,83449
17976,83445
17977,83440
17978,83435
17979,83431
17980,83426
17981,83421
17982,83417
17983,83412
17984,83407
17985,83403
17986,83398
17987,83394
17988,83389
17989,83384
17990,83380
17991,83375
17992,83370
17993,83366
17994,83361
17995,83356
17996,83352
17997,83347
17998,83343
17999,83338
18000,83333
18001,83329
18002,83324
18003,83319
18004,83315
18005,83310
18006,83306
18007,83301
18008,83296
18009,83292
18010,83287
18011,83282
18012,83278
18013,83273
18014,83269
18015,83264
18016,83259
18017,83255
18018,83250
18019,83245
18020,83241
18021,83236
18022,83232
18023,83227
18024,83222
18025,83218
18026,83213
18027,83209
18028,83204
18029,83199
18030,83195
18031,83190
18032,83185
18033,83181
18034,83176
18035,83172
18036,83167
18037,83162
18038,83158
18039,83153
18040,83149
18041,83144
18042,83139
18043,83135
18044,83130
18045,83126
18046,83121
18047,83116
18048,83112
18049,83107
18050,83102
18051,83098
18052,83093
18053,83089
18054,83084
18055,83079
18056,83075
18057,83070
18058,83066
18059,83061
18060,83056
18061,83052
18062,83047
18063,83043
18064,83038
18065,83033
18066,83029
18067,83024
18068,83020
18069,83015
18070,83011
18071,83006
18072,83001
18073,82997
18074,82992
18075,82988
18076,82983
18077,82978
18078,82974
18079,82969
18080,82965
18081,82960
18082,82955
18083,82951
18084,82946
18085,82942
18086,82937
18087,82932
18088,82928
18089,82923
18090,82919
18091,82914
18092,82910
18093,82905
18094,82900
18095,82896
18096,82891
18097,82887
18098,82882
18099,82878
18100,82873
18101,82868
18102,82864
18103,82859
18104,82855
18105,82850
18106,82845
18107,82841
18108,82836
18109,82832
18110,82827
18111,82823
18112,82818
18113,82813
18114,82809
18115,82804
18116,82800
18117,82795
18118,82791
18119,82786
18120,82781
18121,82777
18122,82772
18123,82768
18124,82763
18125,82759
18126,82754
18127,82749
18128,82745
18129,82740
18130,82736
18131,82731
18132,82727
18133,82722
18134,82718
18135,82713
18136,82708
18137,82704
18138,82699
18139,82695
18140,82690
18141,82686
18142,82681
18143,82677
18144,82672
18145,82667
18146,82663
18147,82658
18148,82654
18149,82649
18150,82645
18151,82640
18152,82636
18153,82631
18154,82626
18155,82622
18156,82617
18157,82613
18158,82608
18159,82604
18160,82599
18161,82595
18162,82590
18163,82585
18164,82581
18165,82576
18166,82572
18167,82567
18168,82563
18169,82558
18170,82554
18171,82549
18172,82545
18173,82540
18174,82535
18175,82531
18176,82526
18177,82522
18178,82517
18179,82513
18180,82508
18181,82504
18182,82499
18183,82495
18184,82490
18185,82486
18186,82481
18187,82476
18188,82472
18189,82467
18190,82463
18191,82458
18192,82454
18193,82449
18194,82445
18195,82440
18196,82436
18197,82431
18198,82427
18199,82422
18200,82418
18201,82413
18202,82409
18203,82404
18204,82399
18205,82395
18206,82390
18207,82386
18208,82381
18209,82377
18210,82372
18211,82368
18212,82363
18213,82359
18214,82354
18215,82350
18216,82345
18217,82341
18218,82336
18219,82332
18220,82327
18221,82323
18222,82318
18223,82314
18224,82309
18225,82305
18226,82300
18227,82295
18228,82291
18229,82286
18230,82282
18231,82277
18232,82273
18233,82268
18234,82264
18235,82259
18236,82255
18237,82250
18238,82246
18239,82241
18240,82237
18241,82232
18242,82228
18243,82223
18244,82219
18245,82214
18246,82210
18247,82205
18248,82201
18249,82196
18250,82192
18251,82187
18252,82183
18253,82178
18254,82174
18255,82169
18256,82165
18257,82160
18258,82156
18259,82151
18260,82147
18261,82142
18262,82138
18263,82133
18264,82129
18265,82124
18266,82120
18267,82115
18268,82111
18269,82106
18270,82102
18271,82097
18272,82093
18273,82088
18274,82084
18275,82079
18276,82075
18277,82070
18278,82066
18279,82061
18280,82057
18281,82052
18282,82048
18283,82043
18284,82039
18285,82034
18286,82030
18287,82025
18288,82021
18289,82017
18290,82012
18291,82008
18292,82003
18293,81999
18294,81994
18295,81990
18296,81985
18297,81981
18298,81976
18299,81972
18300,81967
18301,81963
18302,81958
18303,81954
18304,81949
18305,81945
18306,81940
18307,81936
18308,81931
18309,81927
18310,81922
18311,81918
18312,81913
18313,81909
18314,81905
18315,81900
18316,81896
18317,81891
18318,81887
18319,81882
18320,81878
18321,81873
18322,81869
18323,81864
18324,81860
18325,81855
18326,81851
18327,81846
18328,81842
18329,81838
18330,81833
18331,81829
18332,81824
18333,81820
18334,81815
18335,81811
18336,81806
18337,81802
18338,81797
18339,81793
18340,81788
18341,81784
18342,81780
18343,81775
18344,81771
18345,81766
18346,81762
18347,81757
18348,81753
18349,81748
18350,81744
18351,81739
18352,81735
18353,81731
18354,81726
18355,81722
18356,81717
18357,81713
18358,81708
18359,81704
18360,81699
18361,81695
18362,81690
18363,81686
18364,81682
18365,81677
18366,81673
18367,81668
18368,81664
18369,81659
18370,81655
18371,81650
18372,81646
18373,81642
18374,81637
18375,81633
18376,81628
18377,81624
18378,81619
18379,81615
18380,81610
18381,81606
18382,81602
18383,81597
18384,81593
18385,81588
18386,81584
18387,81579
18388,81575
18389,81571
18390,81566
18391,81562
18392,81557
18393,81553
18394,81548
18395,81544
18396,81539
18397,81535
18398,81531
18399,81526
18400,81522
18401,81517
18402,81513
18403,81508
18404,81504
18405,81500
18406,81495
18407,81491
18408,81486
18409,81482
18410,81477
18411,81473
18412,81469
18413,81464
18414,81460
18415,81455
18416,81451
18417,81446
18418,81442
18419,81438
18420,81433
18421,81429
18422,81424
18423,81420
18424,81416
18425,81411
18426,81407
18427,81402
18428,81398
18429,81393
18430,81389
18431,81385
18432,81380
18433,81376
18434,81371
18435,81367
18436,81363
18437,81358
18438,81354
18439,81349
18440,81345
18441,81340
18442,81336
18443,81332
18444,81327
18445,81323
18446,81318
18447,81314
18448,81310
18449,81305
18450,81301
18451,81296
18452,81292
18453,81288
18454,81283
18455,81279
18456,81274
18457,81270
18458,81266
18459,81261
18460,81257
18461,81252
18462,81248
18463,81244
18464,81239
18465,81235
18466,81230
18467,81226
18468,81222
18469,81217
18470,81213
18471,81208
18472,81204
18473,81200
18474,81195
18475,81191
18476,81186
18477,81182
18478,81178
18479,81173
18480,81169
18481,81164
18482,81160
18483,81156
18484,81151
18485,81147
18486,81142
18487,81138
18488,81134
18489,81129
18490,81125
18491,81121
18492,81116
18493,81112
18494,81107
18495,81103
18496,81099
18497,81094
18498,81090
18499,81085
18500,81081
18501,81077
18502,81072
18503,81068
18504,81064
18505,81059
18506,81055
18507,81050
18508,81046
18509,81042
18510,81037
18511,81033
18512,81029
18513,81024
18514,81020
18515,81015
18516,81011
18517,81007
18518,81002
18519,80998
18520,80994
18521,80989
18522,80985
18523,80980
18524,80976
18525,80972
18526,80967
18527,80963
18528,80959
18529,80954
18530,80950
18531,80945
18532,80941
18533,80937
18534,80932
18535,80928
18536,80924
18537,80919
18538,80915
18539,80911
18540,80906
18541,80902
18542,80897
18543,80893
18544,80889
18545,80884
18546,80880
18547,80876
18548,80871
18549,80867
18550,80863
18551,80858
18552,80854
18553,80849
18554,80845
18555,80841
18556,80836
18557,80832
18558,80828
18559,80823
18560,80819
18561,80815
18562,80810
18563,80806
18564,80802
18565,80797
18566,80793
18567,80788
18568,80784
18569,80780
18570,80775
18571,80771
18572,80767
18573,80762
18574,80758
18575,80754
18576,80749
18577,80745
18578,80741
18579,80736
18580,80732
18581,80728
18582,80723
18583,80719
18584,80715
18585,80710
18586,80706
18587,80702
18588,80697
18589,80693
18590,80689
18591,80684
18592,80680
18593,80676
18594,80671
18595,80667
18596,80663
18597,80658
18598,80654
18599,80649
18600,80645
18601,80641
18602,80636
18603,80632
18604,80628
18605,80623
18606,80619
18607,80615
18608,80610
18609,80606
18610,80602
18611,80597
18612,80593
18613,80589
18614,80585
18615,80580
18616,80576
18617,80572
18618,80567
18619,80563
18620,80559
18621,80554
18622,80550
18623,80546
18624,80541
18625,80537
18626,80533
18627,80528
18628,80524
18629,80520
18630,80515
18631,80511
18632,80507
18633,80502
18634,80498
18635,80494
18636,80489
18637,80485
18638,80481
18639,80476
18640,80472
18641,80468
18642,80463
18643,80459
18644,80455
18645,80451
18646,80446
18647,80442
18648,80438
18649,80433
18650,80429
18651,80425
18652,80420
18653,80416
18654,80412
18655,80407
18656,80403
18657,80399
18658,80394
18659,80390
18660,80386
18661,80382
18662,80377
18663,80373
18664,80369
18665,80364
18666,80360
18667,80356
18668,80351
18669,80347
18670,80343
18671,80338
18672,80334
18673,80330
18674,80326
18675,80321
18676,80317
18677,80313
18678,80308
18679,80304
18680,80300
18681,80295
18682,80291
18683,80287
18684,80283
18685,80278
18686,80274
18687,80270
18688,80265
18689,80261
18690,80257
18691,80253
18692,80248
18693,80244
18694,80240
18695,80235
18696,80231
18697,80227
18698,80222
18699,80218
18700,80214
18701,80210
18702,80205
18703,80201
18704,80197
18705,80192
18706,80188
18707,80184
18708,80180
18709,80175
18710,80171
18711,80167
18712,80162
18713,80158
18714,80154
18715,80150
18716,80145
18717,80141
18718,80137
18719,80132
18720,80128
18721,80124
18722,80120
18723,80115
18724,80111
18725,80107
18726,80103
18727,80098
18728,80094
18729,80090
18730,80085
18731,80081
18732,80077
18733,80073
18734,80068
18735,80064
18736,80060
18737,80056
18738,80051
18739,80047
18740,80043
18741,80038
18742,80034
18743,80030
18744,80026
18745,80021
18746,80017
18747,80013
18748,80009
18749,80004
18750,80000
18751,79996
18752,79991
18753,79987
18754,79983
18755,79979
18756,79974
18757,79970
18758,79966
18759,79962
18760,79957
18761,79953
18762,79949
18763,79945
18764,79940
18765,79936
18766,79932
18767,79928
18768,79923
18769,79919
18770,79915
18771,79911
18772,79906
18773,79902
18774,79898
18775,79893
18776,79889
18777,79885
18778,79881
18779,79876
18780,79872
18781,79868
18782,79864
18783,79859
18784,79855
18785,79851
18786,79847
18787,79842
18788,79838
18789,79834
18790,79830
18791,79825
18792,79821
18793,79817
18794,79813
18795,79808
18796,79804
18797,79800
18798,79796
18799,79791
18800,79787
18801,79783
18802,79779
18803,79775
18804,79770
18805,79766
18806,79762
18807,79758
18808,79753
18809,79749
18810,79745
18811,79741
18812,79736
18813,79732
18814,79728
18815,79724
18816,79719
18817,79715
18818,79711
18819,79707
18820,79702
18821,79698
18822,79694
18823,79690
18824,79686
18825,79681
18826,79677
18827,79673
18828,79669
18829,79664
18830,79660
18831,79656
18832,79652
18833,79647
18834,79643
18835,79639
18836,79635
18837,79631
18838,79626
18839,79622
18840,79618
18841,79614
18842,79609
18843,79605
18844,79601
18845,79597
18846,79592
18847,79588
18848,79584
18849,79580
18850,79576
18851,79571
18852,79567
18853,79563
18854,79559
18855,79554
18856,79550
18857,79546
18858,79542
18859,79538
18860,79533
18861,79529
18862,79525
18863,79521
18864,79517
18865,79512
18866,79508
18867,79504
18868,79500
18869,79495
18870,79491
18871,79487
18872,79483
18873,79479
18874,79474
18875,79470
18876,79466
18877,79462
18878,79458
18879,79453
18880,79449
18881,79445
18882,79441
18883,79437
18884,79432
18885,79428
18886,79424
18887,79420
18888,79416
18889,79411
18890,79407
18891,79403
18892,79399
18893,79394
18894,79390
18895,79386
18896,79382
18897,79378
18898,79373
18899,79369
18900,79365
18901,79361
18902,79357
18903,79352
18904,79348
18905,79344
18906,79340
18907,79336
18908,79331
18909,79327
18910,79323
18911,79319
18912,79315
18913,79311
18914,79306
18915,79302
18916,79298
18917,79294
18918,79290
18919,79285
18920,79281
18921,79277
18922,79273
18923,79269
18924,79264
18925,79260
18926,79256
18927,79252
18928,79248
18929,79243
18930,79239
18931,79235
18932,79231
18933,79227
18934,79223
18935,79218
18936,79214
18937,79210
18938,79206
18939,79202
18940,79197
18941,79193
18942,79189
18943,79185
18944,79181
18945,79177
18946,79172
18947,79168
18948,79164
18949,79160
18950,79156
18951,79151
18952,79147
18953,79143
18954,79139
18955,79135
18956,79131
18957,79126
18958,79122
18959,79118
18960,79114
18961,79110
18962,79106
18963,79101
18964,79097
18965,79093
18966,79089
18967,79085
18968,79081
18969,79076
18970,79072
18971,79068
18972,79064
18973,79060
18974,79056
18975,79051
18976,79047
18977,79043
18978,79039
18979,79035
18980,79031
18981,79026
18982,79022
18983,79018
18984,79014
18985,79010
18986,79006
18987,79001
18988,78997
18989,78993
18990,78989
18991,78985
18992,78981
18993,78976
18994,78972
18995,78968
18996,78964
18997,78960
18998,78956
18999,78952
19000,78947
19001,78943
19002,78939
19003,78935
19004,78931
19005,78927
19006,78922
19007,78918
19008,78914
19009,78910
19010,78906
19011,78902
19012,78898
19013,78893
19014,78889
19015,78885
19016,78881
19017,78877
19018,78873
19019,78868
19020,78864
19021,78860
19022,78856
19023,78852
19024,78848
19025,78844
19026,78839
19027,78835
19028,78831
19029,78827
19030,78823
19031,78819
19032,78815
19033,78810
19034,78806
19035,78802
19036,78798
19037,78794
19038,78790
19039,78786
19040,78782
19041,78777
19042,78773
19043,78769
19044,78765
19045,78761
19046,78757
19047,78753
19048,78748
19049,78744
19050,78740
19051,78736
19052,78732
19053,78728
19054,78724
19055,78719
19056,78715
19057,78711
19058,78707
19059,78703
19060,78699
19061,78695
19062,78691
19063,78686
19064,78682
19065,78678
19066,78674
19067,78670
19068,78666
19069,78662
19070,78658
19071,78653
19072,78649
19073,78645
19074,78641
19075,78637
19076,78633
19077,78629
19078,78625
19079,78620
19080,78616
19081,78612
19082,78608
19083,78604
19084,78600
19085,78596
19086,78592
19087,78588
19088,78583
19089,78579
19090,78575
19091,78571
19092,78567
19093,78563
19094,78559
19095,78555
19096,78550
19097,78546
19098,78542
19099,78538
19100,78534
19101,78530
19102,78526
19103,78522
19104,78518
19105,78513
19106,78509
19107,78505
19108,78501
19109,78497
19110,78493
19111,78489
19112,78485
19113,78481
19114,78477
19115,78472
19116,78468
19117,78464
19118,78460
19119,78456
19120,78452
19121,78448
19122,78444
19123,78440
19124,78435
19125,78431
19126,78427
19127,78423
19128,78419
19129,78415
19130,78411
19131,78407
19132,78403
19133,78399
19134,78394
19135,78390
19136,78386
19137,78382
19138,78378
19139,78374
19140,78370
19141,78366
19142,78362
19143,78358
19144,78354
19145,78349
19146,78345
19147,78341
19148,78337
19149,78333
19150,78329
19151,78325
19152,78321
19153,78317
19154,78313
19155,78309
19156,78304
19157,78300
19158,78296
19159,78292
19160,78288
19161,78284
19162,78280
19163,78276
19164,78272
19165,78268
19166,78264
19167,78260
19168,78255
19169,78251
19170,78247
19171,78243
19172,78239
19173,78235
19174,78231
19175,78227
19176,78223
19177,78219
19178,78215
19179,78211
19180,78206
19181,78202
19182,78198
19183,78194
19184,78190
19185,78186
19186,78182
19187,78178
19188,78174
19189,78170
19190,78166
19191,78162
19192,78158
19193,78153
19194,78149
19195,78145
19196,78141
19197,78137
19198,78133
19199,78129
19200,78125
19201,78121
19202,78117
19203,78113
19204,78109
19205,78105
19206,78101
19207,78097
19208,78092
19209,78088
19210,78084
19211,78080
19212,78076
19213,78072
19214,78068
19215,78064
19216,78060
19217,78056
19218,78052
19219,78048
19220,78044
19221,78040
19222,78036
19223,78032
19224,78027
19225,78023
19226,78019
19227,78015
19228,78011
19229,78007
19230,78003
19231,77999
19232,77995
19233,77991
19234,77987
19235,77983
19236,77979
19237,77975
19238,77971
19239,77967
19240,77963
19241,77959
19242,77954
19243,77950
19244,77946
19245,77942
19246,77938
19247,77934
19248,77930
19249,77926
19250,77922
19251,77918
19252,77914
19253,77910
19254,77906
19255,77902
19256,77898
19257,77894
19258,77890
19259,77886
19260,77882
19261,77878
19262,77874
19263,77869
19264,77865
19265,77861
19266,77857
19267,77853
19268,77849
19269,77845
19270,77841
19271,77837
19272,77833
19273,77829
19274,77825
19275,77821
19276,77817
19277,77813
19278,77809
19279,77805
19280,77801
19281,77797
19282,77793
19283,77789
19284,77785
19285,77781
19286,77777
19287,77773
19288,77769
19289,77765
19290,77760
19291,77756
19292,77752
19293,77748
19294,77744
19295,77740
19296,77736
19297,77732
19298,77728
19299,77724
19300,77720
19301,77716
19302,77712
19303,77708
19304,77704
19305,77700
19306,77696
19307,77692
19308,77688
19309,77684
19310,77680
19311,77676
19312,77672
19313,77668
19314,77664
19315,77660
19316,77656
19317,77652
19318,77648
19319,77644
19320,77640
19321,77636
19322,77632
19323,77628
19324,77624
19325,77620
19326,77616
19327,77612
19328,77608
19329,77604
19330,77600
19331,77596
19332,77592
19333,77588
19334,77584
19335,77580
19336,77576
19337,77571
19338,77567
19339,77563
19340,77559
19341,77555
19342,77551
19343,77547
19344,77543
19345,77539
19346,77535
19347,77531
19348,77527
19349,77523
19350,77519
19351,77515
19352,77511
19353,77507
19354,77503
19355,77499
19356,77495
19357,77491
19358,77487
19359,77483
19360,77479
19361,77475
19362,77471
19363,77467
19364,77463
19365,77459
19366,77455
19367,77451
19368,77447
19369,77443
19370,77439
19371,77435
19372,77431
19373,77427
19374,77423
19375,77419
19376,77415
19377,77411
19378,77407
19379,77403
19380,77399
19381,77395
19382,77391
19383,77387
19384,77383
19385,77379
19386,77375
19387,77371
19388,77367
19389,77363
19390,77359
19391,77355
19392,77351
19393,77347
19394,77344
19395,77340
19396,77336
19397,77332
19398,77328
19399,77324
19400,77320
19401,77316
19402,77312
19403,77308
19404,77304
19405,77300
19406,77296
19407,77292
19408,77288
19409,77284
19410,77280
19411,77276
19412,77272
19413,77268
19414,77264
19415,77260
19416,77256
19417,77252
19418,77248
19419,77244
19420,77240
19421,77236
19422,77232
19423,77228
19424,77224
19425,77220
19426,77216
19427,77212
19428,77208
19429,77204
19430,77200
19431,77196
19432,77192
19433,77188
19434,77184
19435,77180
19436,77176
19437,77172
19438,77168
19439,77164
19440,77160
19441,77157
19442,77153
19443,77149
19444,77145
19445,77141
19446,77137
19447,77133
19448,77129
19449,77125
19450,77121
19451,77117
19452,77113
19453,77109
19454,77105
19455,77101
19456,77097
19457,77093
19458,77089
19459,77085
19460,77081
19461,77077
19462,77073
19463,77069
19464,77065
19465,77061
19466,77057
19467,77053
19468,77050
19469,77046
19470,77042
19471,77038
19472,77034
19473,77030
19474,77026
19475,77022
19476,77018
19477,77014
19478,77010
19479,77006
19480,77002
19481,76998
19482,76994
19483,76990
19484,76986
19485,76982
19486,76978
19487,76974
19488,76970
19489,76966
19490,76963
19491,76959
19492,76955
19493,76951
19494,76947
19495,76943
19496,76939
19497,76935
19498,76931
19499,76927
19500,76923
19501,76919
19502,76915
19503,76911
19504,76907
19505,76903
19506,76899
19507,76895
19508,76892
19509,76888
19510,76884
19511,76880
19512,76876
19513,76872
19514,76868
19515,76864
19516,76860
19517,76856
19518,76852
19519,76848
19520,76844
19521,76840
19522,76836
19523,76832
19524,76829
19525,76825
19526,76821
19527,76817
19528,76813
19529,76809
19530,76805
19531,76801
19532,76797
19533,76793
19534,76789
19535,76785
19536,76781
19537,76777
19538,76773
19539,76770
19540,76766
19541,76762
19542,76758
19543,76754
19544,76750
19545,76746
19546,76742
19547,76738
19548,76734
19549,76730
19550,76726
19551,76722
19552,76718
19553,76715
19554,76711
19555,76707
19556,76703
19557,76699
19558,76695
19559,76691
19560,76687
19561,76683
19562,76679
19563,76675
19564,76671
19565,76668
19566,76664
19567,76660
19568,76656
19569,76652
19570,76648
19571,76644
19572,76640
19573,76636
19574,76632
19575,76628
19576,76624
19577,76621
19578,76617
19579,76613
19580,76609
19581,76605
19582,76601
19583,76597
19584,76593
19585,76589
19586,76585
19587,76581
19588,76577
19589,76574
19590,76570
19591,76566
19592,76562
19593,76558
19594,76554
19595,76550
19596,76546
19597,76542
19598,76538
19599,76535
19600,76531
19601,76527
19602,76523
19603,76519
19604,76515
19605,76511
19606,76507
19607,76503
19608,76499
19609,76495
19610,76492
19611,76488
19612,76484
19613,76480
19614,76476
19615,76472
19616,76468
19617,76464
19618,76460
19619,76456
19620,76453
19621,76449
19622,76445
19623,76441
19624,76437
19625,76433
19626,76429
19627,76425
19628,76421
19629,76418
19630,76414
19631,76410
19632,76406
19633,76402
19634,76398
19635,76394
19636,76390
19637,76386
19638,76383
19639,76379
19640,76375
19641,76371
19642,76367
19643,76363
19644,76359
19645,76355
19646,76351
19647,76348
19648,76344
19649,76340
19650,76336
19651,76332
19652,76328
19653,76324
19654,76320
19655,76316
19656,76313
19657,76309
19658,76305
19659,76301
19660,76297
19661,76293
19662,76289
19663,76285
19664,76282
19665,76278
19666,76274
19667,76270
19668,76266
19669,76262
19670,76258
19671,76254
19672,76251
19673,76247
19674,76243
19675,76239
19676,76235
19677,76231
19678,76227
19679,76223
19680,76220
19681,76216
19682,76212
19683,76208
19684,76204
19685,76200
19686,76196
19687,76192
19688,76189
19689,76185
19690,76181
19691,76177
19692,76173
19693,76169
19694,76165
19695,76161
19696,76158
19697,76154
19698,76150
19699,76146
19700,76142
19701,76138
19702,76134
19703,76131
19704,76127
19705,76123
19706,76119
19707,76115
19708,76111
19709,76107
19710,76104
19711,76100
19712,76096
19713,76092
19714,76088
19715,76084
19716,76080
19717,76076
19718,76073
19719,76069
19720,76065
19721,76061
19722,76057
19723,76053
19724,76049
19725,76046
19726,76042
19727,76038
19728,76034
19729,76030
19730,76026
19731,76023
19732,76019
19733,76015
19734,76011
19735,76007
19736,76003
19737,75999
19738,75996
19739,75992
19740,75988
19741,75984
19742,75980
19743,75976
19744,75972
19745,75969
19746,75965
19747,75961
19748,75957
19749,75953
19750,75949
19751,75946
19752,75942
19753,75938
19754,75934
19755,75930
19756,75926
19757,75922
19758,75919
19759,75915
19760,75911
19761,75907
19762,75903
19763,75899
19764,75896
19765,75892
19766,75888
19767,75884
19768,75880
19769,75876
19770,75873
19771,75869
19772,75865
19773,75861
19774,75857
19775,75853
19776,75850
19777,75846
19778,75842
19779,75838
19780,75834
19781,75830
19782,75827
19783,75823
19784,75819
19785,75815
19786,75811
19787,75807
19788,75804
19789,75800
19790,75796
19791,75792
19792,75788
19793,75784
19794,75781
19795,75777
19796,75773
19797,75769
19798,75765
19799,75761
19800,75758
19801,75754
19802,75750
19803,75746
19804,75742
19805,75738
19806,75735
19807,75731
19808,75727
19809,75723
19810,75719
19811,75716
19812,75712
19813,75708
19814,75704
19815,75700
19816,75696
19817,75693
19818,75689
19819,75685
19820,75681
19821,75677
19822,75673
19823,75670
19824,75666
19825,75662
19826,75658
19827,75654
19828,75651
19829,75647
19830,75643
19831,75639
19832,75635
19833,75632
19834,75628
19835,75624
19836,75620
19837,75616
19838,75612
19839,75609
19840,75605
19841,75601
19842,75597
19843,75593
19844,75590
19845,75586
19846,75582
19847,75578
19848,75574
19849,75571
19850,75567
19851,75563
19852,75559
19853,75555
19854,75552
19855,75548
19856,75544
19857,75540
19858,75536
19859,75533
19860,75529
19861,75525
19862,75521
19863,75517
19864,75513
19865,75510
19866,75506
19867,75502
19868,75498
19869,75494
19870,75491
19871,75487
19872,75483
19873,75479
19874,75475
19875,75472
19876,75468
19877,75464
19878,75460
19879,75457
19880,75453
19881,75449
19882,75445
19883,75441
19884,75438
19885,75434
19886,75430
19887,75426
19888,75422
19889,75419
19890,75415
19891,75411
19892,75407
19893,75403
19894,75400
19895,75396
19896,75392
19897,75388
19898,75384
19899,75381
19900,75377
19901,75373
19902,75369
19903,75366
19904,75362
19905,75358
19906,75354
19907,75350
19908,75347
19909,75343
19910,75339
19911,75335
19912,75331
19913,75328
19914,75324
19915,75320
19916,75316
19917,75313
19918,75309
19919,75305
19920,75301
19921,75297
19922,75294
19923,75290
19924,75286
19925,75282
19926,75279
19927,75275
19928,75271
19929,75267
19930,75263
19931,75260
19932,75256
19933,75252
19934,75248
19935,75245
19936,75241
19937,75237
19938,75233
19939,75229
19940,75226
19941,75222
19942,75218
19943,75214
19944,75211
19945,75207
19946,75203
19947,75199
19948,75196
19949,75192
19950,75188
19951,75184
19952,75180
19953,75177
19954,75173
19955,75169
19956,75165
19957,75162
19958,75158
19959,75154
19960,75150
19961,75147
19962,75143
19963,75139
19964,75135
19965,75131
19966,75128
19967,75124
19968,75120
19969,75116
19970,75113
19971,75109
19972,75105
19973,75101
19974,75098
19975,75094
19976,75090
19977,75086
19978,75083
19979,75079
19980,75075
19981,75071
19982,75068
19983,75064
19984,75060
19985,75056
19986,75053
19987,75049
19988,75045
19989,75041
19990,75038
19991,75034
19992,75030
19993,75026
19994,75023
19995,75019
19996,75015
19997,75011
19998,75008
19999,75004
20000,75000
20001,74996
20002,74993
20003,74989
20004,74985
20005,74981
20006,74978
20007,74974
20008,74970
20009,74966
20010,74963
20011,74959
20012,74955
20013,74951
20014,74948
20015,74944
20016,74940
20017,74936
20018,74933
20019,74929
20020,74925
20021,74921
20022,74918
20023,74914
20024,74910
20025,74906
20026,74903
20027,74899
20028,74895
20029,74891
20030,74888
20031,74884
20032,74880
20033,74876
20034,74873
20035,74869
20036,74865
20037,74862
20038,74858
20039,74854
20040,74850
20041,74847
20042,74843
20043,74839
20044,74835
20045,74832
20046,74828
20047,74824
20048,74820
20049,74817
20050,74813
20051,74809
20052,74806
20053,74802
20054,74798
20055,74794
20056,74791
20057,74787
20058,74783
20059,74779
20060,74776
20061,74772
20062,74768
20063,74764
20064,74761
20065,74757
20066,74753
20067,74750
20068,74746
20069,74742
20070,74738
20071,74735
20072,74731
20073,74727
20074,74724
20075,74720
20076,74716
20077,74712
20078,74709
20079,74705
20080,74701
20081,74697
20082,74694
20083,74690
20084,74686
20085,74683
20086,74679
20087,74675
20088,74671
20089,74668
20090,74664
20091,74660
20092,74657
20093,74653
20094,74649
20095,74645
20096,74642
20097,74638
20098,74634
20099,74631
20100,74627
20101,74623
20102,74619
20103,74616
20104,74612
20105,74608
20106,74605
20107,74601
20108,74597
20109,74593
20110,74590
20111,74586
20112,74582
20113,74579
20114,74575
20115,74571
20116,74568
20117,74564
20118,74560
20119,74556
20120,74553
20121,74549
20122,74545
20123,74542
20124,74538
20125,74534
20126,74530
20127,74527
20128,74523
20129,74519
20130,74516
20131,74512
20132,74508
20133,74505
20134,74501
20135,74497
20136,74493
20137,74490
20138,74486
20139,74482
20140,74479
20141,74475
20142,74471
20143,74468
20144,74464
20145,74460
20146,74456
20147,74453
20148,74449
20149,74445
20150,74442
20151,74438
20152,74434
20153,74431
20154,74427
20155,74423
20156,74420
20157,74416
20158,74412
20159,74408
20160,74405
20161,74401
20162,74397
20163,74394
20164,74390
20165,74386
20166,74383
20167,74379
20168,74375
20169,74372
20170,74368
20171,74364
20172,74360
20173,74357
20174,74353
20175,74349
20176,74346
20177,74342
20178,74338
20179,74335
20180,74331
20181,74327
20182,74324
20183,74320
20184,74316
20185,74313
20186,74309
20187,74305
20188,74302
20189,74298
20190,74294
20191,74291
20192,74287
20193,74283
20194,74279
20195,74276
20196,74272
20197,74268
20198,74265
20199,74261
20200,74257
20201,74254
20202,74250
20203,74246
20204,74243
20205,74239
20206,74235
20207,74232
20208,74228
20209,74224
20210,74221
20211,74217
20212,74213
20213,74210
20214,74206
20215,74202
20216,74199
20217,74195
20218,74191
20219,74188
20220,74184
20221,74180
20222,74177
20223,74173
20224,74169
20225,74166
20226,74162
20227,74158
20228,74155
20229,74151
20230,74147
20231,74144
20232,74140
20233,74136
20234,74133
20235,74129
20236,74125
20237,74122
20238,74118
20239,74114
20240,74111
20241,74107
20242,74103
20243,74100
20244,74096
20245,74092
20246,74089
20247,74085
20248,74081
20249,74078
20250,74074
20251,74070
20252,74067
20253,74063
20254,74059
20255,74056
20256,74052
20257,74048
20258,74045
20259,74041
20260,74038
20261,74034
20262,74030
20263,74027
20264,74023
20265,74019
20266,74016
20267,74012
20268,74008
20269,74005
20270,74001
20271,73997
20272,73994
20273,73990
20274,73986
20275,73983
20276,73979
20277,73975
20278,73972
20279,73968
20280,73964
20281,73961
20282,73957
20283,73954
20284,73950
20285,73946
20286,73943
20287,73939
20288,73935
20289,73932
20290,73928
20291,73924
20292,73921
20293,73917
20294,73913
20295,73910
20296,73906
20297,73903
20298,73899
20299,73895
20300,73892
20301,73888
20302,73884
20303,73881
20304,73877
20305,73873
20306,73870
20307,73866
20308,73863
20309,73859
20310,73855
20311,73852
20312,73848
20313,73844
20314,73841
20315,73837
20316,73833
20317,73830
20318,73826
20319,73823
20320,73819
20321,73815
20322,73812
20323,73808
20324,73804
20325,73801
20326,73797
20327,73793
20328,73790
20329,73786
20330,73783
20331,73779
20332,73775
20333,73772
20334,73768
20335,73764
20336,73761
20337,73757
20338,73754
20339,73750
20340,73746
20341,73743
20342,73739
20343,73735
20344,73732
20345,73728
20346,73725
20347,73721
20348,73717
20349,73714
20350,73710
20351,73706
20352,73703
20353,73699
20354,73696
20355,73692
20356,73688
20357,73685
20358,73681
20359,73677
20360,73674
20361,73670
20362,73667
20363,73663
20364,73659
20365,73656
20366,73652
20367,73649
20368,73645
20369,73641
20370,73638
20371,73634
20372,73630
20373,73627
20374,73623
20375,73620
20376,73616
20377,73612
20378,73609
20379,73605
20380,73602
20381,73598
20382,73594
20383,73591
20384,73587
20385,73584
20386,73580
20387,73576
20388,73573
20389,73569
20390,73565
20391,73562
20392,73558
20393,73555
20394,73551
20395,73547
20396,73544
20397,73540
20398,73537
20399,73533
20400,73529
20401,73526
20402,73522
20403,73519
20404,73515
20405,73511
20406,73508
20407,73504
20408,73501
20409,73497
20410,73493
20411,73490
20412,73486
20413,73483
20414,73479
20415,73475
20416,73472
20417,73468
20418,73465
20419,73461
20420,73457
20421,73454
20422,73450
20423,73447
20424,73443
20425,73439
20426,73436
20427,73432
20428,73429
20429,73425
20430,73421
20431,73418
20432,73414
20433,73411
20434,73407
20435,73403
20436,73400
20437,73396
20438,73393
20439,73389
20440,73386
20441,73382
20442,73378
20443,73375
20444,73371
20445,73368
20446,73364
20447,73360
20448,73357
20449,73353
20450,73350
20451,73346
20452,73342
20453,73339
20454,73335
20455,73332
20456,73328
20457,73325
20458,73321
20459,73317
20460,73314
20461,73310
20462,73307
20463,73303
20464,73299
20465,73296
20466,73292
20467,73289
20468,73285
20469,73282
20470,73278
20471,73274
20472,73271
20473,73267
20474,73264
20475,73260
20476,73256
20477,73253
20478,73249
20479,73246
20480,73242
20481,73239
20482,73235
20483,73231
20484,73228
20485,73224
20486,73221
20487,73217
20488,73214
20489,73210
20490,73206
20491,73203
20492,73199
20493,73196
20494,73192
20495,73189
20496,73185
20497,73181
20498,73178
20499,73174
20500,73171
20501,73167
20502,73164
20503,73160
20504,73156
20505,73153
20506,73149
20507,73146
20508,73142
20509,73139
20510,73135
20511,73131
20512,73128
20513,73124
20514,73121
20515,73117
20516,73114
20517,73110
20518,73107
20519,73103
20520,73099
20521,73096
20522,73092
20523,73089
20524,73085
20525,73082
20526,73078
20527,73074
20528,73071
20529,73067
20530,73064
20531,73060
20532,73057
20533,73053
20534,73050
20535,73046
20536,73042
20537,73039
20538,73035
20539,73032
20540,73028
20541,73025
20542,73021
20543,73018
20544,73014
20545,73010
20546,73007
20547,73003
20548,73000
20549,72996
20550,72993
20551,72989
20552,72986
20553,72982
20554,72978
20555,72975
20556,72971
20557,72968
20558,72964
20559,72961
20560,72957
20561,72954
20562,72950
20563,72947
20564,72943
20565,72939
20566,72936
20567,72932
20568,72929
20569,72925
20570,72922
20571,72918
20572,72915
20573,72911
20574,72908
20575,72904
20576,72900
20577,72897
20578,72893
20579,72890
20580,72886
20581,72883
20582,72879
20583,72876
20584,72872
20585,72869
20586,72865
20587,72862
20588,72858
20589,72854
20590,72851
20591,72847
20592,72844
20593,72840
20594,72837
20595,72833
20596,72830
20597,72826
20598,72823
20599,72819
20600,72816
20601,72812
20602,72808
20603,72805
20604,72801
20605,72798
20606,72794
20607,72791
20608,72787
20609,72784
20610,72780
20611,72777
20612,72773
20613,72770
20614,72766
20615,72763
20616,72759
20617,72755
20618,72752
20619,72748
20620,72745
20621,72741
20622,72738
20623,72734
20624,72731
20625,72727
20626,72724
20627,72720
20628,72717
20629,72713
20630,72710
20631,72706
20632,72703
20633,72699
20634,72696
20635,72692
20636,72689
20637,72685
20638,72681
20639,72678
20640,72674
20641,72671
20642,72667
20643,72664
20644,72660
20645,72657
20646,72653
20647,72650
20648,72646
20649,72643
20650,72639
20651,72636
20652,72632
20653,72629
20654,72625
20655,72622
20656,72618
20657,72615
20658,72611
20659,72608
20660,72604
20661,72601
20662,72597
20663,72594
20664,72590
20665,72586
20666,72583
20667,72579
20668,72576
20669,72572
20670,72569
20671,72565
20672,72562
20673,72558
20674,72555
20675,72551
20676,72548
20677,72544
20678,72541
20679,72537
20680,72534
20681,72530
20682,72527
20683,72523
20684,72520
20685,72516
20686,72513
20687,72509
20688,72506
20689,72502
20690,72499
20691,72495
20692,72492
20693,72488
20694,72485
20695,72481
20696,72478
20697,72474
20698,72471
20699,72467
20700,72464
20701,72460
20702,72457
20703,72453
20704,72450
20705,72446
20706,72443
20707,72439
20708,72436
20709,72432
20710,72429
20711,72425
20712,72422
20713,72418
20714,72415
20715,72411
20716,72408
20717,72404
20718,72401
20719,72397
20720,72394
20721,72390
20722,72387
20723,72383
20724,72380
20725,72376
20726,72373
20727,72369
20728,72366
20729,72362
20730,72359
20731,72355
20732,72352
20733,72348
20734,72345
20735,72341
20736,72338
20737,72334
20738,72331
20739,72327
20740,72324
20741,72321
20742,72317
20743,72314
20744,72310
20745,72307
20746,72303
20747,72300
20748,72296
20749,72293
20750,72289
20751,72286
20752,72282
20753,72279
20754,72275
20755,72272
20756,72268
20757,72265
20758,72261
20759,72258
20760,72254
20761,72251
20762,72247
20763,72244
20764,72240
20765,72237
20766,72233
20767,72230
20768,72227
20769,72223
20770,72220
20771,72216
20772,72213
20773,72209
20774,72206
20775,72202
20776,72199
20777,72195
20778,72192
20779,72188
20780,72185
20781,72181
20782,72178
20783,72174
20784,72171
20785,72167
20786,72164
20787,72160
20788,72157
20789,72154
20790,72150
20791,72147
20792,72143
20793,72140
20794,72136
20795,72133
20796,72129
20797,72126
20798,72122
20799,72119
20800,72115
20801,72112
20802,72108
20803,72105
20804,72102
20805,72098
20806,72095
20807,72091
20808,72088
20809,72084
20810,72081
20811,72077
20812,72074
20813,72070
20814,72067
20815,72063
20816,72060
20817,72056
20818,72053
20819,72050
20820,72046
20821,72043
20822,72039
20823,72036
20824,72032
20825,72029
20826,72025
20827,72022
20828,72018
20829,72015
20830,72012
20831,72008
20832,72005
20833,72001
20834,71998
20835,71994
20836,71991
20837,71987
20838,71984
20839,71980
20840,71977
20841,71974
20842,71970
20843,71967
20844,71963
20845,71960
20846,71956
20847,71953
20848,71949
20849,71946
20850,71942
20851,71939
20852,71936
20853,71932
20854,71929
20855,71925
20856,71922
20857,71918
20858,71915
20859,71911
20860,71908
20861,71905
20862,71901
20863,71898
20864,71894
20865,71891
20866,71887
20867,71884
20868,71880
20869,71877
20870,71874
20871,71870
20872,71867
20873,71863
20874,71860
20875,71856
20876,71853
20877,71849
20878,71846
20879,71843
20880,71839
20881,71836
20882,71832
20883,71829
20884,71825
20885,71822
20886,71818
20887,71815
20888,71812
20889,71808
20890,71805
20891,71801
20892,71798
20893,71794
20894,71791
20895,71788
20896,71784
20897,71781
20898,71777
20899,71774
20900,71770
20901,71767
20902,71763
20903,71760
20904,71757
20905,71753
20906,71750
20907,71746
20908,71743
20909,71739
20910,71736
20911,71733
20912,71729
20913,71726
20914,71722
20915,71719
20916,71715
20917,71712
20918,71709
20919,71705
20920,71702
20921,71698
20922,71695
20923,71691
20924,71688
20925,71685
20926,71681
20927,71678
20928,71674
20929,71671
20930,71667
20931,71664
20932,71661
20933,71657
20934,71654
20935,71650
20936,71647
20937,71644
20938,71640
20939,71637
20940,71633
20941,71630
20942,71626
20943,71623
20944,71620
20945,71616
20946,71613
20947,71609
20948,71606
20949,71602
20950,71599
20951,71596
20952,71592
20953,71589
20954,71585
20955,71582
20956,71579
20957,71575
20958,71572
20959,71568
20960,71565
20961,71561
20962,71558
20963,71555
20964,71551
20965,71548
20966,71544
20967,71541
20968,71538
20969,71534
20970,71531
20971,71527
20972,71524
20973,71521
20974,71517
20975,71514
20976,71510
20977,71507
20978,71503
20979,71500
20980,71497
20981,71493
20982,71490
20983,71486
20984,71483
20985,71480
20986,71476
20987,71473
20988,71469
20989,71466
20990,71463
20991,71459
20992,71456
20993,71452
20994,71449
20995,71446
20996,71442
20997,71439
20998,71435
20999,71432
21000,71429
21001,71425
21002,71422
21003,71418
21004,71415
21005,71412
21006,71408
21007,71405
21008,71401
21009,71398
21010,71395
21011,71391
21012,71388
21013,71384
21014,71381
21015,71378
21016,71374
21017,71371
21018,71367
21019,71364
21020,71361
21021,71357
21022,71354
21023,71350
21024,71347
21025,71344
21026,71340
21027,71337
21028,71333
21029,71330
21030,71327
21031,71323
21032,71320
21033,71317
21034,71313
21035,71310
21036,71306
21037,71303
21038,71300
21039,71296
21040,71293
21041,71289
21042,71286
21043,71283
21044,71279
21045,71276
21046,71272
21047,71269
21048,71266
21049,71262
21050,71259
21051,71256
21052,71252
21053,71249
21054,71245
21055,71242
21056,71239
21057,71235
21058,71232
21059,71228
21060,71225
21061,71222
21062,71218
21063,71215
21064,71212
21065,71208
21066,71205
21067,71201
21068,71198
21069,71195
21070,71191
21071,71188
21072,71185
21073,71181
21074,71178
21075,71174
21076,71171
21077,71168
21078,71164
21079,71161
21080,71157
21081,71154
21082,71151
21083,71147
21084,71144
21085,71141
21086,71137
21087,71134
21088,71131
21089,71127
21090,71124
21091,71120
21092,71117
21093,71114
21094,71110
21095,71107
21096,71104
21097,71100
21098,71097
21099,71093
21100,71090
21101,71087
21102,71083
21103,71080
21104,71077
21105,71073
21106,71070
21107,71066
21108,71063
21109,71060
21110,71056
21111,71053
21112,71050
21113,71046
21114,71043
21115,71040
21116,71036
21117,71033
21118,71029
21119,71026
21120,71023
21121,71019
21122,71016
21123,71013
21124,71009
21125,71006
21126,71003
21127,70999
21128,70996
21129,70992
21130,70989
21131,70986
21132,70982
21133,70979
21134,70976
21135,70972
21136,70969
21137,70966
21138,70962
21139,70959
21140,70956
21141,70952
21142,70949
21143,70945
21144,70942
21145,70939
21146,70935
21147,70932
21148,70929
21149,70925
21150,70922
21151,70919
21152,70915
21153,70912
21154,70909
21155,70905
21156,70902
21157,70899
21158,70895
21159,70892
21160,70888
21161,70885
21162,70882
21163,70878
21164,70875
21165,70872
21166,70868
21167,70865
21168,70862
21169,70858
21170,70855
21171,70852
21172,70848
21173,70845
21174,70842
21175,70838
21176,70835
21177,70832
21178,70828
21179,70825
21180,70822
21181,70818
21182,70815
21183,70811
21184,70808
21185,70805
21186,70801
21187,70798
21188,70795
21189,70791
21190,70788
21191,70785
21192,70781
21193,70778
21194,70775
21195,70771
21196,70768
21197,70765
21198,70761
21199,70758
21200,70755
21201,70751
21202,70748
21203,70745
21204,70741
21205,70738
21206,70735
21207,70731
21208,70728
21209,70725
21210,70721
21211,70718
21212,70715
21213,70711
21214,70708
21215,70705
21216,70701
21217,70698
21218,70695
21219,70691
21220,70688
21221,70685
21222,70681
21223,70678
21224,70675
21225,70671
21226,70668
21227,70665
21228,70661
21229,70658
21230,70655
21231,70651
21232,70648
21233,70645
21234,70641
21235,70638
21236,70635
21237,70631
21238,70628
21239,70625
21240,70621
21241,70618
21242,70615
21243,70611
21244,70608
21245,70605
21246,70602
21247,70598
21248,70595
21249,70592
21250,70588
21251,70585
21252,70582
21253,70578
21254,70575
21255,70572
21256,70568
21257,70565
21258,70562
21259,70558
21260,70555
21261,70552
21262,70548
21263,70545
21264,70542
21265,70538
21266,70535
21267,70532
21268,70528
21269,70525
21270,70522
21271,70519
21272,70515
21273,70512
21274,70509
21275,70505
21276,70502
21277,70499
21278,70495
21279,70492
21280,70489
21281,70485
21282,70482
21283,70479
21284,70475
21285,70472
21286,70469
21287,70466
21288,70462
21289,70459
21290,70456
21291,70452
21292,70449
21293,70446
21294,70442
21295,70439
21296,70436
21297,70432
21298,70429
21299,70426
21300,70423
21301,70419
21302,70416
21303,70413
21304,70409
21305,70406
21306,70403
21307,70399
21308,70396
21309,70393
21310,70389
21311,70386
21312,70383
21313,70380
21314,70376
21315,70373
21316,70370
21317,70366
21318,70363
21319,70360
21320,70356
21321,70353
21322,70350
21323,70347
21324,70343
21325,70340
21326,70337
21327,70333
21328,70330
21329,70327
21330,70323
21331,70320
21332,70317
21333,70314
21334,70310
21335,70307
21336,70304
21337,70300
21338,70297
21339,70294
21340,70291
21341,70287
21342,70284
21343,70281
21344,70277
21345,70274
21346,70271
21347,70267
21348,70264
21349,70261
21350,70258
21351,70254
21352,70251
21353,70248
21354,70244
21355,70241
21356,70238
21357,70235
21358,70231
21359,70228
21360,70225
21361,70221
21362,70218
21363,70215
21364,70212
21365,70208
21366,70205
21367,70202
21368,70198
21369,70195
21370,70192
21371,70189
21372,70185
21373,70182
21374,70179
21375,70175
21376,70172
21377,70169
21378,70166
21379,70162
21380,70159
21381,70156
21382,70152
21383,70149
21384,70146
21385,70143
21386,70139
21387,70136
21388,70133
21389,70130
21390,70126
21391,70123
21392,70120
21393,70116
21394,70113
21395,70110
21396,70107
21397,70103
21398,70100
21399,70097
21400,70093
21401,70090
21402,70087
21403,70084
21404,70080
21405,70077
21406,70074
21407,70071
21408,70067
21409,70064
21410,70061
21411,70057
21412,70054
21413,70051
21414,70048
21415,70044
21416,70041
21417,70038
21418,70035
21419,70031
21420,70028
21421,70025
21422,70021
21423,70018
21424,70015
21425,70012
21426,70008
21427,70005
21428,70002
21429,69999
21430,69995
21431,69992
21432,69989
21433,69986
21434,69982
21435,69979
21436,69976
21437,69972
21438,69969
21439,69966
21440,69963
21441,69959
21442,69956
21443,69953
21444,69950
21445,69946
21446,69943
21447,69940
21448,69937
21449,69933
21450,69930
21451,69927
21452,69924
21453,69920
21454,69917
21455,69914
21456,69911
21457,69907
21458,69904
21459,69901
21460,69897
21461,69894
21462,69891
21463,69888
21464,69884
21465,69881
21466,69878
21467,69875
21468,69871
21469,69868
21470,69865
21471,69862
21472,69858
21473,69855
21474,69852
21475,69849
21476,69845
21477,69842
21478,69839
21479,69836
21480,69832
21481,69829
21482,69826
21483,69823
21484,69819
21485,69816
21486,69813
21487,69810
21488,69806
21489,69803
21490,69800
21491,69797
21492,69793
21493,69790
21494,69787
21495,69784
21496,69780
21497,69777
21498,69774
21499,69771
21500,69767
21501,69764
21502,69761
21503,69758
21504,69754
21505,69751
21506,69748
21507,69745
21508,69741
21509,69738
21510,69735
21511,69732
21512,69729
21513,69725
21514,69722
21515,69719
21516,69716
21517,69712
21518,69709
21519,69706
21520,69703
21521,69699
21522,69696
21523,69693
21524,69690
21525,69686
21526,69683
21527,69680
21528,69677
21529,69673
21530,69670
21531,69667
21532,69664
21533,69661
21534,69657
21535,69654
21536,69651
21537,69648
21538,69644
21539,69641
21540,69638
21541,69635
21542,69631
21543,69628
21544,69625
21545,69622
21546,69618
21547,69615
21548,69612
21549,69609
21550,69606
21551,69602
21552,69599
21553,69596
21554,69593
21555,69589
21556,69586
21557,69583
21558,69580
21559,69577
21560,69573
21561,69570
21562,69567
21563,69564
21564,69560
21565,69557
21566,69554
21567,69551
21568,69547
21569,69544
21570,69541
21571,69538
21572,69535
21573,69531
21574,69528
21575,69525
21576,69522
21577,69518
21578,69515
21579,69512
21580,69509
21581,69506
21582,69502
21583,69499
21584,69496
21585,69493
21586,69489
21587,69486
21588,69483
21589,69480
21590,69477
21591,69473
21592,69470
21593,69467
21594,69464
21595,69461
21596,69457
21597,69454
21598,69451
21599,69448
21600,69444
21601,69441
21602,69438
21603,69435
21604,69432
21605,69428
21606,69425
21607,69422
21608,69419
21609,69416
21610,69412
21611,69409
21612,69406
21613,69403
21614,69399
21615,69396
21616,69393
21617,69390
21618,69387
21619,69383
21620,69380
21621,69377
21622,69374
21623,69371
21624,69367
21625,69364
21626,69361
21627,69358
21628,69355
21629,69351
21630,69348
21631,69345
21632,69342
21633,69339
21634,69335
21635,69332
21636,69329
21637,69326
21638,69322
21639,69319
21640,69316
21641,69313
21642,69310
21643,69306
21644,69303
21645,69300
21646,69297
21647,69294
21648,69290
21649,69287
21650,69284
21651,69281
21652,69278
21653,69274
21654,69271
21655,69268
21656,69265
21657,69262
21658,69258
21659,69255
21660,69252
21661,69249
21662,69246
21663,69242
21664,69239
21665,69236
21666,69233
21667,69230
21668,69227
21669,69223
21670,69220
21671,69217
21672,69214
21673,69211
21674,69207
21675,69204
21676,69201
21677,69198
21678,69195
21679,69191
21680,69188
21681,69185
21682,69182
21683,69179
21684,69175
21685,69172
21686,69169
21687,69166
21688,69163
21689,69159
21690,69156
21691,69153
21692,69150
21693,69147
21694,69144
21695,69140
21696,69137
21697,69134
21698,69131
21699,69128
21700,69124
21701,69121
21702,69118
21703,69115
21704,69112
21705,69109
21706,69105
21707,69102
21708,69099
21709,69096
21710,69093
21711,69089
21712,69086
21713,69083
21714,69080
21715,69077
21716,69073
21717,69070
21718,69067
21719,69064
21720,69061
21721,69058
21722,69054
21723,69051
21724,69048
21725,69045
21726,69042
21727,69039
21728,69035
21729,69032
21730,69029
21731,69026
21732,69023
21733,69019
21734,69016
21735,69013
21736,69010
21737,69007
21738,69004
21739,69000
21740,68997
21741,68994
21742,68991
21743,68988
21744,68985
21745,68981
21746,68978
21747,68975
21748,68972
21749,68969
21750,68966
21751,68962
21752,68959
21753,68956
21754,68953
21755,68950
21756,68946
21757,68943
21758,68940
21759,68937
21760,68934
21761,68931
21762,68927
21763,68924
21764,68921
21765,68918
21766,68915
21767,68912
21768,68908
21769,68905
21770,68902
21771,68899
21772,68896
21773,68893
21774,68890
21775,68886
21776,68883
21777,68880
21778,68877
21779,68874
21780,68871
21781,68867
21782,68864
21783,68861
21784,68858
21785,68855
21786,68852
21787,68848
21788,68845
21789,68842
21790,68839
21791,68836
21792,68833
21793,68829
21794,68826
21795,68823
21796,68820
21797,68817
21798,68814
21799,68810
21800,68807
21801,68804
21802,68801
21803,68798
21804,68795
21805,68792
21806,68788
21807,68785
21808,68782
21809,68779
21810,68776
21811,68773
21812,68769
21813,68766
21814,68763
21815,68760
21816,68757
21817,68754
21818,68751
21819,68747
21820,68744
21821,68741
21822,68738
21823,68735
21824,68732
21825,68729
21826,68725
21827,68722
21828,68719
21829,68716
21830,68713
21831,68710
21832,68706
21833,68703
21834,68700
21835,68697
21836,68694
21837,68691
21838,68688
21839,68684
21840,68681
21841,68678
21842,68675
21843,68672
21844,68669
21845,68666
21846,68662
21847,68659
21848,68656
21849,68653
21850,68650
21851,68647
21852,68644
21853,68640
21854,68637
21855,68634
21856,68631
21857,68628
21858,68625
21859,68622
21860,68618
21861,68615
21862,68612
21863,68609
21864,68606
21865,68603
21866,68600
21867,68597
21868,68593
21869,68590
21870,68587
21871,68584
21872,68581
21873,68578
21874,68575
21875,68571
21876,68568
21877,68565
21878,68562
21879,68559
21880,68556
21881,68553
21882,68549
21883,68546
21884,68543
21885,68540
21886,68537
21887,68534
21888,68531
21889,68528
21890,68524
21891,68521
21892,68518
21893,68515
21894,68512
21895,68509
21896,68506
21897,68503
21898,68499
21899,68496
21900,68493
21901,68490
21902,68487
21903,68484
21904,68481
21905,68478
21906,68474
21907,68471
21908,68468
21909,68465
21910,68462
21911,68459
21912,68456
21913,68453
21914,68449
21915,68446
21916,68443
21917,68440
21918,68437
21919,68434
21920,68431
21921,68428
21922,68424
21923,68421
21924,68418
21925,68415
21926,68412
21927,68409
21928,68406
21929,68403
21930,68399
21931,68396
21932,68393
21933,68390
21934,68387
21935,68384
21936,68381
21937,68378
21938,68375
21939,68371
21940,68368
21941,68365
21942,68362
21943,68359
21944,68356
21945,68353
21946,68350
21947,68346
21948,68343
21949,68340
21950,68337
21951,68334
21952,68331
21953,68328
21954,68325
21955,68322
21956,68318
21957,68315
21958,68312
21959,68309
21960,68306
21961,68303
21962,68300
21963,68297
21964,68294
21965,68290
21966,68287
21967,68284
21968,68281
21969,68278
21970,68275
21971,68272
21972,68269
21973,68266
21974,68262
21975,68259
21976,68256
21977,68253
21978,68250
21979,68247
21980,68244
21981,68241
21982,68238
21983,68235
21984,68231
21985,68228
21986,68225
21987,68222
21988,68219
21989,68216
21990,68213
21991,68210
21992,68207
21993,68204
21994,68200
21995,68197
21996,68194
21997,68191
21998,68188
21999,68185
22000,68182
22001,68179
22002,68176
22003,68173
22004,68169
22005,68166
22006,68163
22007,68160
22008,68157
22009,68154
22010,68151
22011,68148
22012,68145
22013,68142
22014,68138
22015,68135
22016,68132
22017,68129
22018,68126
22019,68123
22020,68120
22021,68117
22022,68114
22023,68111
22024,68108
22025,68104
22026,68101
22027,68098
22028,68095
22029,68092
22030,68089
22031,68086
22032,68083
22033,68080
22034,68077
22035,68074
22036,68070
22037,68067
22038,68064
22039,68061
22040,68058
22041,68055
22042,68052
22043,68049
22044,68046
22045,68043
22046,68040
22047,68036
22048,68033
22049,68030
22050,68027
22051,68024
22052,68021
22053,68018
22054,68015
22055,68012
22056,68009
22057,68006
22058,68003
22059,67999
22060,67996
22061,67993
22062,67990
22063,67987
22064,67984
22065,67981
22066,67978
22067,67975
22068,67972
22069,67969
22070,67966
22071,67962
22072,67959
22073,67956
22074,67953
22075,67950
22076,67947
22077,67944
22078,67941
22079,67938
22080,67935
22081,67932
22082,67929
22083,67926
22084,67922
22085,67919
22086,67916
22087,67913
22088,67910
22089,67907
22090,67904
22091,67901
22092,67898
22093,67895
22094,67892
22095,67889
22096,67886
22097,67883
22098,67879
22099,67876
22100,67873
22101,67870
22102,67867
22103,67864
22104,67861
22105,67858
22106,67855
22107,67852
22108,67849
22109,67846
22110,67843
22111,67840
22112,67836
22113,67833
22114,67830
22115,67827
22116,67824
22117,67821
22118,67818
22119,67815
22120,67812
22121,67809
22122,67806
22123,67803
22124,67800
22125,67797
22126,67794
22127,67790
22128,67787
22129,67784
22130,67781
22131,67778
22132,67775
22133,67772
22134,67769
22135,67766
22136,67763
22137,67760
22138,67757
22139,67754
22140,67751
22141,67748
22142,67745
22143,67741
22144,67738
22145,67735
22146,67732
22147,67729
22148,67726
22149,67723
22150,67720
22151,67717
22152,67714
22153,67711
22154,67708
22155,67705
22156,67702
22157,67699
22158,67696
22159,67693
22160,67690
22161,67686
22162,67683
22163,67680
22164,67677
22165,67674
22166,67671
22167,67668
22168,67665
22169,67662
22170,67659
22171,67656
22172,67653
22173,67650
22174,67647
22175,67644
22176,67641
22177,67638
22178,67635
22179,67632
22180,67628
22181,67625
22182,67622
22183,67619
22184,67616
22185,67613
22186,67610
22187,67607
22188,67604
22189,67601
22190,67598
22191,67595
22192,67592
22193,67589
22194,67586
22195,67583
22196,67580
22197,67577
22198,67574
22199,67571
22200,67568
22201,67565
22202,67561
22203,67558
22204,67555
22205,67552
22206,67549
22207,67546
22208,67543
22209,67540
22210,67537
22211,67534
22212,67531
22213,67528
22214,67525
22215,67522
22216,67519
22217,67516
22218,67513
22219,67510
22220,67507
22221,67504
22222,67501
22223,67498
22224,67495
22225,67492
22226,67489
22227,67485
22228,67482
22229,67479
22230,67476
22231,67473
22232,67470
22233,67467
22234,67464
22235,67461
22236,67458
22237,67455
22238,67452
22239,67449
22240,67446
22241,67443
22242,67440
22243,67437
22244,67434
22245,67431
22246,67428
22247,67425
22248,67422
22249,67419
22250,67416
22251,67413
22252,67410
22253,67407
22254,67404
22255,67401
22256,67398
22257,67395
22258,67391
22259,67388
22260,67385
22261,67382
22262,67379
22263,67376
22264,67373
22265,67370
22266,67367
22267,67364
22268,67361
22269,67358
22270,67355
22271,67352
22272,67349
22273,67346
22274,67343
22275,67340
22276,67337
22277,67334
22278,67331
22279,67328
22280,67325
22281,67322
22282,67319
22283,67316
22284,67313
22285,67310
22286,67307
22287,67304
22288,67301
22289,67298
22290,67295
22291,67292
22292,67289
22293,67286
22294,67283
22295,67280
22296,67277
22297,67274
22298,67271
22299,67268
22300,67265
22301,67262
22302,67259
22303,67256
22304,67253
22305,67249
22306,67246
22307,67243
22308,67240
22309,67237
22310,67234
22311,67231
22312,67228
22313,67225
22314,67222
22315,67219
22316,67216
22317,67213
22318,67210
22319,67207
22320,67204
22321,67201
22322,67198
22323,67195
22324,67192
22325,67189
22326,67186
22327,67183
22328,67180
22329,67177
22330,67174
22331,67171
22332,67168
22333,67165
22334,67162
22335,67159
22336,67156
22337,67153
22338,67150
22339,67147
22340,67144
22341,67141
22342,67138
22343,67135
22344,67132
22345,67129
22346,67126
22347,67123
22348,67120
22349,67117
22350,67114
22351,67111
22352,67108
22353,67105
22354,67102
22355,67099
22356,67096
22357,67093
22358,67090
22359,67087
22360,67084
22361,67081
22362,67078
22363,67075
22364,67072
22365,67069
22366,67066
22367,67063
22368,67060
22369,67057
22370,67054
22371,67051
22372,67048
22373,67045
22374,67042
22375,67039
22376,67036
22377,67033
22378,67030
22379,67027
22380,67024
22381,67021
22382,67018
22383,67015
22384,67012
22385,67009
22386,67006
22387,67003
22388,67000
22389,66997
22390,66994
22391,66991
22392,66988
22393,66985
22394,66982
22395,66979
22396,66976
22397,66973
22398,66970
22399,66967
22400,66964
22401,66961
22402,66958
22403,66955
22404,66952
22405,66949
22406,66946
22407,66943
22408,66940
22409,66937
22410,66934
22411,66931
22412,66928
22413,66925
22414,66922
22415,66919
22416,66916
22417,66914
22418,66911
22419,66908
22420,66905
22421,66902
22422,66899
22423,66896
22424,66893
22425,66890
22426,66887
22427,66884
22428,66881
22429,66878
22430,66875
22431,66872
22432,66869
22433,66866
22434,66863
22435,66860
22436,66857
22437,66854
22438,66851
22439,66848
22440,66845
22441,66842
22442,66839
22443,66836
22444,66833
22445,66830
22446,66827
22447,66824
22448,66821
22449,66818
22450,66815
22451,66812
22452,66809
22453,66806
22454,66803
22455,66800
22456,66797
22457,66794
22458,66791
22459,66788
22460,66785
22461,66782
22462,66779
22463,66776
22464,66774
22465,66771
22466,66768
22467,66765
22468,66762
22469,66759
22470,66756
22471,66753
22472,66750
22473,66747
22474,66744
22475,66741
22476,66738
22477,66735
22478,66732
22479,66729
22480,66726
22481,66723
22482,66720
22483,66717
22484,66714
22485,66711
22486,66708
22487,66705
22488,66702
22489,66699
22490,66696
22491,66693
22492,66690
22493,66687
22494,66684
22495,66681
22496,66679
22497,66676
22498,66673
22499,66670
22500,66667
22501,66664
22502,66661
22503,66658
22504,66655
22505,66652
22506,66649
22507,66646
22508,66643
22509,66640
22510,66637
22511,66634
22512,66631
22513,66628
22514,66625
22515,66622
22516,66619
22517,66616
22518,66613
22519,66610
22520,66607
22521,66605
22522,66602
22523,66599
22524,66596
22525,66593
22526,66590
22527,66587
22528,66584
22529,66581
22530,66578
22531,66575
22532,66572
22533,66569
22534,66566
22535,66563
22536,66560
22537,66557
22538,66554
22539,66551
22540,66548
22541,66545
22542,66542
22543,66540
22544,66537
22545,66534
22546,66531
22547,66528
22548,66525
22549,66522
22550,66519
22551,66516
22552,66513
22553,66510
22554,66507
22555,66504
22556,66501
22557,66498
22558,66495
22559,66492
22560,66489
22561,66486
22562,66483
22563,66481
22564,66478
22565,66475
22566,66472
22567,66469
22568,66466
22569,66463
22570,66460
22571,66457
22572,66454
22573,66451
22574,66448
22575,66445
22576,66442
22577,66439
22578,66436
22579,66433
22580,66430
22581,66428
22582,66425
22583,66422
22584,66419
22585,66416
22586,66413
22587,66410
22588,66407
22589,66404
22590,66401
22591,66398
22592,66395
22593,66392
22594,66389
22595,66386
22596,66383
22597,66380
22598,66378
22599,66375
22600,66372
22601,66369
22602,66366
22603,66363
22604,66360
22605,66357
22606,66354
22607,66351
22608,66348
22609,66345
22610,66342
22611,66339
22612,66336
22613,66334
22614,66331
22615,66328
22616,66325
22617,66322
22618,66319
22619,66316
22620,66313
22621,66310
22622,66307
22623,66304
22624,66301
22625,66298
22626,66295
22627,66292
22628,66290
22629,66287
22630,66284
22631,66281
22632,66278
22633,66275
22634,66272
22635,66269
22636,66266
22637,66263
22638,66260
22639,66257
22640,66254
22641,66251
22642,66249
22643,66246
22644,66243
22645,66240
22646,66237
22647,66234
22648,66231
22649,66228
22650,66225
22651,66222
22652,66219
22653,66216
22654,66213
22655,66211
22656,66208
22657,66205
22658,66202
22659,66199
22660,66196
22661,66193
22662,66190
22663,66187
22664,66184
22665,66181
22666,66178
22667,66175
22668,66173
22669,66170
22670,66167
22671,66164
22672,66161
22673,66158
22674,66155
22675,66152
22676,66149
22677,66146
22678,66143
22679,66140
22680,66138
22681,66135
22682,66132
22683,66129
22684,66126
22685,66123
22686,66120
22687,66117
22688,66114
22689,66111
22690,66108
22691,66106
22692,66103
22693,66100
22694,66097
22695,66094
22696,66091
22697,66088
22698,66085
22699,66082
22700,66079
22701,66076
22702,66073
22703,66071
22704,66068
22705,66065
22706,66062
22707,66059
22708,66056
22709,66053
22710,66050
22711,66047
22712,66044
22713,66041
22714,66039
22715,66036
22716,66033
22717,66030
22718,66027
22719,66024
22720,66021
22721,66018
22722,66015
22723,66012
22724,66010
22725,66007
22726,66004
22727,66001
22728,65998
22729,65995
22730,65992
22731,65989
22732,65986
22733,65983
22734,65980
22735,65978
22736,65975
22737,65972
22738,65969
22739,65966
22740,65963
22741,65960
22742,65957
22743,65954
22744,65951
22745,65949
22746,65946
22747,65943
22748,65940
22749,65937
22750,65934
22751,65931
22752,65928
22753,65925
22754,65922
22755,65920
22756,65917
22757,65914
22758,65911
22759,65908
22760,65905
22761,65902
22762,65899
22763,65896
22764,65894
22765,65891
22766,65888
22767,65885
22768,65882
22769,65879
22770,65876
22771,65873
22772,65870
22773,65867
22774,65865
22775,65862
22776,65859
22777,65856
22778,65853
22779,65850
22780,65847
22781,65844
22782,65841
22783,65839
22784,65836
22785,65833
22786,65830
22787,65827
22788,65824
22789,65821
22790,65818
22791,65815
22792,65813
22793,65810
22794,65807
22795,65804
22796,65801
22797,65798
22798,65795
22799,65792
22800,65789
22801,65787
22802,65784
22803,65781
22804,65778
22805,65775
22806,65772
22807,65769
22808,65766
22809,65764
22810,65761
22811,65758
22812,65755
22813,65752
22814,65749
22815,65746
22816,65743
22817,65740
22818,65738
22819,65735
22820,65732
22821,65729
22822,65726
22823,65723
22824,65720
22825,65717
22826,65715
22827,65712
22828,65709
22829,65706
22830,65703
22831,65700
22832,65697
22833,65694
22834,65692
22835,65689
22836,65686
22837,65683
22838,65680
22839,65677
22840,65674
22841,65671
22842,65669
22843,65666
22844,65663
22845,65660
22846,65657
22847,65654
22848,65651
22849,65648
22850,65646
22851,65643
22852,65640
22853,65637
22854,65634
22855,65631
22856,65628
22857,65625
22858,65623
22859,65620
22860,65617
22861,65614
22862,65611
22863,65608
22864,65605
22865,65602
22866,65600
22867,65597
22868,65594
22869,65591
22870,65588
22871,65585
22872,65582
22873,65580
22874,65577
22875,65574
22876,65571
22877,65568
22878,65565
22879,65562
22880,65559
22881,65557
22882,65554
22883,65551
22884,65548
22885,65545
22886,65542
22887,65539
22888,65537
22889,65534
22890,65531
22891,65528
22892,65525
22893,65522
22894,65519
22895,65516
22896,65514
22897,65511
22898,65508
22899,65505
22900,65502
22901,65499
22902,65496
22903,65494
22904,65491
22905,65488
22906,65485
22907,65482
22908,65479
22909,65476
22910,65474
22911,65471
22912,65468
22913,65465
22914,65462
22915,65459
22916,65456
22917,65454
22918,65451
22919,65448
22920,65445
22921,65442
22922,65439
22923,65436
22924,65434
22925,65431
22926,65428
22927,65425
22928,65422
22929,65419
22930,65416
22931,65414
22932,65411
22933,65408
22934,65405
22935,65402
22936,65399
22937,65397
22938,65394
22939,65391
22940,65388
22941,65385
22942,65382
22943,65379
22944,65377
22945,65374
22946,65371
22947,65368
22948,65365
22949,65362
22950,65359
22951,65357
22952,65354
22953,65351
22954,65348
22955,65345
22956,65342
22957,65340
22958,65337
22959,65334
22960,65331
22961,65328
22962,65325
22963,65322
22964,65320
22965,65317
22966,65314
22967,65311
22968,65308
22969,65305
22970,65303
22971,65300
22972,65297
22973,65294
22974,65291
22975,65288
22976,65286
22977,65283
22978,65280
22979,65277
22980,65274
22981,65271
22982,65268
22983,65266
22984,65263
22985,65260
22986,65257
22987,65254
22988,65251
22989,65249
22990,65246
22991,65243
22992,65240
22993,65237
22994,65234
22995,65232
22996,65229
22997,65226
22998,65223
22999,65220
23000,65217
23001,65215
23002,65212
23003,65209
23004,65206
23005,65203
23006,65200
23007,65198
23008,65195
23009,65192
23010,65189
23011,65186
23012,65183
23013,65181
23014,65178
23015,65175
23016,65172
23017,65169
23018,65166
23019,65164
23020,65161
23021,65158
23022,65155
23023,65152
23024,65149
23025,65147
23026,65144
23027,65141
23028,65138
23029,65135
23030,65132
23031,65130
23032,65127
23033,65124
23034,65121
23035,65118
23036,65115
23037,65113
23038,65110
23039,65107
23040,65104
23041,65101
23042,65099
23043,65096
23044,65093
23045,65090
23046,65087
23047,65084
23048,65082
23049,65079
23050,65076
23051,65073
23052,65070
23053,65067
23054,65065
23055,65062
23056,65059
23057,65056
23058,65053
23059,65051
23060,65048
23061,65045
23062,65042
23063,65039
23064,65036
23065,65034
23066,65031
23067,65028
23068,65025
23069,65022
23070,65020
23071,65017
23072,65014
23073,65011
23074,65008
23075,65005
23076,65003
23077,65000
23078,64997
23079,64994
23080,64991
23081,64989
23082,64986
23083,64983
23084,64980
23085,64977
23086,64974
23087,64972
23088,64969
23089,64966
23090,64963
23091,64960
23092,64958
23093,64955
23094,64952
23095,64949
23096,64946
23097,64943
23098,64941
23099,64938
23100,64935
23101,64932
23102,64929
23103,64927
23104,64924
23105,64921
23106,64918
23107,64915
23108,64913
23109,64910
23110,64907
23111,64904
23112,64901
23113,64899
23114,64896
23115,64893
23116,64890
23117,64887
23118,64885
23119,64882
23120,64879
23121,64876
23122,64873
23123,64870
23124,64868
23125,64865
23126,64862
23127,64859
23128,64856
23129,64854
23130,64851
23131,64848
23132,64845
23133,64842
23134,64840
23135,64837
23136,64834
23137,64831
23138,64828
23139,64826
23140,64823
23141,64820
23142,64817
23143,64814
23144,64812
23145,64809
23146,64806
23147,64803
23148,64800
23149,64798
23150,64795
23151,64792
23152,64789
23153,64786
23154,64784
23155,64781
23156,64778
23157,64775
23158,64772
23159,64770
23160,64767
23161,64764
23162,64761
23163,64758
23164,64756
23165,64753
23166,64750
23167,64747
23168,64744
23169,64742
23170,64739
23171,64736
23172,64733
23173,64731
23174,64728
23175,64725
23176,64722
23177,64719
23178,64717
23179,64714
23180,64711
23181,64708
23182,64705
23183,64703
23184,64700
23185,64697
23186,64694
23187,64691
23188,64689
23189,64686
23190,64683
23191,64680
23192,64677
23193,64675
23194,64672
23195,64669
23196,64666
23197,64664
23198,64661
23199,64658
23200,64655
23201,64652
23202,64650
23203,64647
23204,64644
23205,64641
23206,64638
23207,64636
23208,64633
23209,64630
23210,64627
23211,64625
23212,64622
23213,64619
23214,64616
23215,64613
23216,64611
23217,64608
23218,64605
23219,64602
23220,64599
23221,64597
23222,64594
23223,64591
23224,64588
23225,64586
23226,64583
23227,64580
23228,64577
23229,64574
23230,64572
23231,64569
23232,64566
23233,64563
23234,64561
23235,64558
23236,64555
23237,64552
23238,64549
23239,64547
23240,64544
23241,64541
23242,64538
23243,64536
23244,64533
23245,64530
23246,64527
23247,64524
23248,64522
23249,64519
23250,64516
23251,64513
23252,64511
23253,64508
23254,64505
23255,64502
23256,64499
23257,64497
23258,64494
23259,64491
23260,64488
23261,64486
23262,64483
23263,64480
23264,64477
23265,64475
23266,64472
23267,64469
23268,64466
23269,64463
23270,64461
23271,64458
23272,64455
23273,64452
23274,64450
23275,64447
23276,64444
23277,64441
23278,64439
23279,64436
23280,64433
23281,64430
23282,64427
23283,64425
23284,64422
23285,64419
23286,64416
23287,64414
23288,64411
23289,64408
23290,64405
23291,64403
23292,64400
23293,64397
23294,64394
23295,64392
23296,64389
23297,64386
23298,64383
23299,64380
23300,64378
23301,64375
23302,64372
23303,64369
23304,64367
23305,64364
23306,64361
23307,64358
23308,64356
23309,64353
23310,64350
23311,64347
23312,64345
23313,64342
23314,64339
23315,64336
23316,64334
23317,64331
23318,64328
23319,64325
23320,64322
23321,64320
23322,64317
23323,64314
23324,64311
23325,64309
23326,64306
23327,64303
23328,64300
23329,64298
23330,64295
23331,64292
23332,64289
23333,64287
23334,64284
23335,64281
23336,64278
23337,64276
23338,64273
23339,64270
23340,64267
23341,64265
23342,64262
23343,64259
23344,64256
23345,64254
23346,64251
23347,64248
23348,64245
23349,64243
23350,64240
23351,64237
23352,64234
23353,64232
23354,64229
23355,64226
23356,64223
23357,64221
23358,64218
23359,64215
23360,64212
23361,64210
23362,64207
23363,64204
23364,64201
23365,64199
23366,64196
23367,64193
23368,64190
23369,64188
23370,64185
23371,64182
23372,64179
23373,64177
23374,64174
23375,64171
23376,64168
23377,64166
23378,64163
23379,64160
23380,64157
23381,64155
23382,64152
23383,64149
23384,64146
23385,64144
23386,64141
23387,64138
23388,64135
23389,64133
23390,64130
23391,64127
23392,64124
23393,64122
23394,64119
23395,64116
23396,64114
23397,64111
23398,64108
23399,64105
23400,64103
23401,64100
23402,64097
23403,64094
23404,64092
23405,64089
23406,64086
23407,64083
23408,64081
23409,64078
23410,64075
23411,64072
23412,64070
23413,64067
23414,64064
23415,64061
23416,64059
23417,64056
23418,64053
23419,64051
23420,64048
23421,64045
23422,64042
23423,64040
23424,64037
23425,64034
23426,64031
23427,64029
23428,64026
23429,64023
23430,64020
23431,64018
23432,64015
23433,64012
23434,64010
23435,64007
23436,64004
23437,64001
23438,63999
23439,63996
23440,63993
23441,63990
23442,63988
23443,63985
23444,63982
23445,63980
23446,63977
23447,63974
23448,63971
23449,63969
23450,63966
23451,63963
23452,63960
23453,63958
23454,63955
23455,63952
23456,63950
23457,63947
23458,63944
23459,63941
23460,63939
23461,63936
23462,63933
23463,63930
23464,63928
23465,63925
23466,63922
23467,63920
23468,63917
23469,63914
23470,63911
23471,63909
23472,63906
23473,63903
23474,63900
23475,63898
23476,63895
23477,63892
23478,63890
23479,63887
23480,63884
23481,63881
23482,63879
23483,63876
23484,63873
23485,63871
23486,63868
23487,63865
23488,63862
23489,63860
23490,63857
23491,63854
23492,63852
23493,63849
23494,63846
23495,63843
23496,63841
23497,63838
23498,63835
23499,63833
23500,63830
23501,63827
23502,63824
23503,63822
23504,63819
23505,63816
23506,63813
23507,63811
23508,63808
23509,63805
23510,63803
23511,63800
23512,63797
23513,63794
23514,63792
23515,63789
23516,63786
23517,63784
23518,63781
23519,63778
23520,63776
23521,63773
23522,63770
23523,63767
23524,63765
23525,63762
23526,63759
23527,63757
23528,63754
23529,63751
23530,63748
23531,63746
23532,63743
23533,63740
23534,63738
23535,63735
23536,63732
23537,63729
23538,63727
23539,63724
23540,63721
23541,63719
23542,63716
23543,63713
23544,63710
23545,63708
23546,63705
23547,63702
23548,63700
23549,63697
23550,63694
23551,63692
23552,63689
23553,63686
23554,63683
23555,63681
23556,63678
23557,63675
23558,63673
23559,63670
23560,63667
23561,63665
23562,63662
23563,63659
23564,63656
23565,63654
23566,63651
23567,63648
23568,63646
23569,63643
23570,63640
23571,63638
23572,63635
23573,63632
23574,63629
23575,63627
23576,63624
23577,63621
23578,63619
23579,63616
23580,63613
23581,63611
23582,63608
23583,63605
23584,63602
23585,63600
23586,63597
23587,63594
23588,63592
23589,63589
23590,63586
23591,63584
23592,63581
23593,63578
23594,63575
23595,63573
23596,63570
23597,63567
23598,63565
23599,63562
23600,63559
23601,63557
23602,63554
23603,63551
23604,63549
23605,63546
23606,63543
23607,63540
23608,63538
23609,63535
23610,63532
23611,63530
23612,63527
23613,63524
23614,63522
23615,63519
23616,63516
23617,63514
23618,63511
23619,63508
23620,63506
23621,63503
23622,63500
23623,63497
23624,63495
23625,63492
23626,63489
23627,63487
23628,63484
23629,63481
23630,63479
23631,63476
23632,63473
23633,63471
23634,63468
23635,63465
23636,63463
23637,63460
23638,63457
23639,63454
23640,63452
23641,63449
23642,63446
23643,63444
23644,63441
23645,63438
23646,63436
23647,63433
23648,63430
23649,63428
23650,63425
23651,63422
23652,63420
23653,63417
23654,63414
23655,63412
23656,63409
23657,63406
23658,63403
23659,63401
23660,63398
23661,63395
23662,63393
23663,63390
23664,63387
23665,63385
23666,63382
23667,63379
23668,63377
23669,63374
23670,63371
23671,63369
23672,63366
23673,63363
23674,63361
23675,63358
23676,63355
23677,63353
23678,63350
23679,63347
23680,63345
23681,63342
23682,63339
23683,63337
23684,63334
23685,63331
23686,63329
23687,63326
23688,63323
23689,63321
23690,63318
23691,63315
23692,63313
23693,63310
23694,63307
23695,63304
23696,63302
23697,63299
23698,63296
23699,63294
23700,63291
23701,63288
23702,63286
23703,63283
23704,63280
23705,63278
23706,63275
23707,63272
23708,63270
23709,63267
23710,63264
23711,63262
23712,63259
23713,63256
23714,63254
23715,63251
23716,63248
23717,63246
23718,63243
23719,63240
23720,63238
23721,63235
23722,63232
23723,63230
23724,63227
23725,63224
23726,63222
23727,63219
23728,63216
23729,63214
23730,63211
23731,63208
23732,63206
23733,63203
23734,63200
23735,63198
23736,63195
23737,63192
23738,63190
23739,63187
23740,63184
23741,63182
23742,63179
23743,63177
23744,63174
23745,63171
23746,63169
23747,63166
23748,63163
23749,63161
23750,63158
23751,63155
23752,63153
23753,63150
23754,63147
23755,63145
23756,63142
23757,63139
23758,63137
23759,63134
23760,63131
23761,63129
23762,63126
23763,63123
23764,63121
23765,63118
23766,63115
23767,63113
23768,63110
23769,63107
23770,63105
23771,63102
23772,63099
23773,63097
23774,63094
23775,63091
23776,63089
23777,63086
23778,63084
23779,63081
23780,63078
23781,63076
23782,63073
23783,63070
23784,63068
23785,63065
23786,63062
23787,63060
23788,63057
23789,63054
23790,63052
23791,63049
23792,63046
23793,63044
23794,63041
23795,63038
23796,63036
23797,63033
23798,63031
23799,63028
23800,63025
23801,63023
23802,63020
23803,63017
23804,63015
23805,63012
23806,63009
23807,63007
23808,63004
23809,63001
23810,62999
23811,62996
23812,62993
23813,62991
23814,62988
23815,62986
23816,62983
23817,62980
23818,62978
23819,62975
23820,62972
23821,62970
23822,62967
23823,62964
23824,62962
23825,62959
23826,62956
23827,62954
23828,62951
23829,62949
23830,62946
23831,62943
23832,62941
23833,62938
23834,62935
23835,62933
23836,62930
23837,62927
23838,62925
23839,62922
23840,62919
23841,62917
23842,62914
23843,62912
23844,62909
23845,62906
23846,62904
23847,62901
23848,62898
23849,62896
23850,62893
23851,62890
23852,62888
23853,62885
23854,62883
23855,62880
23856,62877
23857,62875
23858,62872
23859,62869
23860,62867
23861,62864
23862,62861
23863,62859
23864,62856
23865,62854
23866,62851
23867,62848
23868,62846
23869,62843
23870,62840
23871,62838
23872,62835
23873,62832
23874,62830
23875,62827
23876,62825
23877,62822
23878,62819
23879,62817
23880,62814
23881,62811
23882,62809
23883,62806
23884,62804
23885,62801
23886,62798
23887,62796
23888,62793
23889,62790
23890,62788
23891,62785
23892,62783
23893,62780
23894,62777
23895,62775
23896,62772
23897,62769
23898,62767
23899,62764
23900,62762
23901,62759
23902,62756
23903,62754
23904,62751
23905,62748
23906,62746
23907,62743
23908,62741
23909,62738
23910,62735
23911,62733
23912,62730
23913,62727
23914,62725
23915,62722
23916,62720
23917,62717
23918,62714
23919,62712
23920,62709
23921,62706
23922,62704
23923,62701
23924,62699
23925,62696
23926,62693
23927,62691
23928,62688
23929,62685
23930,62683
23931,62680
23932,62678
23933,62675
23934,62672
23935,62670
23936,62667
23937,62664
23938,62662
23939,62659
23940,62657
23941,62654
23942,62651
23943,62649
23944,62646
23945,62644
23946,62641
23947,62638
23948,62636
23949,62633
23950,62630
23951,62628
23952,62625
23953,62623
23954,62620
23955,62617
23956,62615
23957,62612
23958,62610
23959,62607
23960,62604
23961,62602
23962,62599
23963,62597
23964,62594
23965,62591
23966,62589
23967,62586
23968,62583
23969,62581
23970,62578
23971,62576
23972,62573
23973,62570
23974,62568
23975,62565
23976,62563
23977,62560
23978,62557
23979,62555
23980,62552
23981,62550
23982,62547
23983,62544
23984,62542
23985,62539
23986,62536
23987,62534
23988,62531
23989,62529
23990,62526
23991,62523
23992,62521
23993,62518
23994,62516
23995,62513
23996,62510
23997,62508
23998,62505
23999,62503
24000,62500
24001,62497
24002,62495
24003,62492
24004,62490
24005,62487
24006,62484
24007,62482
24008,62479
24009,62477
24010,62474
24011,62471
24012,62469
24013,62466
24014,62464
24015,62461
24016,62458
24017,62456
24018,62453
24019,62451
24020,62448
24021,62445
24022,62443
24023,62440
24024,62438
24025,62435
24026,62432
24027,62430
24028,62427
24029,62425
24030,62422
24031,62419
24032,62417
24033,62414
24034,62412
24035,62409
24036,62406
24037,62404
24038,62401
24039,62399
24040,62396
24041,62393
24042,62391
24043,62388
24044,62386
24045,62383
24046,62380
24047,62378
24048,62375
24049,62373
24050,62370
24051,62367
24052,62365
24053,62362
24054,62360
24055,62357
24056,62355
24057,62352
24058,62349
24059,62347
24060,62344
24061,62342
24062,62339
24063,62336
24064,62334
24065,62331
24066,62329
24067,62326
24068,62323
24069,62321
24070,62318
24071,62316
24072,62313
24073,62310
24074,62308
24075,62305
24076,62303
24077,62300
24078,62298
24079,62295
24080,62292
24081,62290
24082,62287
24083,62285
24084,62282
24085,62279
24086,62277
24087,62274
24088,62272
24089,62269
24090,62267
24091,62264
24092,62261
24093,62259
24094,62256
24095,62254
24096,62251
24097,62248
24098,62246
24099,62243
24100,62241
24101,62238
24102,62235
24103,62233
24104,62230
24105,62228
24106,62225
24107,62223
24108,62220
24109,62217
24110,62215
24111,62212
24112,62210
24113,62207
24114,62205
24115,62202
24116,62199
24117,62197
24118,62194
24119,62192
24120,62189
24121,62186
24122,62184
24123,62181
24124,62179
24125,62176
24126,62174
24127,62171
24128,62168
24129,62166
24130,62163
24131,62161
24132,62158
24133,62156
24134,62153
24135,62150
24136,62148
24137,62145
24138,62143
24139,62140
24140,62138
24141,62135
24142,62132
24143,62130
24144,62127
24145,62125
24146,62122
24147,62120
24148,62117
24149,62114
24150,62112
24151,62109
24152,62107
24153,62104
24154,62102
24155,62099
24156,62096
24157,62094
24158,62091
24159,62089
24160,62086
24161,62084
24162,62081
24163,62078
24164,62076
24165,62073
24166,62071
24167,62068
24168,62066
24169,62063
24170,62060
24171,62058
24172,62055
24173,62053
24174,62050
24175,62048
24176,62045
24177,62042
24178,62040
24179,62037
24180,62035
24181,62032
24182,62030
24183,62027
24184,62024
24185,62022
24186,62019
24187,62017
24188,62014
24189,62012
24190,62009
24191,62007
24192,62004
24193,62001
24194,61999
24195,61996
24196,61994
24197,61991
24198,61989
24199,61986
24200,61983
24201,61981
24202,61978
24203,61976
24204,61973
24205,61971
24206,61968
24207,61966
24208,61963
24209,61960
24210,61958
24211,61955
24212,61953
24213,61950
24214,61948
24215,61945
24216,61943
24217,61940
24218,61937
24219,61935
24220,61932
24221,61930
24222,61927
24223,61925
24224,61922
24225,61920
24226,61917
24227,61914
24228,61912
24229,61909
24230,61907
24231,61904
24232,61902
24233,61899
24234,61897
24235,61894
24236,61891
24237,61889
24238,61886
24239,61884
24240,61881
24241,61879
24242,61876
24243,61874
24244,61871
24245,61868
24246,61866
24247,61863
24248,61861
24249,61858
24250,61856
24251,61853
24252,61851
24253,61848
24254,61845
24255,61843
24256,61840
24257,61838
24258,61835
24259,61833
24260,61830
24261,61828
24262,61825
24263,61823
24264,61820
24265,61817
24266,61815
24267,61812
24268,61810
24269,61807
24270,61805
24271,61802
24272,61800
24273,61797
24274,61795
24275,61792
24276,61789
24277,61787
24278,61784
24279,61782
24280,61779
24281,61777
24282,61774
24283,61772
24284,61769
24285,61767
24286,61764
24287,61761
24288,61759
24289,61756
24290,61754
24291,61751
24292,61749
24293,61746
24294,61744
24295,61741
24296,61739
24297,61736
24298,61733
24299,61731
24300,61728
24301,61726
24302,61723
24303,61721
24304,61718
24305,61716
24306,61713
24307,61711
24308,61708
24309,61706
24310,61703
24311,61700
24312,61698
24313,61695
24314,61693
24315,61690
24316,61688
24317,61685
24318,61683
24319,61680
24320,61678
24321,61675
24322,61673
24323,61670
24324,61667
24325,61665
24326,61662
24327,61660
24328,61657
24329,61655
24330,61652
24331,61650
24332,61647
24333,61645
24334,61642
24335,61640
24336,61637
24337,61635
24338,61632
24339,61629
24340,61627
24341,61624
24342,61622
24343,61619
24344,61617
24345,61614
24346,61612
24347,61609
24348,61607
24349,61604
24350,61602
24351,61599
24352,61597
24353,61594
24354,61592
24355,61589
24356,61586
24357,61584
24358,61581
24359,61579
24360,61576
24361,61574
24362,61571
24363,61569
24364,61566
24365,61564
24366,61561
24367,61559
24368,61556
24369,61554
24370,61551
24371,61549
24372,61546
24373,61544
24374,61541
24375,61538
24376,61536
24377,61533
24378,61531
24379,61528
24380,61526
24381,61523
24382,61521
24383,61518
24384,61516
24385,61513
24386,61511
24387,61508
24388,61506
24389,61503
24390,61501
24391,61498
24392,61496
24393,61493
24394,61491
24395,61488
24396,61485
24397,61483
24398,61480
24399,61478
24400,61475
24401,61473
24402,61470
24403,61468
24404,61465
24405,61463
24406,61460
24407,61458
24408,61455
24409,61453
24410,61450
24411,61448
24412,61445
24413,61443
24414,61440
24415,61438
24416,61435
24417,61433
24418,61430
24419,61428
24420,61425
24421,61423
24422,61420
24423,61418
24424,61415
24425,61412
24426,61410
24427,61407
24428,61405
24429,61402
24430,61400
24431,61397
24432,61395
24433,61392
24434,61390
24435,61387
24436,61385
24437,61382
24438,61380
24439,61377
24440,61375
24441,61372
24442,61370
24443,61367
24444,61365
24445,61362
24446,61360
24447,61357
24448,61355
24449,61352
24450,61350
24451,61347
24452,61345
24453,61342
24454,61340
24455,61337
24456,61335
24457,61332
24458,61330
24459,61327
24460,61325
24461,61322
24462,61320
24463,61317
24464,61315
24465,61312
24466,61310
24467,61307
24468,61305
24469,61302
24470,61300
24471,61297
24472,61295
24473,61292
24474,61290
24475,61287
24476,61285
24477,61282
24478,61280
24479,61277
24480,61275
24481,61272
24482,61270
24483,61267
24484,61264
24485,61262
24486,61259
24487,61257
24488,61254
24489,61252
24490,61249
24491,61247
24492,61244
24493,61242
24494,61239
24495,61237
24496,61234
24497,61232
24498,61229
24499,61227
24500,61224
24501,61222
24502,61219
24503,61217
24504,61214
24505,61212
24506,61209
24507,61207
24508,61205
24509,61202
24510,61200
24511,61197
24512,61195
24513,61192
24514,61190
24515,61187
24516,61185
24517,61182
24518,61180
24519,61177
24520,61175
24521,61172
24522,61170
24523,61167
24524,61165
24525,61162
24526,61160
24527,61157
24528,61155
24529,61152
24530,61150
24531,61147
24532,61145
24533,61142
24534,61140
24535,61137
24536,61135
24537,61132
24538,61130
24539,61127
24540,61125
24541,61122
24542,61120
24543,61117
24544,61115
24545,61112
24546,61110
24547,61107
24548,61105
24549,61102
24550,61100
24551,61097
24552,61095
24553,61092
24554,61090
24555,61087
24556,61085
24557,61082
24558,61080
24559,61077
24560,61075
24561,61072
24562,61070
24563,61067
24564,61065
24565,61062
24566,61060
24567,61058
24568,61055
24569,61053
24570,61050
24571,61048
24572,61045
24573,61043
24574,61040
24575,61038
24576,61035
24577,61033
24578,61030
24579,61028
24580,61025
24581,61023
24582,61020
24583,61018
24584,61015
24585,61013
24586,61010
24587,61008
24588,61005
24589,61003
24590,61000
24591,60998
24592,60995
24593,60993
24594,60990
24595,60988
24596,60986
24597,60983
24598,60981
24599,60978
24600,60976
24601,60973
24602,60971
24603,60968
24604,60966
24605,60963
24606,60961
24607,60958
24608,60956
24609,60953
24610,60951
24611,60948
24612,60946
24613,60943
24614,60941
24615,60938
24616,60936
24617,60934
24618,60931
24619,60929
24620,60926
24621,60924
24622,60921
24623,60919
24624,60916
24625,60914
24626,60911
24627,60909
24628,60906
24629,60904
24630,60901
24631,60899
24632,60896
24633,60894
24634,60891
24635,60889
24636,60887
24637,60884
24638,60882
24639,60879
24640,60877
24641,60874
24642,60872
24643,60869
24644,60867
24645,60864
24646,60862
24647,60859
24648,60857
24649,60854
24650,60852
24651,60849
24652,60847
24653,60845
24654,60842
24655,60840
24656,60837
24657,60835
24658,60832
24659,60830
24660,60827
24661,60825
24662,60822
24663,60820
24664,60817
24665,60815
24666,60812
24667,60810
24668,60808
24669,60805
24670,60803
24671,60800
24672,60798
24673,60795
24674,60793
24675,60790
24676,60788
24677,60785
24678,60783
24679,60780
24680,60778
24681,60775
24682,60773
24683,60771
24684,60768
24685,60766
24686,60763
24687,60761
24688,60758
24689,60756
24690,60753
24691,60751
24692,60748
24693,60746
24694,60744
24695,60741
24696,60739
24697,60736
24698,60734
24699,60731
24700,60729
24701,60726
24702,60724
24703,60721
24704,60719
24705,60716
24706,60714
24707,60712
24708,60709
24709,60707
24710,60704
24711,60702
24712,60699
24713,60697
24714,60694
24715,60692
24716,60689
24717,60687
24718,60685
24719,60682
24720,60680
24721,60677
24722,60675
24723,60672
24724,60670
24725,60667
24726,60665
24727,60662
24728,60660
24729,60658
24730,60655
24731,60653
24732,60650
24733,60648
24734,60645
24735,60643
24736,60640
24737,60638
24738,60635
24739,60633
24740,60631
24741,60628
24742,60626
24743,60623
24744,60621
24745,60618
24746,60616
24747,60613
24748,60611
24749,60609
24750,60606
24751,60604
24752,60601
24753,60599
24754,60596
24755,60594
24756,60591
24757,60589
24758,60586
24759,60584
24760,60582
24761,60579
24762,60577
24763,60574
24764,60572
24765,60569
24766,60567
24767,60564
24768,60562
24769,60560
24770,60557
24771,60555
24772,60552
24773,60550
24774,60547
24775,60545
24776,60542
24777,60540
24778,60538
24779,60535
24780,60533
24781,60530
24782,60528
24783,60525
24784,60523
24785,60520
24786,60518
24787,60516
24788,60513
24789,60511
24790,60508
24791,60506
24792,60503
24793,60501
24794,60499
24795,60496
24796,60494
24797,60491
24798,60489
24799,60486
24800,60484
24801,60481
24802,60479
24803,60477
24804,60474
24805,60472
24806,60469
24807,60467
24808,60464
24809,60462
24810,60459
24811,60457
24812,60455
24813,60452
24814,60450
24815,60447
24816,60445
24817,60442
24818,60440
24819,60438
24820,60435
24821,60433
24822,60430
24823,60428
24824,60425
24825,60423
24826,60421
24827,60418
24828,60416
24829,60413
24830,60411
24831,60408
24832,60406
24833,60403
24834,60401
24835,60399
24836,60396
24837,60394
24838,60391
24839,60389
24840,60386
24841,60384
24842,60382
24843,60379
24844,60377
24845,60374
24846,60372
24847,60369
24848,60367
24849,60365
24850,60362
24851,60360
24852,60357
24853,60355
24854,60352
24855,60350
24856,60348
24857,60345
24858,60343
24859,60340
24860,60338
24861,60335
24862,60333
24863,60331
24864,60328
24865,60326
24866,60323
24867,60321
24868,60318
24869,60316
24870,60314
24871,60311
24872,60309
24873,60306
24874,60304
24875,60302
24876,60299
24877,60297
24878,60294
24879,60292
24880,60289
24881,60287
24882,60285
24883,60282
24884,60280
24885,60277
24886,60275
24887,60272
24888,60270
24889,60268
24890,60265
24891,60263
24892,60260
24893,60258
24894,60255
24895,60253
24896,60251
24897,60248
24898,60246
24899,60243
24900,60241
24901,60239
24902,60236
24903,60234
24904,60231
24905,60229
24906,60226
24907,60224
24908,60222
24909,60219
24910,60217
24911,60214
24912,60212
24913,60210
24914,60207
24915,60205
24916,60202
24917,60200
24918,60197
24919,60195
24920,60193
24921,60190
24922,60188
24923,60185
24924,60183
24925,60181
24926,60178
24927,60176
24928,60173
24929,60171
24930,60168
24931,60166
24932,60164
24933,60161
24934,60159
24935,60156
24936,60154
24937,60152
24938,60149
24939,60147
24940,60144
24941,60142
24942,60140
24943,60137
24944,60135
24945,60132
24946,60130
24947,60127
24948,60125
24949,60123
24950,60120
24951,60118
24952,60115
24953,60113
24954,60111
24955,60108
24956,60106
24957,60103
24958,60101
24959,60099
24960,60096
24961,60094
24962,60091
24963,60089
24964,60087
24965,60084
24966,60082
24967,60079
24968,60077
24969,60074
24970,60072
24971,60070
24972,60067
24973,60065
24974,60062
24975,60060
24976,60058
24977,60055
24978,60053
24979,60050
24980,60048
24981,60046
24982,60043
24983,60041
24984,60038
24985,60036
24986,60034
24987,60031
24988,60029
24989,60026
24990,60024
24991,60022
24992,60019
24993,60017
24994,60014
24995,60012
24996,60010
24997,60007
24998,60005
24999,60002
25000,60000
25001,59998
25002,59995
25003,59993
25004,59990
25005,59988
25006,59986
25007,59983
25008,59981
25009,59978
25010,59976
25011,59974
25012,59971
25013,59969
25014,59966
25015,59964
25016,59962
25017,59959
25018,59957
25019,59954
25020,59952
25021,59950
25022,59947
25023,59945
25024,59942
25025,59940
25026,59938
25027,59935
25028,59933
25029,59930
25030,59928
25031,59926
25032,59923
25033,59921
25034,59919
25035,59916
25036,59914
25037,59911
25038,59909
25039,59907
25040,59904
25041,59902
25042,59899
25043,59897
25044,59895
25045,59892
25046,59890
25047,59887
25048,59885
25049,59883
25050,59880
25051,59878
25052,59875
25053,59873
25054,59871
25055,59868
25056,59866
25057,59864
25058,59861
25059,59859
25060,59856
25061,59854
25062,59852
25063,59849
25064,59847
25065,59844
25066,59842
25067,59840
25068,59837
25069,59835
25070,59832
25071,59830
25072,59828
25073,59825
25074,59823
25075,59821
25076,59818
25077,59816
25078,59813
25079,59811
25080,59809
25081,59806
25082,59804
25083,59801
25084,59799
25085,59797
25086,59794
25087,59792
25088,59790
25089,59787
25090,59785
25091,59782
25092,59780
25093,59778
25094,59775
25095,59773
25096,59770
25097,59768
25098,59766
25099,59763
25100,59761
25101,59759
25102,59756
25103,59754
25104,59751
25105,59749
25106,59747
25107,59744
25108,59742
25109,59740
25110,59737
25111,59735
25112,59732
25113,59730
25114,59728
25115,59725
25116,59723
25117,59721
25118,59718
25119,59716
25120,59713
25121,59711
25122,59709
25123,59706
25124,59704
25125,59701
25126,59699
25127,59697
25128,59694
25129,59692
25130,59690
25131,59687
25132,59685
25133,59682
25134,59680
25135,59678
25136,59675
25137,59673
25138,59671
25139,59668
25140,59666
25141,59663
25142,59661
25143,59659
25144,59656
25145,59654
25146,59652
25147,59649
25148,59647
25149,59645
25150,59642
25151,59640
25152,59637
25153,59635
25154,59633
25155,59630
25156,59628
25157,59626
25158,59623
25159,59621
25160,59618
25161,59616
25162,59614
25163,59611
25164,59609
25165,59607
25166,59604
25167,59602
25168,59599
25169,59597
25170,59595
25171,59592
25172,59590
25173,59588
25174,59585
25175,59583
25176,59581
25177,59578
25178,59576
25179,59573
25180,59571
25181,59569
25182,59566
25183,59564
25184,59562
25185,59559
25186,59557
25187,59555
25188,59552
25189,59550
25190,59547
25191,59545
25192,59543
25193,59540
25194,59538
25195,59536
25196,59533
25197,59531
25198,59529
25199,59526
25200,59524
25201,59521
25202,59519
25203,59517
25204,59514
25205,59512
25206,59510
25207,59507
25208,59505
25209,59503
25210,59500
25211,59498
25212,59495
25213,59493
25214,59491
25215,59488
25216,59486
25217,59484
25218,59481
25219,59479
25220,59477
25221,59474
25222,59472
25223,59470
25224,59467
25225,59465
25226,59462
25227,59460
25228,59458
25229,59455
25230,59453
25231,59451
25232,59448
25233,59446
25234,59444
25235,59441
25236,59439
25237,59437
25238,59434
25239,59432
25240,59429
25241,59427
25242,59425
25243,59422
25244,59420
25245,59418
25246,59415
25247,59413
25248,59411
25249,59408
25250,59406
25251,59404
25252,59401
25253,59399
25254,59397
25255,59394
25256,59392
25257,59389
25258,59387
25259,59385
25260,59382
25261,59380
25262,59378
25263,59375
25264,59373
25265,59371
25266,59368
25267,59366
25268,59364
25269,59361
25270,59359
25271,59357
25272,59354
25273,59352
25274,59350
25275,59347
25276,59345
25277,59342
25278,59340
25279,59338
25280,59335
25281,59333
25282,59331
25283,59328
25284,59326
25285,59324
25286,59321
25287,59319
25288,59317
25289,59314
25290,59312
25291,59310
25292,59307
25293,59305
25294,59303
25295,59300
25296,59298
25297,59296
25298,59293
25299,59291
25300,59289
25301,59286
25302,59284
25303,59282
25304,59279
25305,59277
25306,59274
25307,59272
25308,59270
25309,59267
25310,59265
25311,59263
25312,59260
25313,59258
25314,59256
25315,59253
25316,59251
25317,59249
25318,59246
25319,59244
25320,59242
25321,59239
25322,59237
25323,59235
25324,59232
25325,59230
25326,59228
25327,59225
25328,59223
25329,59221
25330,59218
25331,59216
25332,59214
25333,59211
25334,59209
25335,59207
25336,59204
25337,59202
25338,59200
25339,59197
25340,59195
25341,59193
25342,59190
25343,59188
25344,59186
25345,59183
25346,59181
25347,59179
25348,59176
25349,59174
25350,59172
25351,59169
25352,59167
25353,59165
25354,59162
25355,59160
25356,59158
25357,59155
25358,59153
25359,59151
25360,59148
25361,59146
25362,59144
25363,59141
25364,59139
25365,59137
25366,59134
25367,59132
25368,59130
25369,59127
25370,59125
25371,59123
25372,59120
25373,59118
25374,59116
25375,59113
25376,59111
25377,59109
25378,59106
25379,59104
25380,59102
25381,59099
25382,59097
25383,59095
25384,59092
25385,59090
25386,59088
25387,59085
25388,59083
25389,59081
25390,59078
25391,59076
25392,59074
25393,59071
25394,59069
25395,59067
25396,59064
25397,59062
25398,59060
25399,59057
25400,59055
25401,59053
25402,59050
25403,59048
25404,59046
25405,59043
25406,59041
25407,59039
25408,59037
25409,59034
25410,59032
25411,59030
25412,59027
25413,59025
25414,59023
25415,59020
25416,59018
25417,59016
25418,59013
25419,59011
25420,59009
25421,59006
25422,59004
25423,59002
25424,58999
25425,58997
25426,58995
25427,58992
25428,58990
25429,58988
25430,58985
25431,58983
25432,58981
25433,58978
25434,58976
25435,58974
25436,58972
25437,58969
25438,58967
25439,58965
25440,58962
25441,58960
25442,58958
25443,58955
25444,58953
25445,58951
25446,58948
25447,58946
25448,58944
25449,58941
25450,58939
25451,58937
25452,58934
25453,58932
25454,58930
25455,58928
25456,58925
25457,58923
25458,58921
25459,58918
25460,58916
25461,58914
25462,58911
25463,58909
25464,58907
25465,58904
25466,58902
25467,58900
25468,58897
25469,58895
25470,58893
25471,58891
25472,58888
25473,58886
25474,58884
25475,58881
25476,58879
25477,58877
25478,58874
25479,58872
25480,58870
25481,58867
25482,58865
25483,58863
25484,58860
25485,58858
25486,58856
25487,58854
25488,58851
25489,58849
25490,58847
25491,58844
25492,58842
25493,58840
25494,58837
25495,58835
25496,58833
25497,58830
25498,58828
25499,58826
25500,58824
25501,58821
25502,58819
25503,58817
25504,58814
25505,58812
25506,58810
25507,58807
25508,58805
25509,58803
25510,58800
25511,58798
25512,58796
25513,58794
25514,58791
25515,58789
25516,58787
25517,58784
25518,58782
25519,58780
25520,58777
25521,58775
25522,58773
25523,58771
25524,58768
25525,58766
25526,58764
25527,58761
25528,58759
25529,58757
25530,58754
25531,58752
25532,58750
25533,58748
25534,58745
25535,58743
25536,58741
25537,58738
25538,58736
25539,58734
25540,58731
25541,58729
25542,58727
25543,58725
25544,58722
25545,58720
25546,58718
25547,58715
25548,58713
25549,58711
25550,58708
25551,58706
25552,58704
25553,58702
25554,58699
25555,58697
25556,58695
25557,58692
25558,58690
25559,58688
25560,58685
25561,58683
25562,58681
25563,58679
25564,58676
25565,58674
25566,58672
25567,58669
25568,58667
25569,58665
25570,58662
25571,58660
25572,58658
25573,58656
25574,58653
25575,58651
25576,58649
25577,58646
25578,58644
25579,58642
25580,58640
25581,58637
25582,58635
25583,58633
25584,58630
25585,58628
25586,58626
25587,58624
25588,58621
25589,58619
25590,58617
25591,58614
25592,58612
25593,58610
25594,58607
25595,58605
25596,58603
25597,58601
25598,58598
25599,58596
25600,58594
25601,58591
25602,58589
25603,58587
25604,58585
25605,58582
25606,58580
25607,58578
25608,58575
25609,58573
25610,58571
25611,58569
25612,58566
25613,58564
25614,58562
25615,58559
25616,58557
25617,58555
25618,58553
25619,58550
25620,58548
25621,58546
25622,58543
25623,58541
25624,58539
25625,58537
25626,58534
25627,58532
25628,58530
25629,58527
25630,58525
25631,58523
25632,58521
25633,58518
25634,58516
25635,58514
25636,58511
25637,58509
25638,58507
25639,58505
25640,58502
25641,58500
25642,58498
25643,58495
25644,58493
25645,58491
25646,58489
25647,58486
25648,58484
25649,58482
25650,58480
25651,58477
25652,58475
25653,58473
25654,58470
25655,58468
25656,58466
25657,58464
25658,58461
25659,58459
25660,58457
25661,58454
25662,58452
25663,58450
25664,58448
25665,58445
25666,58443
25667,58441
25668,58439
25669,58436
25670,58434
25671,58432
25672,58429
25673,58427
25674,58425
25675,58423
25676,58420
25677,58418
25678,58416
25679,58413
25680,58411
25681,58409
25682,58407
25683,58404
25684,58402
25685,58400
25686,58398
25687,58395
25688,58393
25689,58391
25690,58388
25691,58386
25692,58384
25693,58382
25694,58379
25695,58377
25696,58375
25697,58373
25698,58370
25699,58368
25700,58366
25701,58363
25702,58361
25703,58359
25704,58357
25705,58354
25706,58352
25707,58350
25708,58348
25709,58345
25710,58343
25711,58341
25712,58339
25713,58336
25714,58334
25715,58332
25716,58329
25717,58327
25718,58325
25719,58323
25720,58320
25721,58318
25722,58316
25723,58314
25724,58311
25725,58309
25726,58307
25727,58305
25728,58302
25729,58300
25730,58298
25731,58295
25732,58293
25733,58291
25734,58289
25735,58286
25736,58284
25737,58282
25738,58280
25739,58277
25740,58275
25741,58273
25742,58271
25743,58268
25744,58266
25745,58264
25746,58261
25747,58259
25748,58257
25749,58255
25750,58252
25751,58250
25752,58248
25753,58246
25754,58243
25755,58241
25756,58239
25757,58237
25758,58234
25759,58232
25760,58230
25761,58228
25762,58225
25763,58223
25764,58221
25765,58219
25766,58216
25767,58214
25768,58212
25769,58209
25770,58207
25771,58205
25772,58203
25773,58200
25774,58198
25775,58196
25776,58194
25777,58191
25778,58189
25779,58187
25780,58185
25781,58182
25782,58180
25783,58178
25784,58176
25785,58173
25786,58171
25787,58169
25788,58167
25789,58164
25790,58162
25791,58160
25792,58158
25793,58155
25794,58153
25795,58151
25796,58149
25797,58146
25798,58144
25799,58142
25800,58140
25801,58137
25802,58135
25803,58133
25804,58131
25805,58128
25806,58126
25807,58124
25808,58122
25809,58119
25810,58117
25811,58115
25812,58113
25813,58110
25814,58108
25815,58106
25816,58104
25817,58101
25818,58099
25819,58097
25820,58095
25821,58092
25822,58090
25823,58088
25824,58086
25825,58083
25826,58081
25827,58079
25828,58077
25829,58074
25830,58072
25831,58070
25832,58068
25833,58065
25834,58063
25835,58061
25836,58059
25837,58056
25838,58054
25839,58052
25840,58050
25841,58047
25842,58045
25843,58043
25844,58041
25845,58038
25846,58036
25847,58034
25848,58032
25849,58029
25850,58027
25851,58025
25852,58023
25853,58020
25854,58018
25855,58016
25856,58014
25857,58011
25858,58009
25859,58007
25860,58005
25861,58002
25862,58000
25863,57998
25864,57996
25865,57993
25866,57991
25867,57989
25868,57987
25869,57984
25870,57982
25871,57980
25872,57978
25873,57975
25874,57973
25875,57971
25876,57969
25877,57967
25878,57964
25879,57962
25880,57960
25881,57958
25882,57955
25883,57953
25884,57951
25885,57949
25886,57946
25887,57944
25888,57942
25889,57940
25890,57937
25891,57935
25892,57933
25893,57931
25894,57928
25895,57926
25896,57924
25897,57922
25898,57920
25899,57917
25900,57915
25901,57913
25902,57911
25903,57908
25904,57906
25905,57904
25906,57902
25907,57899
25908,57897
25909,57895
25910,57893
25911,57890
25912,57888
25913,57886
25914,57884
25915,57882
25916,57879
25917,57877
25918,57875
25919,57873
25920,57870
25921,57868
25922,57866
25923,57864
25924,57861
25925,57859
25926,57857
25927,57855
25928,57853
25929,57850
25930,57848
25931,57846
25932,57844
25933,57841
25934,57839
25935,57837
25936,57835
25937,57832
25938,57830
25939,57828
25940,57826
25941,57824
25942,57821
25943,57819
25944,57817
25945,57815
25946,57812
25947,57810
25948,57808
25949,57806
25950,57803
25951,57801
25952,57799
25953,57797
25954,57795
25955,57792
25956,57790
25957,57788
25958,57786
25959,57783
25960,57781
25961,57779
25962,57777
25963,57775
25964,57772
25965,57770
25966,57768
25967,57766
25968,57763
25969,57761
25970,57759
25971,57757
25972,57755
25973,57752
25974,57750
25975,57748
25976,57746
25977,57743
25978,57741
25979,57739
25980,57737
25981,57734
25982,57732
25983,57730
25984,57728
25985,57726
25986,57723
25987,57721
25988,57719
25989,57717
25990,57715
25991,57712
25992,57710
25993,57708
25994,57706
25995,57703
25996,57701
25997,57699
25998,57697
25999,57695
26000,57692
26001,57690
26002,57688
26003,57686
26004,57683
26005,57681
26006,57679
26007,57677
26008,57675
26009,57672
26010,57670
26011,57668
26012,57666
26013,57663
26014,57661
26015,57659
26016,57657
26017,57655
26018,57652
26019,57650
26020,57648
26021,57646
26022,57644
26023,57641
26024,57639
26025,57637
26026,57635
26027,57632
26028,57630
26029,57628
26030,57626
26031,57624
26032,57621
26033,57619
26034,57617
26035,57615
26036,57613
26037,57610
26038,57608
26039,57606
26040,57604
26041,57601
26042,57599
26043,57597
26044,57595
26045,57593
26046,57590
26047,57588
26048,57586
26049,57584
26050,57582
26051,57579
26052,57577
26053,57575
26054,57573
26055,57571
26056,57568
26057,57566
26058,57564
26059,57562
26060,57559
26061,57557
26062,57555
26063,57553
26064,57551
26065,57548
26066,57546
26067,57544
26068,57542
26069,57540
26070,57537
26071,57535
26072,57533
26073,57531
26074,57529
26075,57526
26076,57524
26077,57522
26078,57520
26079,57518
26080,57515
26081,57513
26082,57511
26083,57509
26084,57507
26085,57504
26086,57502
26087,57500
26088,57498
26089,57495
26090,57493
26091,57491
26092,57489
26093,57487
26094,57484
26095,57482
26096,57480
26097,57478
26098,57476
26099,57473
26100,57471
26101,57469
26102,57467
26103,57465
26104,57462
26105,57460
26106,57458
26107,57456
26108,57454
26109,57451
26110,57449
26111,57447
26112,57445
26113,57443
26114,57440
26115,57438
26116,57436
26117,57434
26118,57432
26119,57429
26120,57427
26121,57425
26122,57423
26123,57421
26124,57418
26125,57416
26126,57414
26127,57412
26128,57410
26129,57407
26130,57405
26131,57403
26132,57401
26133,57399
26134,57396
26135,57394
26136,57392
26137,57390
26138,57388
26139,57386
26140,57383
26141,57381
26142,57379
26143,57377
26144,57375
26145,57372
26146,57370
26147,57368
26148,57366
26149,57364
26150,57361
26151,57359
26152,57357
26153,57355
26154,57353
26155,57350
26156,57348
26157,57346
26158,57344
26159,57342
26160,57339
26161,57337
26162,57335
26163,57333
26164,57331
26165,57328
26166,57326
26167,57324
26168,57322
26169,57320
26170,57318
26171,57315
26172,57313
26173,57311
26174,57309
26175,57307
26176,57304
26177,57302
26178,57300
26179,57298
26180,57296
26181,57293
26182,57291
26183,57289
26184,57287
26185,57285
26186,57283
26187,57280
26188,57278
26189,57276
26190,57274
26191,57272
26192,57269
26193,57267
26194,57265
26195,57263
26196,57261
26197,57258
26198,57256
26199,57254
26200,57252
26201,57250
26202,57248
26203,57245
26204,57243
26205,57241
26206,57239
26207,57237
26208,57234
26209,57232
26210,57230
26211,57228
26212,57226
26213,57224
26214,57221
26215,57219
26216,57217
26217,57215
26218,57213
26219,57210
26220,57208
26221,57206
26222,57204
26223,57202
26224,57200
26225,57197
26226,57195
26227,57193
26228,57191
26229,57189
26230,57186
26231,57184
26232,57182
26233,57180
26234,57178
26235,57176
26236,57173
26237,57171
26238,57169
26239,57167
26240,57165
26241,57162
26242,57160
26243,57158
26244,57156
26245,57154
26246,57152
26247,57149
26248,57147
26249,57145
26250,57143
26251,57141
26252,57139
26253,57136
26254,57134
26255,57132
26256,57130
26257,57128
26258,57125
26259,57123
26260,57121
26261,57119
26262,57117
26263,57115
26264,57112
26265,57110
26266,57108
26267,57106
26268,57104
26269,57102
26270,57099
26271,57097
26272,57095
26273,57093
26274,57091
26275,57088
26276,57086
26277,57084
26278,57082
26279,57080
26280,57078
26281,57075
26282,57073
26283,57071
26284,57069
26285,57067
26286,57065
26287,57062
26288,57060
26289,57058
26290,57056
26291,57054
26292,57052
26293,57049
26294,57047
26295,57045
26296,57043
26297,57041
26298,57039
26299,57036
26300,57034
26301,57032
26302,57030
26303,57028
26304,57026
26305,57023
26306,57021
26307,57019
26308,57017
26309,57015
26310,57013
26311,57010
26312,57008
26313,57006
26314,57004
26315,57002
26316,57000
26317,56997
26318,56995
26319,56993
26320,56991
26321,56989
26322,56987
26323,56984
26324,56982
26325,56980
26326,56978
26327,56976
26328,56974
26329,56971
26330,56969
26331,56967
26332,56965
26333,56963
26334,56961
26335,56958
26336,56956
26337,56954
26338,56952
26339,56950
26340,56948
26341,56945
26342,56943
26343,56941
26344,56939
26345,56937
26346,56935
26347,56932
26348,56930
26349,56928
26350,56926
26351,56924
26352,56922
26353,56920
26354,56917
26355,56915
26356,56913
26357,56911
26358,56909
26359,56907
26360,56904
26361,56902
26362,56900
26363,56898
26364,56896
26365,56894
26366,56891
26367,56889
26368,56887
26369,56885
26370,56883
26371,56881
26372,56879
26373,56876
26374,56874
26375,56872
26376,56870
26377,56868
26378,56866
26379,56863
26380,56861
26381,56859
26382,56857
26383,56855
26384,56853
26385,56850
26386,56848
26387,56846
26388,56844
26389,56842
26390,56840
26391,56838
26392,56835
26393,56833
26394,56831
26395,56829
26396,56827
26397,56825
26398,56822
26399,56820
26400,56818
26401,56816
26402,56814
26403,56812
26404,56810
26405,56807
26406,56805
26407,56803
26408,56801
26409,56799
26410,56797
26411,56795
26412,56792
26413,56790
26414,56788
26415,56786
26416,56784
26417,56782
26418,56779
26419,56777
26420,56775
26421,56773
26422,56771
26423,56769
26424,56767
26425,56764
26426,56762
26427,56760
26428,56758
26429,56756
26430,56754
26431,56752
26432,56749
26433,56747
26434,56745
26435,56743
26436,56741
26437,56739
26438,56737
26439,56734
26440,56732
26441,56730
26442,56728
26443,56726
26444,56724
26445,56721
26446,56719
26447,56717
26448,56715
26449,56713
26450,56711
26451,56709
26452,56706
26453,56704
26454,56702
26455,56700
26456,56698
26457,56696
26458,56694
26459,56691
26460,56689
26461,56687
26462,56685
26463,56683
26464,56681
26465,56679
26466,56676
26467,56674
26468,56672
26469,56670
26470,56668
26471,56666
26472,56664
26473,56662
26474,56659
26475,56657
26476,56655
26477,56653
26478,56651
26479,56649
26480,56647
26481,56644
26482,56642
26483,56640
26484,56638
26485,56636
26486,56634
26487,56632
26488,56629
26489,56627
26490,56625
26491,56623
26492,56621
26493,56619
26494,56617
26495,56614
26496,56612
26497,56610
26498,56608
26499,56606
26500,56604
26501,56602
26502,56600
26503,56597
26504,56595
26505,56593
26506,56591
26507,56589
26508,56587
26509,56585
26510,56582
26511,56580
26512,56578
26513,56576
26514,56574
26515,56572
26516,56570
26517,56567
26518,56565
26519,56563
26520,56561
26521,56559
26522,56557
26523,56555
26524,56553
26525,56550
26526,56548
26527,56546
26528,56544
26529,56542
26530,56540
26531,56538
26532,56536
26533,56533
26534,56531
26535,56529
26536,56527
26537,56525
26538,56523
26539,56521
26540,56518
26541,56516
26542,56514
26543,56512
26544,56510
26545,56508
26546,56506
26547,56504
26548,56501
26549,56499
26550,56497
26551,56495
26552,56493
26553,56491
26554,56489
26555,56487
26556,56484
26557,56482
26558,56480
26559,56478
26560,56476
26561,56474
26562,56472
26563,56470
26564,56467
26565,56465
26566,56463
26567,56461
26568,56459
26569,56457
26570,56455
26571,56453
26572,56450
26573,56448
26574,56446
26575,56444
26576,56442
26577,56440
26578,56438
26579,56436
26580,56433
26581,56431
26582,56429
26583,56427
26584,56425
26585,56423
26586,56421
26587,56419
26588,56416
26589,56414
26590,56412
26591,56410
26592,56408
26593,56406
26594,56404
26595,56402
26596,56399
26597,56397
26598,56395
26599,56393
26600,56391
26601,56389
26602,56387
26603,56385
26604,56382
26605,56380
26606,56378
26607,56376
26608,56374
26609,56372
26610,56370
26611,56368
26612,56366
26613,56363
26614,56361
26615,56359
26616,56357
26617,56355
26618,56353
26619,56351
26620,56349
26621,56346
26622,56344
26623,56342
26624,56340
26625,56338
26626,56336
26627,56334
26628,56332
26629,56330
26630,56327
26631,56325
26632,56323
26633,56321
26634,56319
26635,56317
26636,56315
26637,56313
26638,56311
26639,56308
26640,56306
26641,56304
26642,56302
26643,56300
26644,56298
26645,56296
26646,56294
26647,56292
26648,56289
26649,56287
26650,56285
26651,56283
26652,56281
26653,56279
26654,56277
26655,56275
26656,56273
26657,56270
26658,56268
26659,56266
26660,56264
26661,56262
26662,56260
26663,56258
26664,56256
26665,56254
26666,56251
26667,56249
26668,56247
26669,56245
26670,56243
26671,56241
26672,56239
26673,56237
26674,56235
26675,56232
26676,56230
26677,56228
26678,56226
26679,56224
26680,56222
26681,56220
26682,56218
26683,56216
26684,56213
26685,56211
26686,56209
26687,56207
26688,56205
26689,56203
26690,56201
26691,56199
26692,56197
26693,56195
26694,56192
26695,56190
26696,56188
26697,56186
26698,56184
26699,56182
26700,56180
26701,56178
26702,56176
26703,56173
26704,56171
26705,56169
26706,56167
26707,56165
26708,56163
26709,56161
26710,56159
26711,56157
26712,56155
26713,56152
26714,56150
26715,56148
26716,56146
26717,56144
26718,56142
26719,56140
26720,56138
26721,56136
26722,56134
26723,56131
26724,56129
26725,56127
26726,56125
26727,56123
26728,56121
26729,56119
26730,56117
26731,56115
26732,56113
26733,56110
26734,56108
26735,56106
26736,56104
26737,56102
26738,56100
26739,56098
26740,56096
26741,56094
26742,56092
26743,56089
26744,56087
26745,56085
26746,56083
26747,56081
26748,56079
26749,56077
26750,56075
26751,56073
26752,56071
26753,56068
26754,56066
26755,56064
26756,56062
26757,56060
26758,56058
26759,56056
26760,56054
26761,56052
26762,56050
26763,56048
26764,56045
26765,56043
26766,56041
26767,56039
26768,56037
26769,56035
26770,56033
26771,56031
26772,56029
26773,56027
26774,56025
26775,56022
26776,56020
26777,56018
26778,56016
26779,56014
26780,56012
26781,56010
26782,56008
26783,56006
26784,56004
26785,56001
26786,55999
26787,55997
26788,55995
26789,55993
26790,55991
26791,55989
26792,55987
26793,55985
26794,55983
26795,55981
26796,55979
26797,55976
26798,55974
26799,55972
26800,55970
26801,55968
26802,55966
26803,55964
26804,55962
26805,55960
26806,55958
26807,55956
26808,55953
26809,55951
26810,55949
26811,55947
26812,55945
26813,55943
26814,55941
26815,55939
26816,55937
26817,55935
26818,55933
26819,55930
26820,55928
26821,55926
26822,55924
26823,55922
26824,55920
26825,55918
26826,55916
26827,55914
26828,55912
26829,55910
26830,55908
26831,55905
26832,55903
26833,55901
26834,55899
26835,55897
26836,55895
26837,55893
26838,55891
26839,55889
26840,55887
26841,55885
26842,55883
26843,55880
26844,55878
26845,55876
26846,55874
26847,55872
26848,55870
26849,55868
26850,55866
26851,55864
26852,55862
26853,55860
26854,55858
26855,55856
26856,55853
26857,55851
26858,55849
26859,55847
26860,55845
26861,55843
26862,55841
26863,55839
26864,55837
26865,55835
26866,55833
26867,55831
26868,55828
26869,55826
26870,55824
26871,55822
26872,55820
26873,55818
26874,55816
26875,55814
26876,55812
26877,55810
26878,55808
26879,55806
26880,55804
26881,55801
26882,55799
26883,55797
26884,55795
26885,55793
26886,55791
26887,55789
26888,55787
26889,55785
26890,55783
26891,55781
26892,55779
26893,55777
26894,55775
26895,55772
26896,55770
26897,55768
26898,55766
26899,55764
26900,55762
26901,55760
26902,55758
26903,55756
26904,55754
26905,55752
26906,55750
26907,55748
26908,55746
26909,55743
26910,55741
26911,55739
26912,55737
26913,55735
26914,55733
26915,55731
26916,55729
26917,55727
26918,55725
26919,55723
26920,55721
26921,55719
26922,55717
26923,55714
26924,55712
26925,55710
26926,55708
26927,55706
26928,55704
26929,55702
26930,55700
26931,55698
26932,55696
26933,55694
26934,55692
26935,55690
26936,55688
26937,55685
26938,55683
26939,55681
26940,55679
26941,55677
26942,55675
26943,55673
26944,55671
26945,55669
26946,55667
26947,55665
26948,55663
26949,55661
26950,55659
26951,55657
26952,55654
26953,55652
26954,55650
26955,55648
26956,55646
26957,55644
26958,55642
26959,55640
26960,55638
26961,55636
26962,55634
26963,55632
26964,55630
26965,55628
26966,55626
26967,55624
26968,55621
26969,55619
26970,55617
26971,55615
26972,55613
26973,55611
26974,55609
26975,55607
26976,55605
26977,55603
26978,55601
26979,55599
26980,55597
26981,55595
26982,55593
26983,55591
26984,55588
26985,55586
26986,55584
26987,55582
26988,55580
26989,55578
26990,55576
26991,55574
26992,55572
26993,55570
26994,55568
26995,55566
26996,55564
26997,55562
26998,55560
26999,55558
27000,55556
27001,55553
27002,55551
27003,55549
27004,55547
27005,55545
27006,55543
27007,55541
27008,55539
27009,55537
27010,55535
27011,55533
27012,55531
27013,55529
27014,55527
27015,55525
27016,55523
27017,55521
27018,55519
27019,55516
27020,55514
27021,55512
27022,55510
27023,55508
27024,55506
27025,55504
27026,55502
27027,55500
27028,55498
27029,55496
27030,55494
27031,55492
27032,55490
27033,55488
27034,55486
27035,55484
27036,55482
27037,55480
27038,55477
27039,55475
27040,55473
27041,55471
27042,55469
27043,55467
27044,55465
27045,55463
27046,55461
27047,55459
27048,55457
27049,55455
27050,55453
27051,55451
27052,55449
27053,55447
27054,55445
27055,55443
27056,55441
27057,55439
27058,55436
27059,55434
27060,55432
27061,55430
27062,55428
27063,55426
27064,55424
27065,55422
27066,55420
27067,55418
27068,55416
27069,55414
27070,55412
27071,55410
27072,55408
27073,55406
27074,55404
27075,55402
27076,55400
27077,55398
27078,55396
27079,55393
27080,55391
27081,55389
27082,55387
27083,55385
27084,55383
27085,55381
27086,55379
27087,55377
27088,55375
27089,55373
27090,55371
27091,55369
27092,55367
27093,55365
27094,55363
27095,55361
27096,55359
27097,55357
27098,55355
27099,55353
27100,55351
27101,55349
27102,55346
27103,55344
27104,55342
27105,55340
27106,55338
27107,55336
27108,55334
27109,55332
27110,55330
27111,55328
27112,55326
27113,55324
27114,55322
27115,55320
27116,55318
27117,55316
27118,55314
27119,55312
27120,55310
27121,55308
27122,55306
27123,55304
27124,55302
27125,55300
27126,55298
27127,55295
27128,55293
27129,55291
27130,55289
27131,55287
27132,55285
27133,55283
27134,55281
27135,55279
27136,55277
27137,55275
27138,55273
27139,55271
27140,55269
27141,55267
27142,55265
27143,55263
27144,55261
27145,55259
27146,55257
27147,55255
27148,55253
27149,55251
27150,55249
27151,55247
27152,55245
27153,55243
27154,55240
27155,55238
27156,55236
27157,55234
27158,55232
27159,55230
27160,55228
27161,55226
27162,55224
27163,55222
27164,55220
27165,55218
27166,55216
27167,55214
27168,55212
27169,55210
27170,55208
27171,55206
27172,55204
27173,55202
27174,55200
27175,55198
27176,55196
27177,55194
27178,55192
27179,55190
27180,55188
27181,55186
27182,55184
27183,55182
27184,55180
27185,55177
27186,55175
27187,55173
27188,55171
27189,55169
27190,55167
27191,55165
27192,55163
27193,55161
27194,55159
27195,55157
27196,55155
27197,55153
27198,55151
27199,55149
27200,55147
27201,55145
27202,55143
27203,55141
27204,55139
27205,55137
27206,55135
27207,55133
27208,55131
27209,55129
27210,55127
27211,55125
27212,55123
27213,55121
27214,55119
27215,55117
27216,55115
27217,55113
27218,55111
27219,55109
27220,55107
27221,55105
27222,55102
27223,55100
27224,55098
27225,55096
27226,55094
27227,55092
27228,55090
27229,55088
27230,55086
27231,55084
27232,55082
27233,55080
27234,55078
27235,55076
27236,55074
27237,55072
27238,55070
27239,55068
27240,55066
27241,55064
27242,55062
27243,55060
27244,55058
27245,55056
27246,55054
27247,55052
27248,55050
27249,55048
27250,55046
27251,55044
27252,55042
27253,55040
27254,55038
27255,55036
27256,55034
27257,55032
27258,55030
27259,55028
27260,55026
27261,55024
27262,55022
27263,55020
27264,55018
27265,55016
27266,55014
27267,55012
27268,55010
27269,55008
27270,55006
27271,55003
27272,55001
27273,54999
27274,54997
27275,54995
27276,54993
27277,54991
27278,54989
27279,54987
27280,54985
27281,54983
27282,54981
27283,54979
27284,54977
27285,54975
27286,54973
27287,54971
27288,54969
27289,54967
27290,54965
27291,54963
27292,54961
27293,54959
27294,54957
27295,54955
27296,54953
27297,54951
27298,54949
27299,54947
27300,54945
27301,54943
27302,54941
27303,54939
27304,54937
27305,54935
27306,54933
27307,54931
27308,54929
27309,54927
27310,54925
27311,54923
27312,54921
27313,54919
27314,54917
27315,54915
27316,54913
27317,54911
27318,54909
27319,54907
27320,54905
27321,54903
27322,54901
27323,54899
27324,54897
27325,54895
27326,54893
27327,54891
27328,54889
27329,54887
27330,54885
27331,54883
27332,54881
27333,54879
27334,54877
27335,54875
27336,54873
27337,54871
27338,54869
27339,54867
27340,54865
27341,54863
27342,54861
27343,54859
27344,54857
27345,54855
27346,54853
27347,54851
27348,54849
27349,54847
27350,54845
27351,54843
27352,54841
27353,54839
27354,54837
27355,54835
27356,54833
27357,54831
27358,54829
27359,54827
27360,54825
27361,54823
27362,54821
27363,54819
27364,54817
27365,54815
27366,54813
27367,54811
27368,54809
27369,54807
27370,54805
27371,54803
27372,54801
27373,54799
27374,54797
27375,54795
27376,54793
27377,54791
27378,54789
27379,54787
27380,54785
27381,54783
27382,54781
27383,54779
27384,54777
27385,54775
27386,54773
27387,54771
27388,54769
27389,54767
27390,54765
27391,54763
27392,54761
27393,54759
27394,54757
27395,54755
27396,54753
27397,54751
27398,54749
27399,54747
27400,54745
27401,54743
27402,54741
27403,54739
27404,54737
27405,54735
27406,54733
27407,54731
27408,54729
27409,54727
27410,54725
27411,54723
27412,54721
27413,54719
27414,54717
27415,54715
27416,54713
27417,54711
27418,54709
27419,54707
27420,54705
27421,54703
27422,54701
27423,54699
27424,54697
27425,54695
27426,54693
27427,54691
27428,54689
27429,54687
27430,54685
27431,54683
27432,54681
27433,54679
27434,54677
27435,54675
27436,54673
27437,54671
27438,54669
27439,54667
27440,54665
27441,54663
27442,54661
27443,54659
27444,54657
27445,54655
27446,54653
27447,54651
27448,54649
27449,54647
27450,54645
27451,54643
27452,54641
27453,54639
27454,54637
27455,54635
27456,54633
27457,54631
27458,54629
27459,54627
27460,54625
27461,54623
27462,54621
27463,54619
27464,54617
27465,54615
27466,54613
27467,54611
27468,54609
27469,54607
27470,54605
27471,54603
27472,54601
27473,54599
27474,54597
27475,54595
27476,54593
27477,54591
27478,54589
27479,54587
27480,54585
27481,54583
27482,54581
27483,54579
27484,54577
27485,54575
27486,54573
27487,54571
27488,54569
27489,54567
27490,54565
27491,54563
27492,54561
27493,54559
27494,54557
27495,54555
27496,54553
27497,54551
27498,54549
27499,54547
27500,54545
27501,54543
27502,54541
27503,54540
27504,54538
27505,54536
27506,54534
27507,54532
27508,54530
27509,54528
27510,54526
27511,54524
27512,54522
27513,54520
27514,54518
27515,54516
27516,54514
27517,54512
27518,54510
27519,54508
27520,54506
27521,54504
27522,54502
27523,54500
27524,54498
27525,54496
27526,54494
27527,54492
27528,54490
27529,54488
27530,54486
27531,54484
27532,54482
27533,54480
27534,54478
27535,54476
27536,54474
27537,54472
27538,54470
27539,54468
27540,54466
27541,54464
27542,54462
27543,54460
27544,54458
27545,54456
27546,54454
27547,54452
27548,54450
27549,54448
27550,54446
27551,54444
27552,54443
27553,54441
27554,54439
27555,54437
27556,54435
27557,54433
27558,54431
27559,54429
27560,54427
27561,54425
27562,54423
27563,54421
27564,54419
27565,54417
27566,54415
27567,54413
27568,54411
27569,54409
27570,54407
27571,54405
27572,54403
27573,54401
27574,54399
27575,54397
27576,54395
27577,54393
27578,54391
27579,54389
27580,54387
27581,54385
27582,54383
27583,54381
27584,54379
27585,54377
27586,54375
27587,54373
27588,54371
27589,54369
27590,54368
27591,54366
27592,54364
27593,54362
27594,54360
27595,54358
27596,54356
27597,54354
27598,54352
27599,54350
27600,54348
27601,54346
27602,54344
27603,54342
27604,54340
27605,54338
27606,54336
27607,54334
27608,54332
27609,54330
27610,54328
27611,54326
27612,54324
27613,54322
27614,54320
27615,54318
27616,54316
27617,54314
27618,54312
27619,54310
27620,54308
27621,54307
27622,54305
27623,54303
27624,54301
27625,54299
27626,54297
27627,54295
27628,54293
27629,54291
27630,54289
27631,54287
27632,54285
27633,54283
27634,54281
27635,54279
27636,54277
27637,54275
27638,54273
27639,54271
27640,54269
27641,54267
27642,54265
27643,54263
27644,54261
27645,54259
27646,54257
27647,54255
27648,54253
27649,54252
27650,54250
27651,54248
27652,54246
27653,54244
27654,54242
27655,54240
27656,54238
27657,54236
27658,54234
27659,54232
27660,54230
27661,54228
27662,54226
27663,54224
27664,54222
27665,54220
27666,54218
27667,54216
27668,54214
27669,54212
27670,54210
27671,54208
27672,54206
27673,54204
27674,54203
27675,54201
27676,54199
27677,54197
27678,54195
27679,54193
27680,54191
27681,54189
27682,54187
27683,54185
27684,54183
27685,54181
27686,54179
27687,54177
27688,54175
27689,54173
27690,54171
27691,54169
27692,54167
27693,54165
27694,54163
27695,54161
27696,54159
27697,54157
27698,54156
27699,54154
27700,54152
27701,54150
27702,54148
27703,54146
27704,54144
27705,54142
27706,54140
27707,54138
27708,54136
27709,54134
27710,54132
27711,54130
27712,54128
27713,54126
27714,54124
27715,54122
27716,54120
27717,54118
27718,54116
27719,54115
27720,54113
27721,54111
27722,54109
27723,54107
27724,54105
27725,54103
27726,54101
27727,54099
27728,54097
27729,54095
27730,54093
27731,54091
27732,54089
27733,54087
27734,54085
27735,54083
27736,54081
27737,54079
27738,54077
27739,54075
27740,54074
27741,54072
27742,54070
27743,54068
27744,54066
27745,54064
27746,54062
27747,54060
27748,54058
27749,54056
27750,54054
27751,54052
27752,54050
27753,54048
27754,54046
27755,54044
27756,54042
27757,54040
27758,54038
27759,54037
27760,54035
27761,54033
27762,54031
27763,54029
27764,54027
27765,54025
27766,54023
27767,54021
27768,54019
27769,54017
27770,54015
27771,54013
27772,54011
27773,54009
27774,54007
27775,54005
27776,54003
27777,54002
27778,54000
27779,53998
27780,53996
27781,53994
27782,53992
27783,53990
27784,53988
27785,53986
27786,53984
27787,53982
27788,53980
27789,53978
27790,53976
27791,53974
27792,53972
27793,53970
27794,53968
27795,53967
27796,53965
27797,53963
27798,53961
27799,53959
27800,53957
27801,53955
27802,53953
27803,53951
27804,53949
27805,53947
27806,53945
27807,53943
27808,53941
27809,53939
27810,53937
27811,53935
27812,53934
27813,53932
27814,53930
27815,53928
27816,53926
27817,53924
27818,53922
27819,53920
27820,53918
27821,53916
27822,53914
27823,53912
27824,53910
27825,53908
27826,53906
27827,53904
27828,53903
27829,53901
27830,53899
27831,53897
27832,53895
27833,53893
27834,53891
27835,53889
27836,53887
27837,53885
27838,53883
27839,53881
27840,53879
27841,53877
27842,53875
27843,53874
27844,53872
27845,53870
27846,53868
27847,53866
27848,53864
27849,53862
27850,53860
27851,53858
27852,53856
27853,53854
27854,53852
27855,53850
27856,53848
27857,53846
27858,53844
27859,53843
27860,53841
27861,53839
27862,53837
27863,53835
27864,53833
27865,53831
27866,53829
27867,53827
27868,53825
27869,53823
27870,53821
27871,53819
27872,53817
27873,53816
27874,53814
27875,53812
27876,53810
27877,53808
27878,53806
27879,53804
27880,53802
27881,53800
27882,53798
27883,53796
27884,53794
27885,53792
27886,53790
27887,53789
27888,53787
27889,53785
27890,53783
27891,53781
27892,53779
27893,53777
27894,53775
27895,53773
27896,53771
27897,53769
27898,53767
27899,53765
27900,53763
27901,53762
27902,53760
27903,53758
27904,53756
27905,53754
27906,53752
27907,53750
27908,53748
27909,53746
27910,53744
27911,53742
27912,53740
27913,53738
27914,53736
27915,53735
27916,53733
27917,53731
27918,53729
27919,53727
27920,53725
27921,53723
27922,53721
27923,53719
27924,53717
27925,53715
27926,53713
27927,53711
27928,53710
27929,53708
27930,53706
27931,53704
27932,53702
27933,53700
27934,53698
27935,53696
27936,53694
27937,53692
27938,53690
27939,53688
27940,53686
27941,53685
27942,53683
27943,53681
27944,53679
27945,53677
27946,53675
27947,53673
27948,53671
27949,53669
27950,53667
27951,53665
27952,53663
27953,53662
27954,53660
27955,53658
27956,53656
27957,53654
27958,53652
27959,53650
27960,53648
27961,53646
27962,53644
27963,53642
27964,53640
27965,53638
27966,53637
27967,53635
27968,53633
27969,53631
27970,53629
27971,53627
27972,53625
27973,53623
27974,53621
27975,53619
27976,53617
27977,53615
27978,53614
27979,53612
27980,53610
27981,53608
27982,53606
27983,53604
27984,53602
27985,53600
27986,53598
27987,53596
27988,53594
27989,53592
27990,53591
27991,53589
27992,53587
27993,53585
27994,53583
27995,53581
27996,53579
27997,53577
27998,53575
27999,53573
28000,53571
28001,53570
28002,53568
28003,53566
28004,53564
28005,53562
28006,53560
28007,53558
28008,53556
28009,53554
28010,53552
28011,53550
28012,53548
28013,53547
28014,53545
28015,53543
28016,53541
28017,53539
28018,53537
28019,53535
28020,53533
28021,53531
28022,53529
28023,53527
28024,53526
28025,53524
28026,53522
28027,53520
28028,53518
28029,53516
28030,53514
28031,53512
28032,53510
28033,53508
28034,53506
28035,53505
28036,53503
28037,53501
28038,53499
28039,53497
28040,53495
28041,53493
28042,53491
28043,53489
28044,53487
28045,53485
28046,53484
28047,53482
28048,53480
28049,53478
28050,53476
28051,53474
28052,53472
28053,53470
28054,53468
28055,53466
28056,53464
28057,53463
28058,53461
28059,53459
28060,53457
28061,53455
28062,53453
28063,53451
28064,53449
28065,53447
28066,53445
28067,53444
28068,53442
28069,53440
28070,53438
28071,53436
28072,53434
28073,53432
28074,53430
28075,53428
28076,53426
28077,53425
28078,53423
28079,53421
28080,53419
28081,53417
28082,53415
28083,53413
28084,53411
28085,53409
28086,53407
28087,53405
28088,53404
28089,53402
28090,53400
28091,53398
28092,53396
28093,53394
28094,53392
28095,53390
28096,53388
28097,53386
28098,53385
28099,53383
28100,53381
28101,53379
28102,53377
28103,53375
28104,53373
28105,53371
28106,53369
28107,53367
28108,53366
28109,53364
28110,53362
28111,53360
28112,53358
28113,53356
28114,53354
28115,53352
28116,53350
28117,53349
28118,53347
28119,53345
28120,53343
28121,53341
28122,53339
28123,53337
28124,53335
28125,53333
28126,53331
28127,53330
28128,53328
28129,53326
28130,53324
28131,53322
28132,53320
28133,53318
28134,53316
28135,53314
28136,53312
28137,53311
28138,53309
28139,53307
28140,53305
28141,53303
28142,53301
28143,53299
28144,53297
28145,53295
28146,53294
28147,53292
28148,53290
28149,53288
28150,53286
28151,53284
28152,53282
28153,53280
28154,53278
28155,53277
28156,53275
28157,53273
28158,53271
28159,53269
28160,53267
28161,53265
28162,53263
28163,53261
28164,53259
28165,53258
28166,53256
28167,53254
28168,53252
28169,53250
28170,53248
28171,53246
28172,53244
28173,53242
28174,53241
28175,53239
28176,53237
28177,53235
28178,53233
28179,53231
28180,53229
28181,53227
28182,53225
28183,53224
28184,53222
28185,53220
28186,53218
28187,53216
28188,53214
28189,53212
28190,53210
28191,53208
28192,53207
28193,53205
28194,53203
28195,53201
28196,53199
28197,53197
28198,53195
28199,53193
28200,53191
28201,53190
28202,53188
28203,53186
28204,53184
28205,53182
28206,53180
28207,53178
28208,53176
28209,53175
28210,53173
28211,53171
28212,53169
28213,53167
28214,53165
28215,53163
28216,53161
28217,53159
28218,53158
28219,53156
28220,53154
28221,53152
28222,53150
28223,53148
28224,53146
28225,53144
28226,53142
28227,53141
28228,53139
28229,53137
28230,53135
28231,53133
28232,53131
28233,53129
28234,53127
28235,53126
28236,53124
28237,53122
28238,53120
28239,53118
28240,53116
28241,53114
28242,53112
28243,53111
28244,53109
28245,53107
28246,53105
28247,53103
28248,53101
28249,53099
28250,53097
28251,53095
28252,53094
28253,53092
28254,53090
28255,53088
28256,53086
28257,53084
28258,53082
28259,53080
28260,53079
28261,53077
28262,53075
28263,53073
28264,53071
28265,53069
28266,53067
28267,53065
28268,53064
28269,53062
28270,53060
28271,53058
28272,53056
28273,53054
28274,53052
28275,53050
28276,53049
28277,53047
28278,53045
28279,53043
28280,53041
28281,53039
28282,53037
28283,53035
28284,53034
28285,53032
28286,53030
28287,53028
28288,53026
28289,53024
28290,53022
28291,53020
28292,53019
28293,53017
28294,53015
28295,53013
28296,53011
28297,53009
28298,53007
28299,53005
28300,53004
28301,53002
28302,53000
28303,52998
28304,52996
28305,52994
28306,52992
28307,52990
28308,52989
28309,52987
28310,52985
28311,52983
28312,52981
28313,52979
28314,52977
28315,52975
28316,52974
28317,52972
28318,52970
28319,52968
28320,52966
28321,52964
28322,52962
28323,52960
28324,52959
28325,52957
28326,52955
28327,52953
28328,52951
28329,52949
28330,52947
28331,52946
28332,52944
28333,52942
28334,52940
28335,52938
28336,52936
28337,52934
28338,52932
28339,52931
28340,52929
28341,52927
28342,52925
28343,52923
28344,52921
28345,52919
28346,52918
28347,52916
28348,52914
28349,52912
28350,52910
28351,52908
28352,52906
28353,52904
28354,52903
28355,52901
28356,52899
28357,52897
28358,52895
28359,52893
28360,52891
28361,52890
28362,52888
28363,52886
28364,52884
28365,52882
28366,52880
28367,52878
28368,52876
28369,52875
28370,52873
28371,52871
28372,52869
28373,52867
28374,52865
28375,52863
28376,52862
28377,52860
28378,52858
28379,52856
28380,52854
28381,52852
28382,52850
28383,52849
28384,52847
28385,52845
28386,52843
28387,52841
28388,52839
28389,52837
28390,52836
28391,52834
28392,52832
28393,52830
28394,52828
28395,52826
28396,52824
28397,52822
28398,52821
28399,52819
28400,52817
28401,52815
28402,52813
28403,52811
28404,52809
28405,52808
28406,52806
28407,52804
28408,52802
28409,52800
28410,52798
28411,52796
28412,52795
28413,52793
28414,52791
28415,52789
28416,52787
28417,52785
28418,52783
28419,52782
28420,52780
28421,52778
28422,52776
28423,52774
28424,52772
28425,52770
28426,52769
28427,52767
28428,52765
28429,52763
28430,52761
28431,52759
28432,52757
28433,52756
28434,52754
28435,52752
28436,52750
28437,52748
28438,52746
28439,52744
28440,52743
28441,52741
28442,52739
28443,52737
28444,52735
28445,52733
28446,52731
28447,52730
28448,52728
28449,52726
28450,52724
28451,52722
28452,52720
28453,52719
28454,52717
28455,52715
28456,52713
28457,52711
28458,52709
28459,52707
28460,52706
28461,52704
28462,52702
28463,52700
28464,52698
28465,52696
28466,52694
28467,52693
28468,52691
28469,52689
28470,52687
28471,52685
28472,52683
28473,52681
28474,52680
28475,52678
28476,52676
28477,52674
28478,52672
28479,52670
28480,52669
28481,52667
28482,52665
28483,52663
28484,52661
28485,52659
28486,52657
28487,52656
28488,52654
28489,52652
28490,52650
28491,52648
28492,52646
28493,52645
28494,52643
28495,52641
28496,52639
28497,52637
28498,52635
28499,52633
28500,52632
28501,52630
28502,52628
28503,52626
28504,52624
28505,52622
28506,52621
28507,52619
28508,52617
28509,52615
28510,52613
28511,52611
28512,52609
28513,52608
28514,52606
28515,52604
28516,52602
28517,52600
28518,52598
28519,52597
28520,52595
28521,52593
28522,52591
28523,52589
28524,52587
28525,52585
28526,52584
28527,52582
28528,52580
28529,52578
28530,52576
28531,52574
28532,52573
28533,52571
28534,52569
28535,52567
28536,52565
28537,52563
28538,52561
28539,52560
28540,52558
28541,52556
28542,52554
28543,52552
28544,52550
28545,52549
28546,52547
28547,52545
28548,52543
28549,52541
28550,52539
28551,52538
28552,52536
28553,52534
28554,52532
28555,52530
28556,52528
28557,52527
28558,52525
28559,52523
28560,52521
28561,52519
28562,52517
28563,52515
28564,52514
28565,52512
28566,52510
28567,52508
28568,52506
28569,52504
28570,52503
28571,52501
28572,52499
28573,52497
28574,52495
28575,52493
28576,52492
28577,52490
28578,52488
28579,52486
28580,52484
28581,52482
28582,52481
28583,52479
28584,52477
28585,52475
28586,52473
28587,52471
28588,52470
28589,52468
28590,52466
28591,52464
28592,52462
28593,52460
28594,52459
28595,52457
28596,52455
28597,52453
28598,52451
28599,52449
28600,52448
28601,52446
28602,52444
28603,52442
28604,52440
28605,52438
28606,52437
28607,52435
28608,52433
28609,52431
28610,52429
28611,52427
28612,52426
28613,52424
28614,52422
28615,52420
28616,52418
28617,52416
28618,52415
28619,52413
28620,52411
28621,52409
28622,52407
28623,52405
28624,52404
28625,52402
28626,52400
28627,52398
28628,52396
28629,52394
28630,52393
28631,52391
28632,52389
28633,52387
28634,52385
28635,52383
28636,52382
28637,52380
28638,52378
28639,52376
28640,52374
28641,52372
28642,52371
28643,52369
28644,52367
28645,52365
28646,52363
28647,52362
28648,52360
28649,52358
28650,52356
28651,52354
28652,52352
28653,52351
28654,52349
28655,52347
28656,52345
28657,52343
28658,52341
28659,52340
28660,52338
28661,52336
28662,52334
28663,52332
28664,52330
28665,52329
28666,52327
28667,52325
28668,52323
28669,52321
28670,52319
28671,52318
28672,52316
28673,52314
28674,52312
28675,52310
28676,52309
28677,52307
28678,52305
28679,52303
28680,52301
28681,52299
28682,52298
28683,52296
28684,52294
28685,52292
28686,52290
28687,52288
28688,52287
28689,52285
28690,52283
28691,52281
28692,52279
28693,52278
28694,52276
28695,52274
28696,52272
28697,52270
28698,52268
28699,52267
28700,52265
28701,52263
28702,52261
28703,52259
28704,52258
28705,52256
28706,52254
28707,52252
28708,52250
28709,52248
28710,52247
28711,52245
28712,52243
28713,52241
28714,52239
28715,52238
28716,52236
28717,52234
28718,52232
28719,52230
28720,52228
28721,52227
28722,52225
28723,52223
28724,52221
28725,52219
28726,52218
28727,52216
28728,52214
28729,52212
28730,52210
28731,52208
28732,52207
28733,52205
28734,52203
28735,52201
28736,52199
28737,52198
28738,52196
28739,52194
28740,52192
28741,52190
28742,52188
28743,52187
28744,52185
28745,52183
28746,52181
28747,52179
28748,52178
28749,52176
28750,52174
28751,52172
28752,52170
28753,52168
28754,52167
28755,52165
28756,52163
28757,52161
28758,52159
28759,52158
28760,52156
28761,52154
28762,52152
28763,52150
28764,52149
28765,52147
28766,52145
28767,52143
28768,52141
28769,52139
28770,52138
28771,52136
28772,52134
28773,52132
28774,52130
28775,52129
28776,52127
28777,52125
28778,52123
28779,52121
28780,52120
28781,52118
28782,52116
28783,52114
28784,52112
28785,52110
28786,52109
28787,52107
28788,52105
28789,52103
28790,52101
28791,52100
28792,52098
28793,52096
28794,52094
28795,52092
28796,52091
28797,52089
28798,52087
28799,52085
28800,52083
28801,52082
28802,52080
28803,52078
28804,52076
28805,52074
28806,52072
28807,52071
28808,52069
28809,52067
28810,52065
28811,52063
28812,52062
28813,52060
28814,52058
28815,52056
28816,52054
28817,52053
28818,52051
28819,52049
28820,52047
28821,52045
28822,52044
28823,52042
28824,52040
28825,52038
28826,52036
28827,52035
28828,52033
28829,52031
28830,52029
28831,52027
28832,52026
28833,52024
28834,52022
28835,52020
28836,52018
28837,52017
28838,52015
28839,52013
28840,52011
28841,52009
28842,52007
28843,52006
28844,52004
28845,52002
28846,52000
28847,51998
28848,51997
28849,51995
28850,51993
28851,51991
28852,51989
28853,51988
28854,51986
28855,51984
28856,51982
28857,51980
28858,51979
28859,51977
28860,51975
28861,51973
28862,51971
28863,51970
28864,51968
28865,51966
28866,51964
28867,51962
28868,51961
28869,51959
28870,51957
28871,51955
28872,51953
28873,51952
28874,51950
28875,51948
28876,51946
28877,51944
28878,51943
28879,51941
28880,51939
28881,51937
28882,51935
28883,51934
28884,51932
28885,51930
28886,51928
28887,51926
28888,51925
28889,51923
28890,51921
28891,51919
28892,51917
28893,51916
28894,51914
28895,51912
28896,51910
28897,51909
28898,51907
28899,51905
28900,51903
28901,51901
28902,51900
28903,51898
28904,51896
28905,51894
28906,51892
28907,51891
28908,51889
28909,51887
28910,51885
28911,51883
28912,51882
28913,51880
28914,51878
28915,51876
28916,51874
28917,51873
28918,51871
28919,51869
28920,51867
28921,51865
28922,51864
28923,51862
28924,51860
28925,51858
28926,51856
28927,51855
28928,51853
28929,51851
28930,51849
28931,51847
28932,51846
28933,51844
28934,51842
28935,51840
28936,51839
28937,51837
28938,51835
28939,51833
28940,51831
28941,51830
28942,51828
28943,51826
28944,51824
28945,51822
28946,51821
28947,51819
28948,51817
28949,51815
28950,51813
28951,51812
28952,51810
28953,51808
28954,51806
28955,51805
28956,51803
28957,51801
28958,51799
28959,51797
28960,51796
28961,51794
28962,51792
28963,51790
28964,51788
28965,51787
28966,51785
28967,51783
28968,51781
28969,51779
28970,51778
28971,51776
28972,51774
28973,51772
28974,51771
28975,51769
28976,51767
28977,51765
28978,51763
28979,51762
28980,51760
28981,51758
28982,51756
28983,51754
28984,51753
28985,51751
28986,51749
28987,51747
28988,51746
28989,51744
28990,51742
28991,51740
28992,51738
28993,51737
28994,51735
28995,51733
28996,51731
28997,51729
28998,51728
28999,51726
29000,51724
29001,51722
29002,51721
29003,51719
29004,51717
29005,51715
29006,51713
29007,51712
29008,51710
29009,51708
29010,51706
29011,51705
29012,51703
29013,51701
29014,51699
29015,51697
29016,51696
29017,51694
29018,51692
29019,51690
29020,51688
29021,51687
29022,51685
29023,51683
29024,51681
29025,51680
29026,51678
29027,51676
29028,51674
29029,51672
29030,51671
29031,51669
29032,51667
29033,51665
29034,51664
29035,51662
29036,51660
29037,51658
29038,51656
29039,51655
29040,51653
29041,51651
29042,51649
29043,51648
29044,51646
29045,51644
29046,51642
29047,51640
29048,51639
29049,51637
29050,51635
29051,51633
29052,51632
29053,51630
29054,51628
29055,51626
29056,51624
29057,51623
29058,51621
29059,51619
29060,51617
29061,51616
29062,51614
29063,51612
29064,51610
29065,51608
29066,51607
29067,51605
29068,51603
29069,51601
29070,51600
29071,51598
29072,51596
29073,51594
29074,51592
29075,51591
29076,51589
29077,51587
29078,51585
29079,51584
29080,51582
29081,51580
29082,51578
29083,51577
29084,51575
29085,51573
29086,51571
29087,51569
29088,51568
29089,51566
29090,51564
29091,51562
29092,51561
29093,51559
29094,51557
29095,51555
29096,51553
29097,51552
29098,51550
29099,51548
29100,51546
29101,51545
29102,51543
29103,51541
29104,51539
29105,51538
29106,51536
29107,51534
29108,51532
29109,51530
29110,51529
29111,51527
29112,51525
29113,51523
29114,51522
29115,51520
29116,51518
29117,51516
29118,51515
29119,51513
29120,51511
29121,51509
29122,51507
29123,51506
29124,51504
29125,51502
29126,51500
29127,51499
29128,51497
29129,51495
29130,51493
29131,51492
29132,51490
29133,51488
29134,51486
29135,51484
29136,51483
29137,51481
29138,51479
29139,51477
29140,51476
29141,51474
29142,51472
29143,51470
29144,51469
29145,51467
29146,51465
29147,51463
29148,51462
29149,51460
29150,51458
29151,51456
29152,51454
29153,51453
29154,51451
29155,51449
29156,51447
29157,51446
29158,51444
29159,51442
29160,51440
29161,51439
29162,51437
29163,51435
29164,51433
29165,51432
29166,51430
29167,51428
29168,51426
29169,51424
29170,51423
29171,51421
29172,51419
29173,51417
29174,51416
29175,51414
29176,51412
29177,51410
29178,51409
29179,51407
29180,51405
29181,51403
29182,51402
29183,51400
29184,51398
29185,51396
29186,51395
29187,51393
29188,51391
29189,51389
29190,51387
29191,51386
29192,51384
29193,51382
29194,51380
29195,51379
29196,51377
29197,51375
29198,51373
29199,51372
29200,51370
29201,51368
29202,51366
29203,51365
29204,51363
29205,51361
29206,51359
29207,51358
29208,51356
29209,51354
29210,51352
29211,51351
29212,51349
29213,51347
29214,51345
29215,51343
29216,51342
29217,51340
29218,51338
29219,51336
29220,51335
29221,51333
29222,51331
29223,51329
29224,51328
29225,51326
29226,51324
29227,51322
29228,51321
29229,51319
29230,51317
29231,51315
29232,51314
29233,51312
29234,51310
29235,51308
29236,51307
29237,51305
29238,51303
29239,51301
29240,51300
29241,51298
29242,51296
29243,51294
29244,51293
29245,51291
29246,51289
29247,51287
29248,51286
29249,51284
29250,51282
29251,51280
29252,51279
29253,51277
29254,51275
29255,51273
29256,51272
29257,51270
29258,51268
29259,51266
29260,51265
29261,51263
29262,51261
29263,51259
29264,51258
29265,51256
29266,51254
29267,51252
29268,51251
29269,51249
29270,51247
29271,51245
29272,51244
29273,51242
29274,51240
29275,51238
29276,51237
29277,51235
29278,51233
29279,51231
29280,51230
29281,51228
29282,51226
29283,51224
29284,51223
29285,51221
29286,51219
29287,51217
29288,51216
29289,51214
29290,51212
29291,51210
29292,51209
29293,51207
29294,51205
29295,51203
29296,51202
29297,51200
29298,51198
29299,51196
29300,51195
29301,51193
29302,51191
29303,51189
29304,51188
29305,51186
29306,51184
29307,51182
29308,51181
29309,51179
29310,51177
29311,51175
29312,51174
29313,51172
29314,51170
29315,51168
29316,51167
29317,51165
29318,51163
29319,51161
29320,51160
29321,51158
29322,51156
29323,51154
29324,51153
29325,51151
29326,51149
29327,51147
29328,51146
29329,51144
29330,51142
29331,51140
29332,51139
29333,51137
29334,51135
29335,51133
29336,51132
29337,51130
29338,51128
29339,51126
29340,51125
29341,51123
29342,51121
29343,51120
29344,51118
29345,51116
29346,51114
29347,51113
29348,51111
29349,51109
29350,51107
29351,51106
29352,51104
29353,51102
29354,51100
29355,51099
29356,51097
29357,51095
29358,51093
29359,51092
29360,51090
29361,51088
29362,51086
29363,51085
29364,51083
29365,51081
29366,51079
29367,51078
29368,51076
29369,51074
29370,51073
29371,51071
29372,51069
29373,51067
29374,51066
29375,51064
29376,51062
29377,51060
29378,51059
29379,51057
29380,51055
29381,51053
29382,51052
29383,51050
29384,51048
29385,51046
29386,51045
29387,51043
29388,51041
29389,51040
29390,51038
29391,51036
29392,51034
29393,51033
29394,51031
29395,51029
29396,51027
29397,51026
29398,51024
29399,51022
29400,51020
29401,51019
29402,51017
29403,51015
29404,51013
29405,51012
29406,51010
29407,51008
29408,51007
29409,51005
29410,51003
29411,51001
29412,51000
29413,50998
29414,50996
29415,50994
29416,50993
29417,50991
29418,50989
29419,50987
29420,50986
29421,50984
29422,50982
29423,50981
29424,50979
29425,50977
29426,50975
29427,50974
29428,50972
29429,50970
29430,50968
29431,50967
29432,50965
29433,50963
29434,50961
29435,50960
29436,50958
29437,50956
29438,50955
29439,50953
29440,50951
29441,50949
29442,50948
29443,50946
29444,50944
29445,50942
29446,50941
29447,50939
29448,50937
29449,50936
29450,50934
29451,50932
29452,50930
29453,50929
29454,50927
29455,50925
29456,50923
29457,50922
29458,50920
29459,50918
29460,50916
29461,50915
29462,50913
29463,50911
29464,50910
29465,50908
29466,50906
29467,50904
29468,50903
29469,50901
29470,50899
29471,50897
29472,50896
29473,50894
29474,50892
29475,50891
29476,50889
29477,50887
29478,50885
29479,50884
29480,50882
29481,50880
29482,50879
29483,50877
29484,50875
29485,50873
29486,50872
29487,50870
29488,50868
29489,50866
29490,50865
29491,50863
29492,50861
29493,50860
29494,50858
29495,50856
29496,50854
29497,50853
29498,50851
29499,50849
29500,50847
29501,50846
29502,50844
29503,50842
29504,50841
29505,50839
29506,50837
29507,50835
29508,50834
29509,50832
29510,50830
29511,50829
29512,50827
29513,50825
29514,50823
29515,50822
29516,50820
29517,50818
29518,50816
29519,50815
29520,50813
29521,50811
29522,50810
29523,50808
29524,50806
29525,50804
29526,50803
29527,50801
29528,50799
29529,50798
29530,50796
29531,50794
29532,50792
29533,50791
29534,50789
29535,50787
29536,50785
29537,50784
29538,50782
29539,50780
29540,50779
29541,50777
29542,50775
29543,50773
29544,50772
29545,50770
29546,50768
29547,50767
29548,50765
29549,50763
29550,50761
29551,50760
29552,50758
29553,50756
29554,50755
29555,50753
29556,50751
29557,50749
29558,50748
29559,50746
29560,50744
29561,50743
29562,50741
29563,50739
29564,50737
29565,50736
29566,50734
29567,50732
29568,50731
29569,50729
29570,50727
29571,50725
29572,50724
29573,50722
29574,50720
29575,50719
29576,50717
29577,50715
29578,50713
29579,50712
29580,50710
29581,50708
29582,50707
29583,50705
29584,50703
29585,50701
29586,50700
29587,50698
29588,50696
29589,50695
29590,50693
29591,50691
29592,50689
29593,50688
29594,50686
29595,50684
29596,50683
29597,50681
29598,50679
29599,50677
29600,50676
29601,50674
29602,50672
29603,50671
29604,50669
29605,50667
29606,50665
29607,50664
29608,50662
29609,50660
29610,50659
29611,50657
29612,50655
29613,50653
29614,50652
29615,50650
29616,50648
29617,50647
29618,50645
29619,50643
29620,50641
29621,50640
29622,50638
29623,50636
29624,50635
29625,50633
29626,50631
29627,50629
29628,50628
29629,50626
29630,50624
29631,50623
29632,50621
29633,50619
29634,50618
29635,50616
29636,50614
29637,50612
29638,50611
29639,50609
29640,50607
29641,50606
29642,50604
29643,50602
29644,50600
29645,50599
29646,50597
29647,50595
29648,50594
29649,50592
29650,50590
29651,50589
29652,50587
29653,50585
29654,50583
29655,50582
29656,50580
29657,50578
29658,50577
29659,50575
29660,50573
29661,50571
29662,50570
29663,50568
29664,50566
29665,50565
29666,50563
29667,50561
29668,50560
29669,50558
29670,50556
29671,50554
29672,50553
29673,50551
29674,50549
29675,50548
29676,50546
29677,50544
29678,50542
29679,50541
29680,50539
29681,50537
29682,50536
29683,50534
29684,50532
29685,50531
29686,50529
29687,50527
29688,50525
29689,50524
29690,50522
29691,50520
29692,50519
29693,50517
29694,50515
29695,50514
29696,50512
29697,50510
29698,50508
29699,50507
29700,50505
29701,50503
29702,50502
29703,50500
29704,50498
29705,50497
29706,50495
29707,50493
29708,50491
29709,50490
29710,50488
29711,50486
29712,50485
29713,50483
29714,50481
29715,50480
29716,50478
29717,50476
29718,50474
29719,50473
29720,50471
29721,50469
29722,50468
29723,50466
29724,50464
29725,50463
29726,50461
29727,50459
29728,50457
29729,50456
29730,50454
29731,50452
29732,50451
29733,50449
29734,50447
29735,50446
29736,50444
29737,50442
29738,50441
29739,50439
29740,50437
29741,50435
29742,50434
29743,50432
29744,50430
29745,50429
29746,50427
29747,50425
29748,50424
29749,50422
29750,50420
29751,50418
29752,50417
29753,50415
29754,50413
29755,50412
29756,50410
29757,50408
29758,50407
29759,50405
29760,50403
29761,50402
29762,50400
29763,50398
29764,50396
29765,50395
29766,50393
29767,50391
29768,50390
29769,50388
29770,50386
29771,50385
29772,50383
29773,50381
29774,50380
29775,50378
29776,50376
29777,50374
29778,50373
29779,50371
29780,50369
29781,50368
29782,50366
29783,50364
29784,50363
29785,50361
29786,50359
29787,50358
29788,50356
29789,50354
29790,50352
29791,50351
29792,50349
29793,50347
29794,50346
29795,50344
29796,50342
29797,50341
29798,50339
29799,50337
29800,50336
29801,50334
29802,50332
29803,50331
29804,50329
29805,50327
29806,50325
29807,50324
29808,50322
29809,50320
29810,50319
29811,50317
29812,50315
29813,50314
29814,50312
29815,50310
29816,50309
29817,50307
29818,50305
29819,50303
29820,50302
29821,50300
29822,50298
29823,50297
29824,50295
29825,50293
29826,50292
29827,50290
29828,50288
29829,50287
29830,50285
29831,50283
29832,50282
29833,50280
29834,50278
29835,50277
29836,50275
29837,50273
29838,50271
29839,50270
29840,50268
29841,50266
29842,50265
29843,50263
29844,50261
29845,50260
29846,50258
29847,50256
29848,50255
29849,50253
29850,50251
29851,50250
29852,50248
29853,50246
29854,50245
29855,50243
29856,50241
29857,50239
29858,50238
29859,50236
29860,50234
29861,50233
29862,50231
29863,50229
29864,50228
29865,50226
29866,50224
29867,50223
29868,50221
29869,50219
29870,50218
29871,50216
29872,50214
29873,50213
29874,50211
29875,50209
29876,50208
29877,50206
29878,50204
29879,50202
29880,50201
29881,50199
29882,50197
29883,50196
29884,50194
29885,50192
29886,50191
29887,50189
29888,50187
29889,50186
29890,50184
29891,50182
29892,50181
29893,50179
29894,50177
29895,50176
29896,50174
29897,50172
29898,50171
29899,50169
29900,50167
29901,50166
29902,50164
29903,50162
29904,50161
29905,50159
29906,50157
29907,50155
29908,50154
29909,50152
29910,50150
29911,50149
29912,50147
29913,50145
29914,50144
29915,50142
29916,50140
29917,50139
29918,50137
29919,50135
29920,50134
29921,50132
29922,50130
29923,50129
29924,50127
29925,50125
29926,50124
29927,50122
29928,50120
29929,50119
29930,50117
29931,50115
29932,50114
29933,50112
29934,50110
29935,50109
29936,50107
29937,50105
29938,50104
29939,50102
29940,50100
29941,50099
29942,50097
29943,50095
29944,50094
29945,50092
29946,50090
29947,50088
29948,50087
29949,50085
29950,50083
29951,50082
29952,50080
29953,50078
29954,50077
29955,50075
29956,50073
29957,50072
29958,50070
29959,50068
29960,50067
29961,50065
29962,50063
29963,50062
29964,50060
29965,50058
29966,50057
29967,50055
29968,50053
29969,50052
29970,50050
29971,50048
29972,50047
29973,50045
29974,50043
29975,50042
29976,50040
29977,50038
29978,50037
29979,50035
29980,50033
29981,50032
29982,50030
29983,50028
29984,50027
29985,50025
29986,50023
29987,50022
29988,50020
29989,50018
29990,50017
29991,50015
29992,50013
29993,50012
29994,50010
29995,50008
29996,50007
29997,50005
29998,50003
29999,50002
30000,50000
30001,49998
30002,49997
30003,49995
30004,49993
30005,49992
30006,49990
30007,49988
30008,49987
30009,49985
30010,49983
30011,49982
30012,49980
30013,49978
30014,49977
30015,49975
30016,49973
30017,49972
30018,49970
30019,49968
30020,49967
30021,49965
30022,49963
30023,49962
30024,49960
30025,49958
30026,49957
30027,49955
30028,49953
30029,49952
30030,49950
30031,49948
30032,49947
30033,49945
30034,49943
30035,49942
30036,49940
30037,49938
30038,49937
30039,49935
30040,49933
30041,49932
30042,49930
30043,49928
30044,49927
30045,49925
30046,49923
30047,49922
30048,49920
30049,49918
30050,49917
30051,49915
30052,49913
30053,49912
30054,49910
30055,49909
30056,49907
30057,49905
30058,49904
30059,49902
30060,49900
30061,49899
30062,49897
30063,49895
30064,49894
30065,49892
30066,49890
30067,49889
30068,49887
30069,49885
30070,49884
30071,49882
30072,49880
30073,49879
30074,49877
30075,49875
30076,49874
30077,49872
30078,49870
30079,49869
30080,49867
30081,49865
30082,49864
30083,49862
30084,49860
30085,49859
30086,49857
30087,49855
30088,49854
30089,49852
30090,49850
30091,49849
30092,49847
30093,49845
30094,49844
30095,49842
30096,49841
30097,49839
30098,49837
30099,49836
30100,49834
30101,49832
30102,49831
30103,49829
30104,49827
30105,49826
30106,49824
30107,49822
30108,49821
30109,49819
30110,49817
30111,49816
30112,49814
30113,49812
30114,49811
30115,49809
30116,49807
30117,49806
30118,49804
30119,49802
30120,49801
30121,49799
30122,49797
30123,49796
30124,49794
30125,49793
30126,49791
30127,49789
30128,49788
30129,49786
30130,49784
30131,49783
30132,49781
30133,49779
30134,49778
30135,49776
30136,49774
30137,49773
30138,49771
30139,49769
30140,49768
30141,49766
30142,49764
30143,49763
30144,49761
30145,49759
30146,49758
30147,49756
30148,49755
30149,49753
30150,49751
30151,49750
30152,49748
30153,49746
30154,49745
30155,49743
30156,49741
30157,49740
30158,49738
30159,49736
30160,49735
30161,49733
30162,49731
30163,49730
30164,49728
30165,49727
30166,49725
30167,49723
30168,49722
30169,49720
30170,49718
30171,49717
30172,49715
30173,49713
30174,49712
30175,49710
30176,49708
30177,49707
30178,49705
30179,49703
30180,49702
30181,49700
30182,49698
30183,49697
30184,49695
30185,49694
30186,49692
30187,49690
30188,49689
30189,49687
30190,49685
30191,49684
30192,49682
30193,49680
30194,49679
30195,49677
30196,49675
30197,49674
30198,49672
30199,49671
30200,49669
30201,49667
30202,49666
30203,49664
30204,49662
30205,49661
30206,49659
30207,49657
30208,49656
30209,49654
30210,49652
30211,49651
30212,49649
30213,49648
30214,49646
30215,49644
30216,49643
30217,49641
30218,49639
30219,49638
30220,49636
30221,49634
30222,49633
30223,49631
30224,49629
30225,49628
30226,49626
30227,49625
30228,49623
30229,49621
30230,49620
30231,49618
30232,49616
30233,49615
30234,49613
30235,49611
30236,49610
30237,49608
30238,49606
30239,49605
30240,49603
30241,49602
30242,49600
30243,49598
30244,49597
30245,49595
30246,49593
30247,49592
30248,49590
30249,49588
30250,49587
30251,49585
30252,49583
30253,49582
30254,49580
30255,49579
30256,49577
30257,49575
30258,49574
30259,49572
30260,49570
30261,49569
30262,49567
30263,49565
30264,49564
30265,49562
30266,49561
30267,49559
30268,49557
30269,49556
30270,49554
30271,49552
30272,49551
30273,49549
30274,49547
30275,49546
30276,49544
30277,49543
30278,49541
30279,49539
30280,49538
30281,49536
30282,49534
30283,49533
30284,49531
30285,49529
30286,49528
30287,49526
30288,49525
30289,49523
30290,49521
30291,49520
30292,49518
30293,49516
30294,49515
30295,49513
30296,49511
30297,49510
30298,49508
30299,49507
30300,49505
30301,49503
30302,49502
30303,49500
30304,49498
30305,49497
30306,49495
30307,49494
30308,49492
30309,49490
30310,49489
30311,49487
30312,49485
30313,49484
30314,49482
30315,49480
30316,49479
30317,49477
30318,49476
30319,49474
30320,49472
30321,49471
30322,49469
30323,49467
30324,49466
30325,49464
30326,49463
30327,49461
30328,49459
30329,49458
30330,49456
30331,49454
30332,49453
30333,49451
30334,49449
30335,49448
30336,49446
30337,49445
30338,49443
30339,49441
30340,49440
30341,49438
30342,49436
30343,49435
30344,49433
30345,49432
30346,49430
30347,49428
30348,49427
30349,49425
30350,49423
30351,49422
30352,49420
30353,49419
30354,49417
30355,49415
30356,49414
30357,49412
30358,49410
30359,49409
30360,49407
30361,49405
30362,49404
30363,49402
30364,49401
30365,49399
30366,49397
30367,49396
30368,49394
30369,49392
30370,49391
30371,49389
30372,49388
30373,49386
30374,49384
30375,49383
30376,49381
30377,49379
30378,49378
30379,49376
30380,49375
30381,49373
30382,49371
30383,49370
30384,49368
30385,49366
30386,49365
30387,49363
30388,49362
30389,49360
30390,49358
30391,49357
30392,49355
30393,49353
30394,49352
30395,49350
30396,49349
30397,49347
30398,49345
30399,49344
30400,49342
30401,49340
30402,49339
30403,49337
30404,49336
30405,49334
30406,49332
30407,49331
30408,49329
30409,49328
30410,49326
30411,49324
30412,49323
30413,49321
30414,49319
30415,49318
30416,49316
30417,49315
30418,49313
30419,49311
30420,49310
30421,49308
30422,49306
30423,49305
30424,49303
30425,49302
30426,49300
30427,49298
30428,49297
30429,49295
30430,49293
30431,49292
30432,49290
30433,49289
30434,49287
30435,49285
30436,49284
30437,49282
30438,49281
30439,49279
30440,49277
30441,49276
30442,49274
30443,49272
30444,49271
30445,49269
30446,49268
30447,49266
30448,49264
30449,49263
30450,49261
30451,49259
30452,49258
30453,49256
30454,49255
30455,49253
30456,49251
30457,49250
30458,49248
30459,49247
30460,49245
30461,49243
30462,49242
30463,49240
30464,49238
30465,49237
30466,49235
30467,49234
30468,49232
30469,49230
30470,49229
30471,49227
30472,49226
30473,49224
30474,49222
30475,49221
30476,49219
30477,49217
30478,49216
30479,49214
30480,49213
30481,49211
30482,49209
30483,49208
30484,49206
30485,49205
30486,49203
30487,49201
30488,49200
30489,49198
30490,49196
30491,49195
30492,49193
30493,49192
30494,49190
30495,49188
30496,49187
30497,49185
30498,49184
30499,49182
30500,49180
30501,49179
30502,49177
30503,49175
30504,49174
30505,49172
30506,49171
30507,49169
30508,49167
30509,49166
30510,49164
30511,49163
30512,49161
30513,49159
30514,49158
30515,49156
30516,49155
30517,49153
30518,49151
30519,49150
30520,49148
30521,49146
30522,49145
30523,49143
30524,49142
30525,49140
30526,49138
30527,49137
30528,49135
30529,49134
30530,49132
30531,49130
30532,49129
30533,49127
30534,49126
30535,49124
30536,49122
30537,49121
30538,49119
30539,49118
30540,49116
30541,49114
30542,49113
30543,49111
30544,49109
30545,49108
30546,49106
30547,49105
30548,49103
30549,49101
30550,49100
30551,49098
30552,49097
30553,49095
30554,49093
30555,49092
30556,49090
30557,49089
30558,49087
30559,49085
30560,49084
30561,49082
30562,49081
30563,49079
30564,49077
30565,49076
30566,49074
30567,49073
30568,49071
30569,49069
30570,49068
30571,49066
30572,49065
30573,49063
30574,49061
30575,49060
30576,49058
30577,49056
30578,49055
30579,49053
30580,49052
30581,49050
30582,49048
30583,49047
30584,49045
30585,49044
30586,49042
30587,49040
30588,49039
30589,49037
30590,49036
30591,49034
30592,49032
30593,49031
30594,49029
30595,49028
30596,49026
30597,49024
30598,49023
30599,49021
30600,49020
30601,49018
30602,49016
30603,49015
30604,49013
30605,49012
30606,49010
30607,49008
30608,49007
30609,49005
30610,49004
30611,49002
30612,49000
30613,48999
30614,48997
30615,48996
30616,48994
30617,48992
30618,48991
30619,48989
30620,48988
30621,48986
30622,48984
30623,48983
30624,48981
30625,48980
30626,48978
30627,48976
30628,48975
30629,48973
30630,48972
30631,48970
30632,48968
30633,48967
30634,48965
30635,48964
30636,48962
30637,48960
30638,48959
30639,48957
30640,48956
30641,48954
30642,48952
30643,48951
30644,48949
30645,48948
30646,48946
30647,48944
30648,48943
30649,48941
30650,48940
30651,48938
30652,48936
30653,48935
30654,48933
30655,48932
30656,48930
30657,48928
30658,48927
30659,48925
30660,48924
30661,48922
30662,48920
30663,48919
30664,48917
30665,48916
30666,48914
30667,48913
30668,48911
30669,48909
30670,48908
30671,48906
30672,48905
30673,48903
30674,48901
30675,48900
30676,48898
30677,48897
30678,48895
30679,48893
30680,48892
30681,48890
30682,48889
30683,48887
30684,48885
30685,48884
30686,48882
30687,48881
30688,48879
30689,48877
30690,48876
30691,48874
30692,48873
30693,48871
30694,48869
30695,48868
30696,48866
30697,48865
30698,48863
30699,48862
30700,48860
30701,48858
30702,48857
30703,48855
30704,48854
30705,48852
30706,48850
30707,48849
30708,48847
30709,48846
30710,48844
30711,48842
30712,48841
30713,48839
30714,48838
30715,48836
30716,48834
30717,48833
30718,48831
30719,48830
30720,48828
30721,48827
30722,48825
30723,48823
30724,48822
30725,48820
30726,48819
30727,48817
30728,48815
30729,48814
30730,48812
30731,48811
30732,48809
30733,48807
30734,48806
30735,48804
30736,48803
30737,48801
30738,48800
30739,48798
30740,48796
30741,48795
30742,48793
30743,48792
30744,48790
30745,48788
30746,48787
30747,48785
30748,48784
30749,48782
30750,48780
30751,48779
30752,48777
30753,48776
30754,48774
30755,48773
30756,48771
30757,48769
30758,48768
30759,48766
30760,48765
30761,48763
30762,48761
30763,48760
30764,48758
30765,48757
30766,48755
30767,48754
30768,48752
30769,48750
30770,48749
30771,48747
30772,48746
30773,48744
30774,48742
30775,48741
30776,48739
30777,48738
30778,48736
30779,48735
30780,48733
30781,48731
30782,48730
30783,48728
30784,48727
30785,48725
30786,48723
30787,48722
30788,48720
30789,48719
30790,48717
30791,48716
30792,48714
30793,48712
30794,48711
30795,48709
30796,48708
30797,48706
30798,48704
30799,48703
30800,48701
30801,48700
30802,48698
30803,48697
30804,48695
30805,48693
30806,48692
30807,48690
30808,48689
30809,48687
30810,48685
30811,48684
30812,48682
30813,48681
30814,48679
30815,48678
30816,48676
30817,48674
30818,48673
30819,48671
30820,48670
30821,48668
30822,48667
30823,48665
30824,48663
30825,48662
30826,48660
30827,48659
30828,48657
30829,48655
30830,48654
30831,48652
30832,48651
30833,48649
30834,48648
30835,48646
30836,48644
30837,48643
30838,48641
30839,48640
30840,48638
30841,48637
30842,48635
30843,48633
30844,48632
30845,48630
30846,48629
30847,48627
30848,48626
30849,48624
30850,48622
30851,48621
30852,48619
30853,48618
30854,48616
30855,48614
30856,48613
30857,48611
30858,48610
30859,48608
30860,48607
30861,48605
30862,48603
30863,48602
30864,48600
30865,48599
30866,48597
30867,48596
30868,48594
30869,48592
30870,48591
30871,48589
30872,48588
30873,48586
30874,48585
30875,48583
30876,48581
30877,48580
30878,48578
30879,48577
30880,48575
30881,48574
30882,48572
30883,48570
30884,48569
30885,48567
30886,48566
30887,48564
30888,48563
30889,48561
30890,48559
30891,48558
30892,48556
30893,48555
30894,48553
30895,48552
30896,48550
30897,48548
30898,48547
30899,48545
30900,48544
30901,48542
30902,48541
30903,48539
30904,48537
30905,48536
30906,48534
30907,48533
30908,48531
30909,48530
30910,48528
30911,48526
30912,48525
30913,48523
30914,48522
30915,48520
30916,48519
30917,48517
30918,48515
30919,48514
30920,48512
30921,48511
30922,48509
30923,48508
30924,48506
30925,48504
30926,48503
30927,48501
30928,48500
30929,48498
30930,48497
30931,48495
30932,48493
30933,48492
30934,48490
30935,48489
30936,48487
30937,48486
30938,48484
30939,48482
30940,48481
30941,48479
30942,48478
30943,48476
30944,48475
30945,48473
30946,48472
30947,48470
30948,48468
30949,48467
30950,48465
30951,48464
30952,48462
30953,48461
30954,48459
30955,48457
30956,48456
30957,48454
30958,48453
30959,48451
30960,48450
30961,48448
30962,48446
30963,48445
30964,48443
30965,48442
30966,48440
30967,48439
30968,48437
30969,48436
30970,48434
30971,48432
30972,48431
30973,48429
30974,48428
30975,48426
30976,48425
30977,48423
30978,48421
30979,48420
30980,48418
30981,48417
30982,48415
30983,48414
30984,48412
30985,48411
30986,48409
30987,48407
30988,48406
30989,48404
30990,48403
30991,48401
30992,48400
30993,48398
30994,48396
30995,48395
30996,48393
30997,48392
30998,48390
30999,48389
31000,48387
31001,48386
31002,48384
31003,48382
31004,48381
31005,48379
31006,48378
31007,48376
31008,48375
31009,48373
31010,48371
31011,48370
31012,48368
31013,48367
31014,48365
31015,48364
31016,48362
31017,48361
31018,48359
31019,48357
31020,48356
31021,48354
31022,48353
31023,48351
31024,48350
31025,48348
31026,48347
31027,48345
31028,48343
31029,48342
31030,48340
31031,48339
31032,48337
31033,48336
31034,48334
31035,48333
31036,48331
31037,48329
31038,48328
31039,48326
31040,48325
31041,48323
31042,48322
31043,48320
31044,48319
31045,48317
31046,48315
31047,48314
31048,48312
31049,48311
31050,48309
31051,48308
31052,48306
31053,48305
31054,48303
31055,48301
31056,48300
31057,48298
31058,48297
31059,48295
31060,48294
31061,48292
31062,48291
31063,48289
31064,48287
31065,48286
31066,48284
31067,48283
31068,48281
31069,48280
31070,48278
31071,48277
31072,48275
31073,48273
31074,48272
31075,48270
31076,48269
31077,48267
31078,48266
31079,48264
31080,48263
31081,48261
31082,48259
31083,48258
31084,48256
31085,48255
31086,48253
31087,48252
31088,48250
31089,48249
31090,48247
31091,48245
31092,48244
31093,48242
31094,48241
31095,48239
31096,48238
31097,48236
31098,48235
31099,48233
31100,48232
31101,48230
31102,48228
31103,48227
31104,48225
31105,48224
31106,48222
31107,48221
31108,48219
31109,48218
31110,48216
31111,48214
31112,48213
31113,48211
31114,48210
31115,48208
31116,48207
31117,48205
31118,48204
31119,48202
31120,48201
31121,48199
31122,48197
31123,48196
31124,48194
31125,48193
31126,48191
31127,48190
31128,48188
31129,48187
31130,48185
31131,48183
31132,48182
31133,48180
31134,48179
31135,48177
31136,48176
31137,48174
31138,48173
31139,48171
31140,48170
31141,48168
31142,48166
31143,48165
31144,48163
31145,48162
31146,48160
31147,48159
31148,48157
31149,48156
31150,48154
31151,48153
31152,48151
31153,48149
31154,48148
31155,48146
31156,48145
31157,48143
31158,48142
31159,48140
31160,48139
31161,48137
31162,48136
31163,48134
31164,48132
31165,48131
31166,48129
31167,48128
31168,48126
31169,48125
31170,48123
31171,48122
31172,48120
31173,48119
31174,48117
31175,48115
31176,48114
31177,48112
31178,48111
31179,48109
31180,48108
31181,48106
31182,48105
31183,48103
31184,48102
31185,48100
31186,48099
31187,48097
31188,48095
31189,48094
31190,48092
31191,48091
31192,48089
31193,48088
31194,48086
31195,48085
31196,48083
31197,48082
31198,48080
31199,48078
31200,48077
31201,48075
31202,48074
31203,48072
31204,48071
31205,48069
31206,48068
31207,48066
31208,48065
31209,48063
31210,48062
31211,48060
31212,48058
31213,48057
31214,48055
31215,48054
31216,48052
31217,48051
31218,48049
31219,48048
31220,48046
31221,48045
31222,48043
31223,48042
31224,48040
31225,48038
31226,48037
31227,48035
31228,48034
31229,48032
31230,48031
31231,48029
31232,48028
31233,48026
31234,48025
31235,48023
31236,48022
31237,48020
31238,48018
31239,48017
31240,48015
31241,48014
31242,48012
31243,48011
31244,48009
31245,48008
31246,48006
31247,48005
31248,48003
31249,48002
31250,48000
31251,47998
31252,47997
31253,47995
31254,47994
31255,47992
31256,47991
31257,47989
31258,47988
31259,47986
31260,47985
31261,47983
31262,47982
31263,47980
31264,47979
31265,47977
31266,47975
31267,47974
31268,47972
31269,47971
31270,47969
31271,47968
31272,47966
31273,47965
31274,47963
31275,47962
31276,47960
31277,47959
31278,47957
31279,47955
31280,47954
31281,47952
31282,47951
31283,47949
31284,47948
31285,47946
31286,47945
31287,47943
31288,47942
31289,47940
31290,47939
31291,47937
31292,47936
31293,47934
31294,47933
31295,47931
31296,47929
31297,47928
31298,47926
31299,47925
31300,47923
31301,47922
31302,47920
31303,47919
31304,47917
31305,47916
31306,47914
31307,47913
31308,47911
31309,47910
31310,47908
31311,47906
31312,47905
31313,47903
31314,47902
31315,47900
31316,47899
31317,47897
31318,47896
31319,47894
31320,47893
31321,47891
31322,47890
31323,47888
31324,47887
31325,47885
31326,47884
31327,47882
31328,47880
31329,47879
31330,47877
31331,47876
31332,47874
31333,47873
31334,47871
31335,47870
31336,47868
31337,47867
31338,47865
31339,47864
31340,47862
31341,47861
31342,47859
31343,47858
31344,47856
31345,47855
31346,47853
31347,47851
31348,47850
31349,47848
31350,47847
31351,47845
31352,47844
31353,47842
31354,47841
31355,47839
31356,47838
31357,47836
31358,47835
31359,47833
31360,47832
31361,47830
31362,47829
31363,47827
31364,47826
31365,47824
31366,47822
31367,47821
31368,47819
31369,47818
31370,47816
31371,47815
31372,47813
31373,47812
31374,47810
31375,47809
31376,47807
31377,47806
31378,47804
31379,47803
31380,47801
31381,47800
31382,47798
31383,47797
31384,47795
31385,47794
31386,47792
31387,47790
31388,47789
31389,47787
31390,47786
31391,47784
31392,47783
31393,47781
31394,47780
31395,47778
31396,47777
31397,47775
31398,47774
31399,47772
31400,47771
31401,47769
31402,47768
31403,47766
31404,47765
31405,47763
31406,47762
31407,47760
31408,47759
31409,47757
31410,47755
31411,47754
31412,47752
31413,47751
31414,47749
31415,47748
31416,47746
31417,47745
31418,47743
31419,47742
31420,47740
31421,47739
31422,47737
31423,47736
31424,47734
31425,47733
31426,47731
31427,47730
31428,47728
31429,47727
31430,47725
31431,47724
31432,47722
31433,47721
31434,47719
31435,47718
31436,47716
31437,47714
31438,47713
31439,47711
31440,47710
31441,47708
31442,47707
31443,47705
31444,47704
31445,47702
31446,47701
31447,47699
31448,47698
31449,47696
31450,47695
31451,47693
31452,47692
31453,47690
31454,47689
31455,47687
31456,47686
31457,47684
31458,47683
31459,47681
31460,47680
31461,47678
31462,47677
31463,47675
31464,47674
31465,47672
31466,47671
31467,47669
31468,47667
31469,47666
31470,47664
31471,47663
31472,47661
31473,47660
31474,47658
31475,47657
31476,47655
31477,47654
31478,47652
31479,47651
31480,47649
31481,47648
31482,47646
31483,47645
31484,47643
31485,47642
31486,47640
31487,47639
31488,47637
31489,47636
31490,47634
31491,47633
31492,47631
31493,47630
31494,47628
31495,47627
31496,47625
31497,47624
31498,47622
31499,47621
31500,47619
31501,47618
31502,47616
31503,47615
31504,47613
31505,47611
31506,47610
31507,47608
31508,47607
31509,47605
31510,47604
31511,47602
31512,47601
31513,47599
31514,47598
31515,47596
31516,47595
31517,47593
31518,47592
31519,47590
31520,47589
31521,47587
31522,47586
31523,47584
31524,47583
31525,47581
31526,47580
31527,47578
31528,47577
31529,47575
31530,47574
31531,47572
31532,47571
31533,47569
31534,47568
31535,47566
31536,47565
31537,47563
31538,47562
31539,47560
31540,47559
31541,47557
31542,47556
31543,47554
31544,47553
31545,47551
31546,47550
31547,47548
31548,47547
31549,47545
31550,47544
31551,47542
31552,47541
31553,47539
31554,47538
31555,47536
31556,47535
31557,47533
31558,47532
31559,47530
31560,47529
31561,47527
31562,47526
31563,47524
31564,47522
31565,47521
31566,47519
31567,47518
31568,47516
31569,47515
31570,47513
31571,47512
31572,47510
31573,47509
31574,47507
31575,47506
31576,47504
31577,47503
31578,47501
31579,47500
31580,47498
31581,47497
31582,47495
31583,47494
31584,47492
31585,47491
31586,47489
31587,47488
31588,47486
31589,47485
31590,47483
31591,47482
31592,47480
31593,47479
31594,47477
31595,47476
31596,47474
31597,47473
31598,47471
31599,47470
31600,47468
31601,47467
31602,47465
31603,47464
31604,47462
31605,47461
31606,47459
31607,47458
31608,47456
31609,47455
31610,47453
31611,47452
31612,47450
31613,47449
31614,47447
31615,47446
31616,47444
31617,47443
31618,47441
31619,47440
31620,47438
31621,47437
31622,47435
31623,47434
31624,47432
31625,47431
31626,47429
31627,47428
31628,47426
31629,47425
31630,47423
31631,47422
31632,47420
31633,47419
31634,47417
31635,47416
31636,47414
31637,47413
31638,47411
31639,47410
31640,47408
31641,47407
31642,47405
31643,47404
31644,47402
31645,47401
31646,47399
31647,47398
31648,47396
31649,47395
31650,47393
31651,47392
31652,47390
31653,47389
31654,47387
31655,47386
31656,47384
31657,47383
31658,47381
31659,47380
31660,47378
31661,47377
31662,47375
31663,47374
31664,47372
31665,47371
31666,47369
31667,47368
31668,47366
31669,47365
31670,47363
31671,47362
31672,47360
31673,47359
31674,47357
31675,47356
31676,47354
31677,47353
31678,47351
31679,47350
31680,47348
31681,47347
31682,47345
31683,47344
31684,47343
31685,47341
31686,47340
31687,47338
31688,47337
31689,47335
31690,47334
31691,47332
31692,47331
31693,47329
31694,47328
31695,47326
31696,47325
31697,47323
31698,47322
31699,47320
31700,47319
31701,47317
31702,47316
31703,47314
31704,47313
31705,47311
31706,47310
31707,47308
31708,47307
31709,47305
31710,47304
31711,47302
31712,47301
31713,47299
31714,47298
31715,47296
31716,47295
31717,47293
31718,47292
31719,47290
31720,47289
31721,47287
31722,47286
31723,47284
31724,47283
31725,47281
31726,47280
31727,47278
31728,47277
31729,47275
31730,47274
31731,47272
31732,47271
31733,47269
31734,47268
31735,47266
31736,47265
31737,47263
31738,47262
31739,47260
31740,47259
31741,47257
31742,47256
31743,47255
31744,47253
31745,47252
31746,47250
31747,47249
31748,47247
31749,47246
31750,47244
31751,47243
31752,47241
31753,47240
31754,47238
31755,47237
31756,47235
31757,47234
31758,47232
31759,47231
31760,47229
31761,47228
31762,47226
31763,47225
31764,47223
31765,47222
31766,47220
31767,47219
31768,47217
31769,47216
31770,47214
31771,47213
31772,47211
31773,47210
31774,47208
31775,47207
31776,47205
31777,47204
31778,47202
31779,47201
31780,47199
31781,47198
31782,47197
31783,47195
31784,47194
31785,47192
31786,47191
31787,47189
31788,47188
31789,47186
31790,47185
31791,47183
31792,47182
31793,47180
31794,47179
31795,47177
31796,47176
31797,47174
31798,47173
31799,47171
31800,47170
31801,47168
31802,47167
31803,47165
31804,47164
31805,47162
31806,47161
31807,47159
31808,47158
31809,47156
31810,47155
31811,47154
31812,47152
31813,47151
31814,47149
31815,47148
31816,47146
31817,47145
31818,47143
31819,47142
31820,47140
31821,47139
31822,47137
31823,47136
31824,47134
31825,47133
31826,47131
31827,47130
31828,47128
31829,47127
31830,47125
31831,47124
31832,47122
31833,47121
31834,47119
31835,47118
31836,47116
31837,47115
31838,47114
31839,47112
31840,47111
31841,47109
31842,47108
31843,47106
31844,47105
31845,47103
31846,47102
31847,47100
31848,47099
31849,47097
31850,47096
31851,47094
31852,47093
31853,47091
31854,47090
31855,47088
31856,47087
31857,47085
31858,47084
31859,47082
31860,47081
31861,47080
31862,47078
31863,47077
31864,47075
31865,47074
31866,47072
31867,47071
31868,47069
31869,47068
31870,47066
31871,47065
31872,47063
31873,47062
31874,47060
31875,47059
31876,47057
31877,47056
31878,47054
31879,47053
31880,47051
31881,47050
31882,47048
31883,47047
31884,47046
31885,47044
31886,47043
31887,47041
31888,47040
31889,47038
31890,47037
31891,47035
31892,47034
31893,47032
31894,47031
31895,47029
31896,47028
31897,47026
31898,47025
31899,47023
31900,47022
31901,47020
31902,47019
31903,47018
31904,47016
31905,47015
31906,47013
31907,47012
31908,47010
31909,47009
31910,47007
31911,47006
31912,47004
31913,47003
31914,47001
31915,47000
31916,46998
31917,46997
31918,46995
31919,46994
31920,46992
31921,46991
31922,46990
31923,46988
31924,46987
31925,46985
31926,46984
31927,46982
31928,46981
31929,46979
31930,46978
31931,46976
31932,46975
31933,46973
31934,46972
31935,46970
31936,46969
31937,46967
31938,46966
31939,46965
31940,46963
31941,46962
31942,46960
31943,46959
31944,46957
31945,46956
31946,46954
31947,46953
31948,46951
31949,46950
31950,46948
31951,46947
31952,46945
31953,46944
31954,46942
31955,46941
31956,46940
31957,46938
31958,46937
31959,46935
31960,46934
31961,46932
31962,46931
31963,46929
31964,46928
31965,46926
31966,46925
31967,46923
31968,46922
31969,46920
31970,46919
31971,46918
31972,46916
31973,46915
31974,46913
31975,46912
31976,46910
31977,46909
31978,46907
31979,46906
31980,46904
31981,46903
31982,46901
31983,46900
31984,46898
31985,46897
31986,46896
31987,46894
31988,46893
31989,46891
31990,46890
31991,46888
31992,46887
31993,46885
31994,46884
31995,46882
31996,46881
31997,46879
31998,46878
31999,46876
32000,46875
32001,46874
32002,46872
32003,46871
32004,46869
32005,46868
32006,46866
32007,46865
32008,46863
32009,46862
32010,46860
32011,46859
32012,46857
32013,46856
32014,46855
32015,46853
32016,46852
32017,46850
32018,46849
32019,46847
32020,46846
32021,46844
32022,46843
32023,46841
32024,46840
32025,46838
32026,46837
32027,46835
32028,46834
32029,46833
32030,46831
32031,46830
32032,46828
32033,46827
32034,46825
32035,46824
32036,46822
32037,46821
32038,46819
32039,46818
32040,46816
32041,46815
32042,46814
32043,46812
32044,46811
32045,46809
32046,46808
32047,46806
32048,46805
32049,46803
32050,46802
32051,46800
32052,46799
32053,46797
32054,46796
32055,46795
32056,46793
32057,46792
32058,46790
32059,46789
32060,46787
32061,46786
32062,46784
32063,46783
32064,46781
32065,46780
32066,46779
32067,46777
32068,46776
32069,46774
32070,46773
32071,46771
32072,46770
32073,46768
32074,46767
32075,46765
32076,46764
32077,46762
32078,46761
32079,46760
32080,46758
32081,46757
32082,46755
32083,46754
32084,46752
32085,46751
32086,46749
32087,46748
32088,46746
32089,46745
32090,46744
32091,46742
32092,46741
32093,46739
32094,46738
32095,46736
32096,46735
32097,46733
32098,46732
32099,46730
32100,46729
32101,46728
32102,46726
32103,46725
32104,46723
32105,46722
32106,46720
32107,46719
32108,46717
32109,46716
32110,46714
32111,46713
32112,46712
32113,46710
32114,46709
32115,46707
32116,46706
32117,46704
32118,46703
32119,46701
32120,46700
32121,46698
32122,46697
32123,46696
32124,46694
32125,46693
32126,46691
32127,46690
32128,46688
32129,46687
32130,46685
32131,46684
32132,46682
32133,46681
32134,46680
32135,46678
32136,46677
32137,46675
32138,46674
32139,46672
32140,46671
32141,46669
32142,46668
32143,46666
32144,46665
32145,46664
32146,46662
32147,46661
32148,46659
32149,46658
32150,46656
32151,46655
32152,46653
32153,46652
32154,46650
32155,46649
32156,46648
32157,46646
32158,46645
32159,46643
32160,46642
32161,46640
32162,46639
32163,46637
32164,46636
32165,46635
32166,46633
32167,46632
32168,46630
32169,46629
32170,46627
32171,46626
32172,46624
32173,46623
32174,46621
32175,46620
32176,46619
32177,46617
32178,46616
32179,46614
32180,46613
32181,46611
32182,46610
32183,46608
32184,46607
32185,46606
32186,46604
32187,46603
32188,46601
32189,46600
32190,46598
32191,46597
32192,46595
32193,46594
32194,46593
32195,46591
32196,46590
32197,46588
32198,46587
32199,46585
32200,46584
32201,46582
32202,46581
32203,46580
32204,46578
32205,46577
32206,46575
32207,46574
32208,46572
32209,46571
32210,46569
32211,46568
32212,46566
32213,46565
32214,46564
32215,46562
32216,46561
32217,46559
32218,46558
32219,46556
32220,46555
32221,46553
32222,46552
32223,46551
32224,46549
32225,46548
32226,46546
32227,46545
32228,46543
32229,46542
32230,46540
32231,46539
32232,46538
32233,46536
32234,46535
32235,46533
32236,46532
32237,46530
32238,46529
32239,46527
32240,46526
32241,46525
32242,46523
32243,46522
32244,46520
32245,46519
32246,46517
32247,46516
32248,46515
32249,46513
32250,46512
32251,46510
32252,46509
32253,46507
32254,46506
32255,46504
32256,46503
32257,46502
32258,46500
32259,46499
32260,46497
32261,46496
32262,46494
32263,46493
32264,46491
32265,46490
32266,46489
32267,46487
32268,46486
32269,46484
32270,46483
32271,46481
32272,46480
32273,46478
32274,46477
32275,46476
32276,46474
32277,46473
32278,46471
32279,46470
32280,46468
32281,46467
32282,46466
32283,46464
32284,46463
32285,46461
32286,46460
32287,46458
32288,46457
32289,46455
32290,46454
32291,46453
32292,46451
32293,46450
32294,46448
32295,46447
32296,46445
32297,46444
32298,46443
32299,46441
32300,46440
32301,46438
32302,46437
32303,46435
32304,46434
32305,46432
32306,46431
32307,46430
32308,46428
32309,46427
32310,46425
32311,46424
32312,46422
32313,46421
32314,46420
32315,46418
32316,46417
32317,46415
32318,46414
32319,46412
32320,46411
32321,46409
32322,46408
32323,46407
32324,46405
32325,46404
32326,46402
32327,46401
32328,46399
32329,46398
32330,46397
32331,46395
32332,46394
32333,46392
32334,46391
32335,46389
32336,46388
32337,46386
32338,46385
32339,46384
32340,46382
32341,46381
32342,46379
32343,46378
32344,46376
32345,46375
32346,46374
32347,46372
32348,46371
32349,46369
32350,46368
32351,46366
32352,46365
32353,46364
32354,46362
32355,46361
32356,46359
32357,46358
32358,46356
32359,46355
32360,46354
32361,46352
32362,46351
32363,46349
32364,46348
32365,46346
32366,46345
32367,46343
32368,46342
32369,46341
32370,46339
32371,46338
32372,46336
32373,46335
32374,46333
32375,46332
32376,46331
32377,46329
32378,46328
32379,46326
32380,46325
32381,46323
32382,46322
32383,46321
32384,46319
32385,46318
32386,46316
32387,46315
32388,46313
32389,46312
32390,46311
32391,46309
32392,46308
32393,46306
32394,46305
32395,46303
32396,46302
32397,46301
32398,46299
32399,46298
32400,46296
32401,46295
32402,46293
32403,46292
32404,46291
32405,46289
32406,46288
32407,46286
32408,46285
32409,46283
32410,46282
32411,46281
32412,46279
32413,46278
32414,46276
32415,46275
32416,46273
32417,46272
32418,46271
32419,46269
32420,46268
32421,46266
32422,46265
32423,46263
32424,46262
32425,46261
32426,46259
32427,46258
32428,46256
32429,46255
32430,46253
32431,46252
32432,46251
32433,46249
32434,46248
32435,46246
32436,46245
32437,46243
32438,46242
32439,46241
32440,46239
32441,46238
32442,46236
32443,46235
32444,46234
32445,46232
32446,46231
32447,46229
32448,46228
32449,46226
32450,46225
32451,46224
32452,46222
32453,46221
32454,46219
32455,46218
32456,46216
32457,46215
32458,46214
32459,46212
32460,46211
32461,46209
32462,46208
32463,46206
32464,46205
32465,46204
32466,46202
32467,46201
32468,46199
32469,46198
32470,46196
32471,46195
32472,46194
32473,46192
32474,46191
32475,46189
32476,46188
32477,46187
32478,46185
32479,46184
32480,46182
32481,46181
32482,46179
32483,46178
32484,46177
32485,46175
32486,46174
32487,46172
32488,46171
32489,46169
32490,46168
32491,46167
32492,46165
32493,46164
32494,46162
32495,46161
32496,46160
32497,46158
32498,46157
32499,46155
32500,46154
32501,46152
32502,46151
32503,46150
32504,46148
32505,46147
32506,46145
32507,46144
32508,46142
32509,46141
32510,46140
32511,46138
32512,46137
32513,46135
32514,46134
32515,46133
32516,46131
32517,46130
32518,46128
32519,46127
32520,46125
32521,46124
32522,46123
32523,46121
32524,46120
32525,46118
32526,46117
32527,46116
32528,46114
32529,46113
32530,46111
32531,46110
32532,46108
32533,46107
32534,46106
32535,46104
32536,46103
32537,46101
32538,46100
32539,46099
32540,46097
32541,46096
32542,46094
32543,46093
32544,46091
32545,46090
32546,46089
32547,46087
32548,46086
32549,46084
32550,46083
32551,46082
32552,46080
32553,46079
32554,46077
32555,46076
32556,46074
32557,46073
32558,46072
32559,46070
32560,46069
32561,46067
32562,46066
32563,46065
32564,46063
32565,46062
32566,46060
32567,46059
32568,46057
32569,46056
32570,46055
32571,46053
32572,46052
32573,46050
32574,46049
32575,46048
32576,46046
32577,46045
32578,46043
32579,46042
32580,46041
32581,46039
32582,46038
32583,46036
32584,46035
32585,46033
32586,46032
32587,46031
32588,46029
32589,46028
32590,46026
32591,46025
32592,46024
32593,46022
32594,46021
32595,46019
32596,46018
32597,46017
32598,46015
32599,46014
32600,46012
32601,46011
32602,46009
32603,46008
32604,46007
32605,46005
32606,46004
32607,46002
32608,46001
32609,46000
32610,45998
32611,45997
32612,45995
32613,45994
32614,45993
32615,45991
32616,45990
32617,45988
32618,45987
32619,45985
32620,45984
32621,45983
32622,45981
32623,45980
32624,45978
32625,45977
32626,45976
32627,45974
32628,45973
32629,45971
32630,45970
32631,45969
32632,45967
32633,45966
32634,45964
32635,45963
32636,45962
32637,45960
32638,45959
32639,45957
32640,45956
32641,45954
32642,45953
32643,45952
32644,45950
32645,45949
32646,45947
32647,45946
32648,45945
32649,45943
32650,45942
32651,45940
32652,45939
32653,45938
32654,45936
32655,45935
32656,45933
32657,45932
32658,45931
32659,45929
32660,45928
32661,45926
32662,45925
32663,45924
32664,45922
32665,45921
32666,45919
32667,45918
32668,45916
32669,45915
32670,45914
32671,45912
32672,45911
32673,45909
32674,45908
32675,45907
32676,45905
32677,45904
32678,45902
32679,45901
32680,45900
32681,45898
32682,45897
32683,45895
32684,45894
32685,45893
32686,45891
32687,45890
32688,45888
32689,45887
32690,45886
32691,45884
32692,45883
32693,45881
32694,45880
32695,45879
32696,45877
32697,45876
32698,45874
32699,45873
32700,45872
32701,45870
32702,45869
32703,45867
32704,45866
32705,45865
32706,45863
32707,45862
32708,45860
32709,45859
32710,45858
32711,45856
32712,45855
32713,45853
32714,45852
32715,45851
32716,45849
32717,45848
32718,45846
32719,45845
32720,45844
32721,45842
32722,45841
32723,45839
32724,45838
32725,45837
32726,45835
32727,45834
32728,45832
32729,45831
32730,45830
32731,45828
32732,45827
32733,45825
32734,45824
32735,45823
32736,45821
32737,45820
32738,45818
32739,45817
32740,45816
32741,45814
32742,45813
32743,45811
32744,45810
32745,45809
32746,45807
32747,45806
32748,45804
32749,45803
32750,45802
32751,45800
32752,45799
32753,45797
32754,45796
32755,45795
32756,45793
32757,45792
32758,45790
32759,45789
32760,45788
32761,45786
32762,45785
32763,45783
32764,45782
32765,45781
32766,45779
32767,45778
32768,45776
32769,45775
32770,45774
32771,45772
32772,45771
32773,45769
32774,45768
32775,45767
32776,45765
32777,45764
32778,45762
32779,45761
32780,45760
32781,45758
32782,45757
32783,45755
32784,45754
32785,45753
32786,45751
32787,45750
32788,45748
32789,45747
32790,45746
32791,45744
32792,45743
32793,45741
32794,45740
32795,45739
32796,45737
32797,45736
32798,45734
32799,45733
32800,45732
32801,45730
32802,45729
32803,45728
32804,45726
32805,45725
32806,45723
32807,45722
32808,45721
32809,45719
32810,45718
32811,45716
32812,45715
32813,45714
32814,45712
32815,45711
32816,45709
32817,45708
32818,45707
32819,45705
32820,45704
32821,45702
32822,45701
32823,45700
32824,45698
32825,45697
32826,45695
32827,45694
32828,45693
32829,45691
32830,45690
32831,45689
32832,45687
32833,45686
32834,45684
32835,45683
32836,45682
32837,45680
32838,45679
32839,45677
32840,45676
32841,45675
32842,45673
32843,45672
32844,45670
32845,45669
32846,45668
32847,45666
32848,45665
32849,45663
32850,45662
32851,45661
32852,45659
32853,45658
32854,45657
32855,45655
32856,45654
32857,45652
32858,45651
32859,45650
32860,45648
32861,45647
32862,45645
32863,45644
32864,45643
32865,45641
32866,45640
32867,45638
32868,45637
32869,45636
32870,45634
32871,45633
32872,45632
32873,45630
32874,45629
32875,45627
32876,45626
32877,45625
32878,45623
32879,45622
32880,45620
32881,45619
32882,45618
32883,45616
32884,45615
32885,45614
32886,45612
32887,45611
32888,45609
32889,45608
32890,45607
32891,45605
32892,45604
32893,45602
32894,45601
32895,45600
32896,45598
32897,45597
32898,45595
32899,45594
32900,45593
32901,45591
32902,45590
32903,45589
32904,45587
32905,45586
32906,45584
32907,45583
32908,45582
32909,45580
32910,45579
32911,45577
32912,45576
32913,45575
32914,45573
32915,45572
32916,45571
32917,45569
32918,45568
32919,45566
32920,45565
32921,45564
32922,45562
32923,45561
32924,45559
32925,45558
32926,45557
32927,45555
32928,45554
32929,45553
32930,45551
32931,45550
32932,45548
32933,45547
32934,45546
32935,45544
32936,45543
32937,45541
32938,45540
32939,45539
32940,45537
32941,45536
32942,45535
32943,45533
32944,45532
32945,45530
32946,45529
32947,45528
32948,45526
32949,45525
32950,45524
32951,45522
32952,45521
32953,45519
32954,45518
32955,45517
32956,45515
32957,45514
32958,45512
32959,45511
32960,45510
32961,45508
32962,45507
32963,45506
32964,45504
32965,45503
32966,45501
32967,45500
32968,45499
32969,45497
32970,45496
32971,45495
32972,45493
32973,45492
32974,45490
32975,45489
32976,45488
32977,45486
32978,45485
32979,45483
32980,45482
32981,45481
32982,45479
32983,45478
32984,45477
32985,45475
32986,45474
32987,45472
32988,45471
32989,45470
32990,45468
32991,45467
32992,45466
32993,45464
32994,45463
32995,45461
32996,45460
32997,45459
32998,45457
32999,45456
33000,45455
33001,45453
33002,45452
33003,45450
33004,45449
33005,45448
33006,45446
33007,45445
33008,45444
33009,45442
33010,45441
33011,45439
33012,45438
33013,45437
33014,45435
33015,45434
33016,45433
33017,45431
33018,45430
33019,45428
33020,45427
33021,45426
33022,45424
33023,45423
33024,45422
33025,45420
33026,45419
33027,45417
33028,45416
33029,45415
33030,45413
33031,45412
33032,45411
33033,45409
33034,45408
33035,45406
33036,45405
33037,45404
33038,45402
33039,45401
33040,45400
33041,45398
33042,45397
33043,45395
33044,45394
33045,45393
33046,45391
33047,45390
33048,45389
33049,45387
33050,45386
33051,45384
33052,45383
33053,45382
33054,45380
33055,45379
33056,45378
33057,45376
33058,45375
33059,45373
33060,45372
33061,45371
33062,45369
33063,45368
33064,45367
33065,45365
33066,45364
33067,45362
33068,45361
33069,45360
33070,45358
33071,45357
33072,45356
33073,45354
33074,45353
33075,45351
33076,45350
33077,45349
33078,45347
33079,45346
33080,45345
33081,45343
33082,45342
33083,45341
33084,45339
33085,45338
33086,45336
33087,45335
33088,45334
33089,45332
33090,45331
33091,45330
33092,45328
33093,45327
33094,45325
33095,45324
33096,45323
33097,45321
33098,45320
33099,45319
33100,45317
33101,45316
33102,45314
33103,45313
33104,45312
33105,45310
33106,45309
33107,45308
33108,45306
33109,45305
33110,45304
33111,45302
33112,45301
33113,45299
33114,45298
33115,45297
33116,45295
33117,45294
33118,45293
33119,45291
33120,45290
33121,45288
33122,45287
33123,45286
33124,45284
33125,45283
33126,45282
33127,45280
33128,45279
33129,45278
33130,45276
33131,45275
33132,45273
33133,45272
33134,45271
33135,45269
33136,45268
33137,45267
33138,45265
33139,45264
33140,45263
33141,45261
33142,45260
33143,45258
33144,45257
33145,45256
33146,45254
33147,45253
33148,45252
33149,45250
33150,45249
33151,45248
33152,45246
33153,45245
33154,45243
33155,45242
33156,45241
33157,45239
33158,45238
33159,45237
33160,45235
33161,45234
33162,45232
33163,45231
33164,45230
33165,45228
33166,45227
33167,45226
33168,45224
33169,45223
33170,45222
33171,45220
33172,45219
33173,45217
33174,45216
33175,45215
33176,45213
33177,45212
33178,45211
33179,45209
33180,45208
33181,45207
33182,45205
33183,45204
33184,45203
33185,45201
33186,45200
33187,45198
33188,45197
33189,45196
33190,45194
33191,45193
33192,45192
33193,45190
33194,45189
33195,45188
33196,45186
33197,45185
33198,45183
33199,45182
33200,45181
33201,45179
33202,45178
33203,45177
33204,45175
33205,45174
33206,45173
33207,45171
33208,45170
33209,45168
33210,45167
33211,45166
33212,45164
33213,45163
33214,45162
33215,45160
33216,45159
33217,45158
33218,45156
33219,45155
33220,45154
33221,45152
33222,45151
33223,45149
33224,45148
33225,45147
33226,45145
33227,45144
33228,45143
33229,45141
33230,45140
33231,45139
33232,45137
33233,45136
33234,45135
33235,45133
33236,45132
33237,45130
33238,45129
33239,45128
33240,45126
33241,45125
33242,45124
33243,45122
33244,45121
33245,45120
33246,45118
33247,45117
33248,45115
33249,45114
33250,45113
33251,45111
33252,45110
33253,45109
33254,45107
33255,45106
33256,45105
33257,45103
33258,45102
33259,45101
33260,45099
33261,45098
33262,45097
33263,45095
33264,45094
33265,45092
33266,45091
33267,45090
33268,45088
33269,45087
33270,45086
33271,45084
33272,45083
33273,45082
33274,45080
33275,45079
33276,45078
33277,45076
33278,45075
33279,45073
33280,45072
33281,45071
33282,45069
33283,45068
33284,45067
33285,45065
33286,45064
33287,45063
33288,45061
33289,45060
33290,45059
33291,45057
33292,45056
33293,45055
33294,45053
33295,45052
33296,45050
33297,45049
33298,45048
33299,45046
33300,45045
33301,45044
33302,45042
33303,45041
33304,45040
33305,45038
33306,45037
33307,45036
33308,45034
33309,45033
33310,45032
33311,45030
33312,45029
33313,45027
33314,45026
33315,45025
33316,45023
33317,45022
33318,45021
33319,45019
33320,45018
33321,45017
33322,45015
33323,45014
33324,45013
33325,45011
33326,45010
33327,45009
33328,45007
33329,45006
33330,45005
33331,45003
33332,45002
33333,45000
33334,44999
33335,44998
33336,44996
33337,44995
33338,44994
33339,44992
33340,44991
33341,44990
33342,44988
33343,44987
33344,44986
33345,44984
33346,44983
33347,44982
33348,44980
33349,44979
33350,44978
33351,44976
33352,44975
33353,44973
33354,44972
33355,44971
33356,44969
33357,44968
33358,44967
33359,44965
33360,44964
33361,44963
33362,44961
33363,44960
33364,44959
33365,44957
33366,44956
33367,44955
33368,44953
33369,44952
33370,44951
33371,44949
33372,44948
33373,44947
33374,44945
33375,44944
33376,44942
33377,44941
33378,44940
33379,44938
33380,44937
33381,44936
33382,44934
33383,44933
33384,44932
33385,44930
33386,44929
33387,44928
33388,44926
33389,44925
33390,44924
33391,44922
33392,44921
33393,44920
33394,44918
33395,44917
33396,44916
33397,44914
33398,44913
33399,44912
33400,44910
33401,44909
33402,44907
33403,44906
33404,44905
33405,44903
33406,44902
33407,44901
33408,44899
33409,44898
33410,44897
33411,44895
33412,44894
33413,44893
33414,44891
33415,44890
33416,44889
33417,44887
33418,44886
33419,44885
33420,44883
33421,44882
33422,44881
33423,44879
33424,44878
33425,44877
33426,44875
33427,44874
33428,44873
33429,44871
33430,44870
33431,44869
33432,44867
33433,44866
33434,44865
33435,44863
33436,44862
33437,44860
33438,44859
33439,44858
33440,44856
33441,44855
33442,44854
33443,44852
33444,44851
33445,44850
33446,44848
33447,44847
33448,44846
33449,44844
33450,44843
33451,44842
33452,44840
33453,44839
33454,44838
33455,44836
33456,44835
33457,44834
33458,44832
33459,44831
33460,44830
33461,44828
33462,44827
33463,44826
33464,44824
33465,44823
33466,44822
33467,44820
33468,44819
33469,44818
33470,44816
33471,44815
33472,44814
33473,44812
33474,44811
33475,44810
33476,44808
33477,44807
33478,44806
33479,44804
33480,44803
33481,44802
33482,44800
33483,44799
33484,44798
33485,44796
33486,44795
33487,44794
33488,44792
33489,44791
33490,44789
33491,44788
33492,44787
33493,44785
33494,44784
33495,44783
33496,44781
33497,44780
33498,44779
33499,44777
33500,44776
33501,44775
33502,44773
33503,44772
33504,44771
33505,44769
33506,44768
33507,44767
33508,44765
33509,44764
33510,44763
33511,44761
33512,44760
33513,44759
33514,44757
33515,44756
33516,44755
33517,44753
33518,44752
33519,44751
33520,44749
33521,44748
33522,44747
33523,44745
33524,44744
33525,44743
33526,44741
33527,44740
33528,44739
33529,44737
33530,44736
33531,44735
33532,44733
33533,44732
33534,44731
33535,44729
33536,44728
33537,44727
33538,44725
33539,44724
33540,44723
33541,44721
33542,44720
33543,44719
33544,44717
33545,44716
33546,44715
33547,44713
33548,44712
33549,44711
33550,44709
33551,44708
33552,44707
33553,44705
33554,44704
33555,44703
33556,44701
33557,44700
33558,44699
33559,44697
33560,44696
33561,44695
33562,44693
33563,44692
33564,44691
33565,44689
33566,44688
33567,44687
33568,44685
33569,44684
33570,44683
33571,44681
33572,44680
33573,44679
33574,44677
33575,44676
33576,44675
33577,44673
33578,44672
33579,44671
33580,44669
33581,44668
33582,44667
33583,44665
33584,44664
33585,44663
33586,44661
33587,44660
33588,44659
33589,44657
33590,44656
33591,44655
33592,44653
33593,44652
33594,44651
33595,44650
33596,44648
33597,44647
33598,44646
33599,44644
33600,44643
33601,44642
33602,44640
33603,44639
33604,44638
33605,44636
33606,44635
33607,44634
33608,44632
33609,44631
33610,44630
33611,44628
33612,44627
33613,44626
33614,44624
33615,44623
33616,44622
33617,44620
33618,44619
33619,44618
33620,44616
33621,44615
33622,44614
33623,44612
33624,44611
33625,44610
33626,44608
33627,44607
33628,44606
33629,44604
33630,44603
33631,44602
33632,44600
33633,44599
33634,44598
33635,44596
33636,44595
33637,44594
33638,44592
33639,44591
33640,44590
33641,44588
33642,44587
33643,44586
33644,44584
33645,44583
33646,44582
33647,44580
33648,44579
33649,44578
33650,44577
33651,44575
33652,44574
33653,44573
33654,44571
33655,44570
33656,44569
33657,44567
33658,44566
33659,44565
33660,44563
33661,44562
33662,44561
33663,44559
33664,44558
33665,44557
33666,44555
33667,44554
33668,44553
33669,44551
33670,44550
33671,44549
33672,44547
33673,44546
33674,44545
33675,44543
33676,44542
33677,44541
33678,44539
33679,44538
33680,44537
33681,44535
33682,44534
33683,44533
33684,44532
33685,44530
33686,44529
33687,44528
33688,44526
33689,44525
33690,44524
33691,44522
33692,44521
33693,44520
33694,44518
33695,44517
33696,44516
33697,44514
33698,44513
33699,44512
33700,44510
33701,44509
33702,44508
33703,44506
33704,44505
33705,44504
33706,44502
33707,44501
33708,44500
33709,44499
33710,44497
33711,44496
33712,44495
33713,44493
33714,44492
33715,44491
33716,44489
33717,44488
33718,44487
33719,44485
33720,44484
33721,44483
33722,44481
33723,44480
33724,44479
33725,44477
33726,44476
33727,44475
33728,44473
33729,44472
33730,44471
33731,44469
33732,44468
33733,44467
33734,44466
33735,44464
33736,44463
33737,44462
33738,44460
33739,44459
33740,44458
33741,44456
33742,44455
33743,44454
33744,44452
33745,44451
33746,44450
33747,44448
33748,44447
33749,44446
33750,44444
33751,44443
33752,44442
33753,44440
33754,44439
33755,44438
33756,44437
33757,44435
33758,44434
33759,44433
33760,44431
33761,44430
33762,44429
33763,44427
33764,44426
33765,44425
33766,44423
33767,44422
33768,44421
33769,44419
33770,44418
33771,44417
33772,44415
33773,44414
33774,44413
33775,44412
33776,44410
33777,44409
33778,44408
33779,44406
33780,44405
33781,44404
33782,44402
33783,44401
33784,44400
33785,44398
33786,44397
33787,44396
33788,44394
33789,44393
33790,44392
33791,44391
33792,44389
33793,44388
33794,44387
33795,44385
33796,44384
33797,44383
33798,44381
33799,44380
33800,44379
33801,44377
33802,44376
33803,44375
33804,44373
33805,44372
33806,44371
33807,44370
33808,44368
33809,44367
33810,44366
33811,44364
33812,44363
33813,44362
33814,44360
33815,44359
33816,44358
33817,44356
33818,44355
33819,44354
33820,44352
33821,44351
33822,44350
33823,44349
33824,44347
33825,44346
33826,44345
33827,44343
33828,44342
33829,44341
33830,44339
33831,44338
33832,44337
33833,44335
33834,44334
33835,44333
33836,44331
33837,44330
33838,44329
33839,44328
33840,44326
33841,44325
33842,44324
33843,44322
33844,44321
33845,44320
33846,44318
33847,44317
33848,44316
33849,44314
33850,44313
33851,44312
33852,44311
33853,44309
33854,44308
33855,44307
33856,44305
33857,44304
33858,44303
33859,44301
33860,44300
33861,44299
33862,44297
33863,44296
33864,44295
33865,44294
33866,44292
33867,44291
33868,44290
33869,44288
33870,44287
33871,44286
33872,44284
33873,44283
33874,44282
33875,44280
33876,44279
33877,44278
33878,44277
33879,44275
33880,44274
33881,44273
33882,44271
33883,44270
33884,44269
33885,44267
33886,44266
33887,44265
33888,44263
33889,44262
33890,44261
33891,44260
33892,44258
33893,44257
33894,44256
33895,44254
33896,44253
33897,44252
33898,44250
33899,44249
33900,44248
33901,44246
33902,44245
33903,44244
33904,44243
33905,44241
33906,44240
33907,44239
33908,44237
33909,44236
33910,44235
33911,44233
33912,44232
33913,44231
33914,44230
33915,44228
33916,44227
33917,44226
33918,44224
33919,44223
33920,44222
33921,44220
33922,44219
33923,44218
33924,44216
33925,44215
33926,44214
33927,44213
33928,44211
33929,44210
33930,44209
33931,44207
33932,44206
33933,44205
33934,44203
33935,44202
33936,44201
33937,44200
33938,44198
33939,44197
33940,44196
33941,44194
33942,44193
33943,44192
33944,44190
33945,44189
33946,44188
33947,44187
33948,44185
33949,44184
33950,44183
33951,44181
33952,44180
33953,44179
33954,44177
33955,44176
33956,44175
33957,44174
33958,44172
33959,44171
33960,44170
33961,44168
33962,44167
33963,44166
33964,44164
33965,44163
33966,44162
33967,44161
33968,44159
33969,44158
33970,44157
33971,44155
33972,44154
33973,44153
33974,44151
33975,44150
33976,44149
33977,44148
33978,44146
33979,44145
33980,44144
33981,44142
33982,44141
33983,44140
33984,44138
33985,44137
33986,44136
33987,44135
33988,44133
33989,44132
33990,44131
33991,44129
33992,44128
33993,44127
33994,44125
33995,44124
33996,44123
33997,44122
33998,44120
33999,44119
34000,44118
34001,44116
34002,44115
34003,44114
34004,44112
34005,44111
34006,44110
34007,44109
34008,44107
34009,44106
34010,44105
34011,44103
34012,44102
34013,44101
34014,44099
34015,44098
34016,44097
34017,44096
34018,44094
34019,44093
34020,44092
34021,44090
34022,44089
34023,44088
34024,44087
34025,44085
34026,44084
34027,44083
34028,44081
34029,44080
34030,44079
34031,44077
34032,44076
34033,44075
34034,44074
34035,44072
34036,44071
34037,44070
34038,44068
34039,44067
34040,44066
34041,44065
34042,44063
34043,44062
34044,44061
34045,44059
34046,44058
34047,44057
34048,44055
34049,44054
34050,44053
34051,44052
34052,44050
34053,44049
34054,44048
34055,44046
34056,44045
34057,44044
34058,44043
34059,44041
34060,44040
34061,44039
34062,44037
34063,44036
34064,44035
34065,44033
34066,44032
34067,44031
34068,44030
34069,44028
34070,44027
34071,44026
34072,44024
34073,44023
34074,44022
34075,44021
34076,44019
34077,44018
34078,44017
34079,44015
34080,44014
34081,44013
34082,44012
34083,44010
34084,44009
34085,44008
34086,44006
34087,44005
34088,44004
34089,44002
34090,44001
34091,44000
34092,43999
34093,43997
34094,43996
34095,43995
34096,43993
34097,43992
34098,43991
34099,43990
34100,43988
34101,43987
34102,43986
34103,43984
34104,43983
34105,43982
34106,43981
34107,43979
34108,43978
34109,43977
34110,43975
34111,43974
34112,43973
34113,43972
34114,43970
34115,43969
34116,43968
34117,43966
34118,43965
34119,43964
34120,43962
34121,43961
34122,43960
34123,43959
34124,43957
34125,43956
34126,43955
34127,43953
34128,43952
34129,43951
34130,43950
34131,43948
34132,43947
34133,43946
34134,43944
34135,43943
34136,43942
34137,43941
34138,43939
34139,43938
34140,43937
34141,43935
34142,43934
34143,43933
34144,43932
34145,43930
34146,43929
34147,43928
34148,43926
34149,43925
34150,43924
34151,43923
34152,43921
34153,43920
34154,43919
34155,43917
34156,43916
34157,43915
34158,43914
34159,43912
34160,43911
34161,43910
34162,43908
34163,43907
34164,43906
34165,43905
34166,43903
34167,43902
34168,43901
34169,43899
34170,43898
34171,43897
34172,43896
34173,43894
34174,43893
34175,43892
34176,43890
34177,43889
34178,43888
34179,43887
34180,43885
34181,43884
34182,43883
34183,43881
34184,43880
34185,43879
34186,43878
34187,43876
34188,43875
34189,43874
34190,43872
34191,43871
34192,43870
34193,43869
34194,43867
34195,43866
34196,43865
34197,43863
34198,43862
34199,43861
34200,43860
34201,43858
34202,43857
34203,43856
34204,43855
34205,43853
34206,43852
34207,43851
34208,43849
34209,43848
34210,43847
34211,43846
34212,43844
34213,43843
34214,43842
34215,43840
34216,43839
34217,43838
34218,43837
34219,43835
34220,43834
34221,43833
34222,43831
34223,43830
34224,43829
34225,43828
34226,43826
34227,43825
34228,43824
34229,43822
34230,43821
34231,43820
34232,43819
34233,43817
34234,43816
34235,43815
34236,43814
34237,43812
34238,43811
34239,43810
34240,43808
34241,43807
34242,43806
34243,43805
34244,43803
34245,43802
34246,43801
34247,43799
34248,43798
34249,43797
34250,43796
34251,43794
34252,43793
34253,43792
34254,43791
34255,43789
34256,43788
34257,43787
34258,43785
34259,43784
34260,43783
34261,43782
34262,43780
34263,43779
34264,43778
34265,43776
34266,43775
34267,43774
34268,43773
34269,43771
34270,43770
34271,43769
34272,43768
34273,43766
34274,43765
34275,43764
34276,43762
34277,43761
34278,43760
34279,43759
34280,43757
34281,43756
34282,43755
34283,43753
34284,43752
34285,43751
34286,43750
34287,43748
34288,43747
34289,43746
34290,43745
34291,43743
34292,43742
34293,43741
34294,43739
34295,43738
34296,43737
34297,43736
34298,43734
34299,43733
34300,43732
34301,43731
34302,43729
34303,43728
34304,43727
34305,43725
34306,43724
34307,43723
34308,43722
34309,43720
34310,43719
34311,43718
34312,43716
34313,43715
34314,43714
34315,43713
34316,43711
34317,43710
34318,43709
34319,43708
34320,43706
34321,43705
34322,43704
34323,43702
34324,43701
34325,43700
34326,43699
34327,43697
34328,43696
34329,43695
34330,43694
34331,43692
34332,43691
34333,43690
34334,43688
34335,43687
34336,43686
34337,43685
34338,43683
34339,43682
34340,43681
34341,43680
34342,43678
34343,43677
34344,43676
34345,43674
34346,43673
34347,43672
34348,43671
34349,43669
34350,43668
34351,43667
34352,43666
34353,43664
34354,43663
34355,43662
34356,43660
34357,43659
34358,43658
34359,43657
34360,43655
34361,43654
34362,43653
34363,43652
34364,43650
34365,43649
34366,43648
34367,43647
34368,43645
34369,43644
34370,43643
34371,43641
34372,43640
34373,43639
34374,43638
34375,43636
34376,43635
34377,43634
34378,43633
34379,43631
34380,43630
34381,43629
34382,43627
34383,43626
34384,43625
34385,43624
34386,43622
34387,43621
34388,43620
34389,43619
34390,43617
34391,43616
34392,43615
34393,43614
34394,43612
34395,43611
34396,43610
34397,43608
34398,43607
34399,43606
34400,43605
34401,43603
34402,43602
34403,43601
34404,43600
34405,43598
34406,43597
34407,43596
34408,43595
34409,43593
34410,43592
34411,43591
34412,43589
34413,43588
34414,43587
34415,43586
34416,43584
34417,43583
34418,43582
34419,43581
34420,43579
34421,43578
34422,43577
34423,43576
34424,43574
34425,43573
34426,43572
34427,43570
34428,43569
34429,43568
34430,43567
34431,43565
34432,43564
34433,43563
34434,43562
34435,43560
34436,43559
34437,43558
34438,43557
34439,43555
34440,43554
34441,43553
34442,43551
34443,43550
34444,43549
34445,43548
34446,43546
34447,43545
34448,43544
34449,43543
34450,43541
34451,43540
34452,43539
34453,43538
34454,43536
34455,43535
34456,43534
34457,43533
34458,43531
34459,43530
34460,43529
34461,43527
34462,43526
34463,43525
34464,43524
34465,43522
34466,43521
34467,43520
34468,43519
34469,43517
34470,43516
34471,43515
34472,43514
34473,43512
34474,43511
34475,43510
34476,43509
34477,43507
34478,43506
34479,43505
34480,43503
34481,43502
34482,43501
34483,43500
34484,43498
34485,43497
34486,43496
34487,43495
34488,43493
34489,43492
34490,43491
34491,43490
34492,43488
34493,43487
34494,43486
34495,43485
34496,43483
34497,43482
34498,43481
34499,43480
34500,43478
34501,43477
34502,43476
34503,43474
34504,43473
34505,43472
34506,43471
34507,43469
34508,43468
34509,43467
34510,43466
34511,43464
34512,43463
34513,43462
34514,43461
34515,43459
34516,43458
34517,43457
34518,43456
34519,43454
34520,43453
34521,43452
34522,43451
34523,43449
34524,43448
34525,43447
34526,43446
34527,43444
34528,43443
34529,43442
34530,43440
34531,43439
34532,43438
34533,43437
34534,43435
34535,43434
34536,43433
34537,43432
34538,43430
34539,43429
34540,43428
34541,43427
34542,43425
34543,43424
34544,43423
34545,43422
34546,43420
34547,43419
34548,43418
34549,43417
34550,43415
34551,43414
34552,43413
34553,43412
34554,43410
34555,43409
34556,43408
34557,43407
34558,43405
34559,43404
34560,43403
34561,43402
34562,43400
34563,43399
34564,43398
34565,43396
34566,43395
34567,43394
34568,43393
34569,43391
34570,43390
34571,43389
34572,43388
34573,43386
34574,43385
34575,43384
34576,43383
34577,43381
34578,43380
34579,43379
34580,43378
34581,43376
34582,43375
34583,43374
34584,43373
34585,43371
34586,43370
34587,43369
34588,43368
34589,43366
34590,43365
34591,43364
34592,43363
34593,43361
34594,43360
34595,43359
34596,43358
34597,43356
34598,43355
34599,43354
34600,43353
34601,43351
34602,43350
34603,43349
34604,43348
34605,43346
34606,43345
34607,43344
34608,43343
34609,43341
34610,43340
34611,43339
34612,43338
34613,43336
34614,43335
34615,43334
34616,43333
34617,43331
34618,43330
34619,43329
34620,43328
34621,43326
34622,43325
34623,43324
34624,43323
34625,43321
34626,43320
34627,43319
34628,43318
34629,43316
34630,43315
34631,43314
34632,43313
34633,43311
34634,43310
34635,43309
34636,43308
34637,43306
34638,43305
34639,43304
34640,43303
34641,43301
34642,43300
34643,43299
34644,43298
34645,43296
34646,43295
34647,43294
34648,43293
34649,43291
34650,43290
34651,43289
34652,43288
34653,43286
34654,43285
34655,43284
34656,43283
34657,43281
34658,43280
34659,43279
34660,43278
34661,43276
34662,43275
34663,43274
34664,43273
34665,43271
34666,43270
34667,43269
34668,43268
34669,43266
34670,43265
34671,43264
34672,43263
34673,43261
34674,43260
34675,43259
34676,43258
34677,43256
34678,43255
34679,43254
34680,43253
34681,43251
34682,43250
34683,43249
34684,43248
34685,43246
34686,43245
34687,43244
34688,43243
34689,43241
34690,43240
34691,43239
34692,43238
34693,43236
34694,43235
34695,43234
34696,43233
34697,43231
34698,43230
34699,43229
34700,43228
34701,43226
34702,43225
34703,43224
34704,43223
34705,43221
34706,43220
34707,43219
34708,43218
34709,43216
34710,43215
34711,43214
34712,43213
34713,43211
34714,43210
34715,43209
34716,43208
34717,43206
34718,43205
34719,43204
34720,43203
34721,43202
34722,43200
34723,43199
34724,43198
34725,43197
34726,43195
34727,43194
34728,43193
34729,43192
34730,43190
34731,43189
34732,43188
34733,43187
34734,43185
34735,43184
34736,43183
34737,43182
34738,43180
34739,43179
34740,43178
34741,43177
34742,43175
34743,43174
34744,43173
34745,43172
34746,43170
34747,43169
34748,43168
34749,43167
34750,43165
34751,43164
34752,43163
34753,43162
34754,43160
34755,43159
34756,43158
34757,43157
34758,43156
34759,43154
34760,43153
34761,43152
34762,43151
34763,43149
34764,43148
34765,43147
34766,43146
34767,43144
34768,43143
34769,43142
34770,43141
34771,43139
34772,43138
34773,43137
34774,43136
34775,43134
34776,43133
34777,43132
34778,43131
34779,43129
34780,43128
34781,43127
34782,43126
34783,43125
34784,43123
34785,43122
34786,43121
34787,43120
34788,43118
34789,43117
34790,43116
34791,43115
34792,43113
34793,43112
34794,43111
34795,43110
34796,43108
34797,43107
34798,43106
34799,43105
34800,43103
34801,43102
34802,43101
34803,43100
34804,43098
34805,43097
34806,43096
34807,43095
34808,43094
34809,43092
34810,43091
34811,43090
34812,43089
34813,43087
34814,43086
34815,43085
34816,43084
34817,43082
34818,43081
34819,43080
34820,43079
34821,43077
34822,43076
34823,43075
34824,43074
34825,43073
34826,43071
34827,43070
34828,43069
34829,43068
34830,43066
34831,43065
34832,43064
34833,43063
34834,43061
34835,43060
34836,43059
34837,43058
34838,43056
34839,43055
34840,43054
34841,43053
34842,43051
34843,43050
34844,43049
34845,43048
34846,43047
34847,43045
34848,43044
34849,43043
34850,43042
34851,43040
34852,43039
34853,43038
34854,43037
34855,43035
34856,43034
34857,43033
34858,43032
34859,43030
34860,43029
34861,43028
34862,43027
34863,43026
34864,43024
34865,43023
34866,43022
34867,43021
34868,43019
34869,43018
34870,43017
34871,43016
34872,43014
34873,43013
34874,43012
34875,43011
34876,43010
34877,43008
34878,43007
34879,43006
34880,43005
34881,43003
34882,43002
34883,43001
34884,43000
34885,42998
34886,42997
34887,42996
34888,42995
34889,42993
34890,42992
34891,42991
34892,42990
34893,42989
34894,42987
34895,42986
34896,42985
34897,42984
34898,42982
34899,42981
34900,42980
34901,42979
34902,42977
34903,42976
34904,42975
34905,42974
34906,42973
34907,42971
34908,42970
34909,42969
34910,42968
34911,42966
34912,42965
34913,42964
34914,42963
34915,42961
34916,42960
34917,42959
34918,42958
34919,42957
34920,42955
34921,42954
34922,42953
34923,42952
34924,42950
34925,42949
34926,42948
34927,42947
34928,42945
34929,42944
34930,42943
34931,42942
34932,42941
34933,42939
34934,42938
34935,42937
34936,42936
34937,42934
34938,42933
34939,42932
34940,42931
34941,42930
34942,42928
34943,42927
34944,42926
34945,42925
34946,42923
34947,42922
34948,42921
34949,42920
34950,42918
34951,42917
34952,42916
34953,42915
34954,42914
34955,42912
34956,42911
34957,42910
34958,42909
34959,42907
34960,42906
34961,42905
34962,42904
34963,42902
34964,42901
34965,42900
34966,42899
34967,42898
34968,42896
34969,42895
34970,42894
34971,42893
34972,42891
34973,42890
34974,42889
34975,42888
34976,42887
34977,42885
34978,42884
34979,42883
34980,42882
34981,42880
34982,42879
34983,42878
34984,42877
34985,42876
34986,42874
34987,42873
34988,42872
34989,42871
34990,42869
34991,42868
34992,42867
34993,42866
34994,42864
34995,42863
34996,42862
34997,42861
34998,42860
34999,42858
35000,42857
35001,42856
35002,42855
35003,42853
35004,42852
35005,42851
35006,42850
35007,42849
35008,42847
35009,42846
35010,42845
35011,42844
35012,42842
35013,42841
35014,42840
35015,42839
35016,42838
35017,42836
35018,42835
35019,42834
35020,42833
35021,42831
35022,42830
35023,42829
35024,42828
35025,42827
35026,42825
35027,42824
35028,42823
35029,42822
35030,42820
35031,42819
35032,42818
35033,42817
35034,42816
35035,42814
35036,42813
35037,42812
35038,42811
35039,42809
35040,42808
35041,42807
35042,42806
35043,42805
35044,42803
35045,42802
35046,42801
35047,42800
35048,42798
35049,42797
35050,42796
35051,42795
35052,42794
35053,42792
35054,42791
35055,42790
35056,42789
35057,42787
35058,42786
35059,42785
35060,42784
35061,42783
35062,42781
35063,42780
35064,42779
35065,42778
35066,42776
35067,42775
35068,42774
35069,42773
35070,42772
35071,42770
35072,42769
35073,42768
35074,42767
35075,42766
35076,42764
35077,42763
35078,42762
35079,42761
35080,42759
35081,42758
35082,42757
35083,42756
35084,42755
35085,42753
35086,42752
35087,42751
35088,42750
35089,42748
35090,42747
35091,42746
35092,42745
35093,42744
35094,42742
35095,42741
35096,42740
35097,42739
35098,42737
35099,42736
35100,42735
35101,42734
35102,42733
35103,42731
35104,42730
35105,42729
35106,42728
35107,42727
35108,42725
35109,42724
35110,42723
35111,42722
35112,42720
35113,42719
35114,42718
35115,42717
35116,42716
35117,42714
35118,42713
35119,42712
35120,42711
35121,42709
35122,42708
35123,42707
35124,42706
35125,42705
35126,42703
35127,42702
35128,42701
35129,42700
35130,42699
35131,42697
35132,42696
35133,42695
35134,42694
35135,42692
35136,42691
35137,42690
35138,42689
35139,42688
35140,42686
35141,42685
35142,42684
35143,42683
35144,42682
35145,42680
35146,42679
35147,42678
35148,42677
35149,42675
35150,42674
35151,42673
35152,42672
35153,42671
35154,42669
35155,42668
35156,42667
35157,42666
35158,42665
35159,42663
35160,42662
35161,42661
35162,42660
35163,42658
35164,42657
35165,42656
35166,42655
35167,42654
35168,42652
35169,42651
35170,42650
35171,42649
35172,42648
35173,42646
35174,42645
35175,42644
35176,42643
35177,42641
35178,42640
35179,42639
35180,42638
35181,42637
35182,42635
35183,42634
35184,42633
35185,42632
35186,42631
35187,42629
35188,42628
35189,42627
35190,42626
35191,42625
35192,42623
35193,42622
35194,42621
35195,42620
35196,42618
35197,42617
35198,42616
35199,42615
35200,42614
35201,42612
35202,42611
35203,42610
35204,42609
35205,42608
35206,42606
35207,42605
35208,42604
35209,42603
35210,42602
35211,42600
35212,42599
35213,42598
35214,42597
35215,42595
35216,42594
35217,42593
35218,42592
35219,42591
35220,42589
35221,42588
35222,42587
35223,42586
35224,42585
35225,42583
35226,42582
35227,42581
35228,42580
35229,42579
35230,42577
35231,42576
35232,42575
35233,42574
35234,42573
35235,42571
35236,42570
35237,42569
35238,42568
35239,42566
35240,42565
35241,42564
35242,42563
35243,42562
35244,42560
35245,42559
35246,42558
35247,42557
35248,42556
35249,42554
35250,42553
35251,42552
35252,42551
35253,42550
35254,42548
35255,42547
35256,42546
35257,42545
35258,42544
35259,42542
35260,42541
35261,42540
35262,42539
35263,42538
35264,42536
35265,42535
35266,42534
35267,42533
35268,42531
35269,42530
35270,42529
35271,42528
35272,42527
35273,42525
35274,42524
35275,42523
35276,42522
35277,42521
35278,42519
35279,42518
35280,42517
35281,42516
35282,42515
35283,42513
35284,42512
35285,42511
35286,42510
35287,42509
35288,42507
35289,42506
35290,42505
35291,42504
35292,42503
35293,42501
35294,42500
35295,42499
35296,42498
35297,42497
35298,42495
35299,42494
35300,42493
35301,42492
35302,42491
35303,42489
35304,42488
35305,42487
35306,42486
35307,42484
35308,42483
35309,42482
35310,42481
35311,42480
35312,42478
35313,42477
35314,42476
35315,42475
35316,42474
35317,42472
35318,42471
35319,42470
35320,42469
35321,42468
35322,42466
35323,42465
35324,42464
35325,42463
35326,42462
35327,42460
35328,42459
35329,42458
35330,42457
35331,42456
35332,42454
35333,42453
35334,42452
35335,42451
35336,42450
35337,42448
35338,42447
35339,42446
35340,42445
35341,42444
35342,42442
35343,42441
35344,42440
35345,42439
35346,42438
35347,42436
35348,42435
35349,42434
35350,42433
35351,42432
35352,42430
35353,42429
35354,42428
35355,42427
35356,42426
35357,42424
35358,42423
35359,42422
35360,42421
35361,42420
35362,42418
35363,42417
35364,42416
35365,42415
35366,42414
35367,42412
35368,42411
35369,42410
35370,42409
35371,42408
35372,42406
35373,42405
35374,42404
35375,42403
35376,42402
35377,42400
35378,42399
35379,42398
35380,42397
35381,42396
35382,42394
35383,42393
35384,42392
35385,42391
35386,42390
35387,42388
35388,42387
35389,42386
35390,42385
35391,42384
35392,42382
35393,42381
35394,42380
35395,42379
35396,42378
35397,42376
35398,42375
35399,42374
35400,42373
35401,42372
35402,42370
35403,42369
35404,42368
35405,42367
35406,42366
35407,42365
35408,42363
35409,42362
35410,42361
35411,42360
35412,42359
35413,42357
35414,42356
35415,42355
35416,42354
35417,42353
35418,42351
35419,42350
35420,42349
35421,42348
35422,42347
35423,42345
35424,42344
35425,42343
35426,42342
35427,42341
35428,42339
35429,42338
35430,42337
35431,42336
35432,42335
35433,42333
35434,42332
35435,42331
35436,42330
35437,42329
35438,42327
35439,42326
35440,42325
35441,42324
35442,42323
35443,42321
35444,42320
35445,42319
35446,42318
35447,42317
35448,42316
35449,42314
35450,42313
35451,42312
35452,42311
35453,42310
35454,42308
35455,42307
35456,42306
35457,42305
35458,42304
35459,42302
35460,42301
35461,42300
35462,42299
35463,42298
35464,42296
35465,42295
35466,42294
35467,42293
35468,42292
35469,42290
35470,42289
35471,42288
35472,42287
35473,42286
35474,42284
35475,42283
35476,42282
35477,42281
35478,42280
35479,42279
35480,42277
35481,42276
35482,42275
35483,42274
35484,42273
35485,42271
35486,42270
35487,42269
35488,42268
35489,42267
35490,42265
35491,42264
35492,42263
35493,42262
35494,42261
35495,42259
35496,42258
35497,42257
35498,42256
35499,42255
35500,42254
35501,42252
35502,42251
35503,42250
35504,42249
35505,42248
35506,42246
35507,42245
35508,42244
35509,42243
35510,42242
35511,42240
35512,42239
35513,42238
35514,42237
35515,42236
35516,42234
35517,42233
35518,42232
35519,42231
35520,42230
35521,42229
35522,42227
35523,42226
35524,42225
35525,42224
35526,42223
35527,42221
35528,42220
35529,42219
35530,42218
35531,42217
35532,42215
35533,42214
35534,42213
35535,42212
35536,42211
35537,42210
35538,42208
35539,42207
35540,42206
35541,42205
35542,42204
35543,42202
35544,42201
35545,42200
35546,42199
35547,42198
35548,42196
35549,42195
35550,42194
35551,42193
35552,42192
35553,42191
35554,42189
35555,42188
35556,42187
35557,42186
35558,42185
35559,42183
35560,42182
35561,42181
35562,42180
35563,42179
35564,42177
35565,42176
35566,42175
35567,42174
35568,42173
35569,42172
35570,42170
35571,42169
35572,42168
35573,42167
35574,42166
35575,42164
35576,42163
35577,42162
35578,42161
35579,42160
35580,42159
35581,42157
35582,42156
35583,42155
35584,42154
35585,42153
35586,42151
35587,42150
35588,42149
35589,42148
35590,42147
35591,42145
35592,42144
35593,42143
35594,42142
35595,42141
35596,42140
35597,42138
35598,42137
35599,42136
35600,42135
35601,42134
35602,42132
35603,42131
35604,42130
35605,42129
35606,42128
35607,42127
35608,42125
35609,42124
35610,42123
35611,42122
35612,42121
35613,42119
35614,42118
35615,42117
35616,42116
35617,42115
35618,42114
35619,42112
35620,42111
35621,42110
35622,42109
35623,42108
35624,42106
35625,42105
35626,42104
35627,42103
35628,42102
35629,42101
35630,42099
35631,42098
35632,42097
35633,42096
35634,42095
35635,42093
35636,42092
35637,42091
35638,42090
35639,42089
35640,42088
35641,42086
35642,42085
35643,42084
35644,42083
35645,42082
35646,42080
35647,42079
35648,42078
35649,42077
35650,42076
35651,42075
35652,42073
35653,42072
35654,42071
35655,42070
35656,42069
35657,42067
35658,42066
35659,42065
35660,42064
35661,42063
35662,42062
35663,42060
35664,42059
35665,42058
35666,42057
35667,42056
35668,42055
35669,42053
35670,42052
35671,42051
35672,42050
35673,42049
35674,42047
35675,42046
35676,42045
35677,42044
35678,42043
35679,42042
35680,42040
35681,42039
35682,42038
35683,42037
35684,42036
35685,42034
35686,42033
35687,42032
35688,42031
35689,42030
35690,42029
35691,42027
35692,42026
35693,42025
35694,42024
35695,42023
35696,42022
35697,42020
35698,42019
35699,42018
35700,42017
35701,42016
35702,42014
35703,42013
35704,42012
35705,42011
35706,42010
35707,42009
35708,42007
35709,42006
35710,42005
35711,42004
35712,42003
35713,42002
35714,42000
35715,41999
35716,41998
35717,41997
35718,41996
35719,41994
35720,41993
35721,41992
35722,41991
35723,41990
35724,41989
35725,41987
35726,41986
35727,41985
35728,41984
35729,41983
35730,41982
35731,41980
35732,41979
35733,41978
35734,41977
35735,41976
35736,41974
35737,41973
35738,41972
35739,41971
35740,41970
35741,41969
35742,41967
35743,41966
35744,41965
35745,41964
35746,41963
35747,41962
35748,41960
35749,41959
35750,41958
35751,41957
35752,41956
35753,41955
35754,41953
35755,41952
35756,41951
35757,41950
35758,41949
35759,41947
35760,41946
35761,41945
35762,41944
35763,41943
35764,41942
35765,41940
35766,41939
35767,41938
35768,41937
35769,41936
35770,41935
35771,41933
35772,41932
35773,41931
35774,41930
35775,41929
35776,41928
35777,41926
35778,41925
35779,41924
35780,41923
35781,41922
35782,41921
35783,41919
35784,41918
35785,41917
35786,41916
35787,41915
35788,41913
35789,41912
35790,41911
35791,41910
35792,41909
35793,41908
35794,41906
35795,41905
35796,41904
35797,41903
35798,41902
35799,41901
35800,41899
35801,41898
35802,41897
35803,41896
35804,41895
35805,41894
35806,41892
35807,41891
35808,41890
35809,41889
35810,41888
35811,41887
35812,41885
35813,41884
35814,41883
35815,41882
35816,41881
35817,41880
35818,41878
35819,41877
35820,41876
35821,41875
35822,41874
35823,41873
35824,41871
35825,41870
35826,41869
35827,41868
35828,41867
35829,41866
35830,41864
35831,41863
35832,41862
35833,41861
35834,41860
35835,41859
35836,41857
35837,41856
35838,41855
35839,41854
35840,41853
35841,41852
35842,41850
35843,41849
35844,41848
35845,41847
35846,41846
35847,41845
35848,41843
35849,41842
35850,41841
35851,41840
35852,41839
35853,41838
35854,41836
35855,41835
35856,41834
35857,41833
35858,41832
35859,41831
35860,41829
35861,41828
35862,41827
35863,41826
35864,41825
35865,41824
35866,41822
35867,41821
35868,41820
35869,41819
35870,41818
35871,41817
35872,41815
35873,41814
35874,41813
35875,41812
35876,41811
35877,41810
35878,41808
35879,41807
35880,41806
35881,41805
35882,41804
35883,41803
35884,41801
35885,41800
35886,41799
35887,41798
35888,41797
35889,41796
35890,41794
35891,41793
35892,41792
35893,41791
35894,41790
35895,41789
35896,41787
35897,41786
35898,41785
35899,41784
35900,41783
35901,41782
35902,41780
35903,41779
35904,41778
35905,41777
35906,41776
35907,41775
35908,41773
35909,41772
35910,41771
35911,41770
35912,41769
35913,41768
35914,41766
35915,41765
35916,41764
35917,41763
35918,41762
35919,41761
35920,41759
35921,41758
35922,41757
35923,41756
35924,41755
35925,41754
35926,41752
35927,41751
35928,41750
35929,41749
35930,41748
35931,41747
35932,41746
35933,41744
35934,41743
35935,41742
35936,41741
35937,41740
35938,41739
35939,41737
35940,41736
35941,41735
35942,41734
35943,41733
35944,41732
35945,41730
35946,41729
35947,41728
35948,41727
35949,41726
35950,41725
35951,41723
35952,41722
35953,41721
35954,41720
35955,41719
35956,41718
35957,41716
35958,41715
35959,41714
35960,41713
35961,41712
35962,41711
35963,41710
35964,41708
35965,41707
35966,41706
35967,41705
35968,41704
35969,41703
35970,41701
35971,41700
35972,41699
35973,41698
35974,41697
35975,41696
35976,41694
35977,41693
35978,41692
35979,41691
35980,41690
35981,41689
35982,41688
35983,41686
35984,41685
35985,41684
35986,41683
35987,41682
35988,41681
35989,41679
35990,41678
35991,41677
35992,41676
35993,41675
35994,41674
35995,41672
35996,41671
35997,41670
35998,41669
35999,41668
36000,41667
36001,41666
36002,41664
36003,41663
36004,41662
36005,41661
36006,41660
36007,41659
36008,41657
36009,41656
36010,41655
36011,41654
36012,41653
36013,41652
36014,41650
36015,41649
36016,41648
36017,41647
36018,41646
36019,41645
36020,41644
36021,41642
36022,41641
36023,41640
36024,41639
36025,41638
36026,41637
36027,41635
36028,41634
36029,41633
36030,41632
36031,41631
36032,41630
36033,41629
36034,41627
36035,41626
36036,41625
36037,41624
36038,41623
36039,41622
36040,41620
36041,41619
36042,41618
36043,41617
36044,41616
36045,41615
36046,41613
36047,41612
36048,41611
36049,41610
36050,41609
36051,41608
36052,41607
36053,41605
36054,41604
36055,41603
36056,41602
36057,41601
36058,41600
36059,41598
36060,41597
36061,41596
36062,41595
36063,41594
36064,41593
36065,41592
36066,41590
36067,41589
36068,41588
36069,41587
36070,41586
36071,41585
36072,41583
36073,41582
36074,41581
36075,41580
36076,41579
36077,41578
36078,41577
36079,41575
36080,41574
36081,41573
36082,41572
36083,41571
36084,41570
36085,41569
36086,41567
36087,41566
36088,41565
36089,41564
36090,41563
36091,41562
36092,41560
36093,41559
36094,41558
36095,41557
36096,41556
36097,41555
36098,41554
36099,41552
36100,41551
36101,41550
36102,41549
36103,41548
36104,41547
36105,41545
36106,41544
36107,41543
36108,41542
36109,41541
36110,41540
36111,41539
36112,41537
36113,41536
36114,41535
36115,41534
36116,41533
36117,41532
36118,41531
36119,41529
36120,41528
36121,41527
36122,41526
36123,41525
36124,41524
36125,41522
36126,41521
36127,41520
36128,41519
36129,41518
36130,41517
36131,41516
36132,41514
36133,41513
36134,41512
36135,41511
36136,41510
36137,41509
36138,41508
36139,41506
36140,41505
36141,41504
36142,41503
36143,41502
36144,41501
36145,41500
36146,41498
36147,41497
36148,41496
36149,41495
36150,41494
36151,41493
36152,41491
36153,41490
36154,41489
36155,41488
36156,41487
36157,41486
36158,41485
36159,41483
36160,41482
36161,41481
36162,41480
36163,41479
36164,41478
36165,41477
36166,41475
36167,41474
36168,41473
36169,41472
36170,41471
36171,41470
36172,41469
36173,41467
36174,41466
36175,41465
36176,41464
36177,41463
36178,41462
36179,41461
36180,41459
36181,41458
36182,41457
36183,41456
36184,41455
36185,41454
36186,41452
36187,41451
36188,41450
36189,41449
36190,41448
36191,41447
36192,41446
36193,41444
36194,41443
36195,41442
36196,41441
36197,41440
36198,41439
36199,41438
36200,41436
36201,41435
36202,41434
36203,41433
36204,41432
36205,41431
36206,41430
36207,41428
36208,41427
36209,41426
36210,41425
36211,41424
36212,41423
36213,41422
36214,41420
36215,41419
36216,41418
36217,41417
36218,41416
36219,41415
36220,41414
36221,41412
36222,41411
36223,41410
36224,41409
36225,41408
36226,41407
36227,41406
36228,41404
36229,41403
36230,41402
36231,41401
36232,41400
36233,41399
36234,41398
36235,41396
36236,41395
36237,41394
36238,41393
36239,41392
36240,41391
36241,41390
36242,41388
36243,41387
36244,41386
36245,41385
36246,41384
36247,41383
36248,41382
36249,41380
36250,41379
36251,41378
36252,41377
36253,41376
36254,41375
36255,41374
36256,41372
36257,41371
36258,41370
36259,41369
36260,41368
36261,41367
36262,41366
36263,41364
36264,41363
36265,41362
36266,41361
36267,41360
36268,41359
36269,41358
36270,41356
36271,41355
36272,41354
36273,41353
36274,41352
36275,41351
36276,41350
36277,41349
36278,41347
36279,41346
36280,41345
36281,41344
36282,41343
36283,41342
36284,41341
36285,41339
36286,41338
36287,41337
36288,41336
36289,41335
36290,41334
36291,41333
36292,41331
36293,41330
36294,41329
36295,41328
36296,41327
36297,41326
36298,41325
36299,41323
36300,41322
36301,41321
36302,41320
36303,41319
36304,41318
36305,41317
36306,41315
36307,41314
36308,41313
36309,41312
36310,41311
36311,41310
36312,41309
36313,41308
36314,41306
36315,41305
36316,41304
36317,41303
36318,41302
36319,41301
36320,41300
36321,41298
36322,41297
36323,41296
36324,41295
36325,41294
36326,41293
36327,41292
36328,41290
36329,41289
36330,41288
36331,41287
36332,41286
36333,41285
36334,41284
36335,41283
36336,41281
36337,41280
36338,41279
36339,41278
36340,41277
36341,41276
36342,41275
36343,41273
36344,41272
36345,41271
36346,41270
36347,41269
36348,41268
36349,41267
36350,41265
36351,41264
36352,41263
36353,41262
36354,41261
36355,41260
36356,41259
36357,41258
36358,41256
36359,41255
36360,41254
36361,41253
36362,41252
36363,41251
36364,41250
36365,41248
36366,41247
36367,41246
36368,41245
36369,41244
36370,41243
36371,41242
36372,41241
36373,41239
36374,41238
36375,41237
36376,41236
36377,41235
36378,41234
36379,41233
36380,41231
36381,41230
36382,41229
36383,41228
36384,41227
36385,41226
36386,41225
36387,41224
36388,41222
36389,41221
36390,41220
36391,41219
36392,41218
36393,41217
36394,41216
36395,41214
36396,41213
36397,41212
36398,41211
36399,41210
36400,41209
36401,41208
36402,41207
36403,41205
36404,41204
36405,41203
36406,41202
36407,41201
36408,41200
36409,41199
36410,41197
36411,41196
36412,41195
36413,41194
36414,41193
36415,41192
36416,41191
36417,41190
36418,41188
36419,41187
36420,41186
36421,41185
36422,41184
36423,41183
36424,41182
36425,41181
36426,41179
36427,41178
36428,41177
36429,41176
36430,41175
36431,41174
36432,41173
36433,41171
36434,41170
36435,41169
36436,41168
36437,41167
36438,41166
36439,41165
36440,41164
36441,41162
36442,41161
36443,41160
36444,41159
36445,41158
36446,41157
36447,41156
36448,41155
36449,41153
36450,41152
36451,41151
36452,41150
36453,41149
36454,41148
36455,41147
36456,41145
36457,41144
36458,41143
36459,41142
36460,41141
36461,41140
36462,41139
36463,41138
36464,41136
36465,41135
36466,41134
36467,41133
36468,41132
36469,41131
36470,41130
36471,41129
36472,41127
36473,41126
36474,41125
36475,41124
36476,41123
36477,41122
36478,41121
36479,41120
36480,41118
36481,41117
36482,41116
36483,41115
36484,41114
36485,41113
36486,41112
36487,41111
36488,41109
36489,41108
36490,41107
36491,41106
36492,41105
36493,41104
36494,41103
36495,41102
36496,41100
36497,41099
36498,41098
36499,41097
36500,41096
36501,41095
36502,41094
36503,41093
36504,41091
36505,41090
36506,41089
36507,41088
36508,41087
36509,41086
36510,41085
36511,41084
36512,41082
36513,41081
36514,41080
36515,41079
36516,41078
36517,41077
36518,41076
36519,41075
36520,41073
36521,41072
36522,41071
36523,41070
36524,41069
36525,41068
36526,41067
36527,41066
36528,41064
36529,41063
36530,41062
36531,41061
36532,41060
36533,41059
36534,41058
36535,41057
36536,41055
36537,41054
36538,41053
36539,41052
36540,41051
36541,41050
36542,41049
36543,41048
36544,41046
36545,41045
36546,41044
36547,41043
36548,41042
36549,41041
36550,41040
36551,41039
36552,41037
36553,41036
36554,41035
36555,41034
36556,41033
36557,41032
36558,41031
36559,41030
36560,41028
36561,41027
36562,41026
36563,41025
36564,41024
36565,41023
36566,41022
36567,41021
36568,41019
36569,41018
36570,41017
36571,41016
36572,41015
36573,41014
36574,41013
36575,41012
36576,41010
36577,41009
36578,41008
36579,41007
36580,41006
36581,41005
36582,41004
36583,41003
36584,41002
36585,41000
36586,40999
36587,40998
36588,40997
36589,40996
36590,40995
36591,40994
36592,40993
36593,40991
36594,40990
36595,40989
36596,40988
36597,40987
36598,40986
36599,40985
36600,40984
36601,40982
36602,40981
36603,40980
36604,40979
36605,40978
36606,40977
36607,40976
36608,40975
36609,40974
36610,40972
36611,40971
36612,40970
36613,40969
36614,40968
36615,40967
36616,40966
36617,40965
36618,40963
36619,40962
36620,40961
36621,40960
36622,40959
36623,40958
36624,40957
36625,40956
36626,40955
36627,40953
36628,40952
36629,40951
36630,40950
36631,40949
36632,40948
36633,40947
36634,40946
36635,40944
36636,40943
36637,40942
36638,40941
36639,40940
36640,40939
36641,40938
36642,40937
36643,40936
36644,40934
36645,40933
36646,40932
36647,40931
36648,40930
36649,40929
36650,40928
36651,40927
36652,40925
36653,40924
36654,40923
36655,40922
36656,40921
36657,40920
36658,40919
36659,40918
36660,40917
36661,40915
36662,40914
36663,40913
36664,40912
36665,40911
36666,40910
36667,40909
36668,40908
36669,40906
36670,40905
36671,40904
36672,40903
36673,40902
36674,40901
36675,40900
36676,40899
36677,40898
36678,40896
36679,40895
36680,40894
36681,40893
36682,40892
36683,40891
36684,40890
36685,40889
36686,40888
36687,40886
36688,40885
36689,40884
36690,40883
36691,40882
36692,40881
36693,40880
36694,40879
36695,40878
36696,40876
36697,40875
36698,40874
36699,40873
36700,40872
36701,40871
36702,40870
36703,40869
36704,40867
36705,40866
36706,40865
36707,40864
36708,40863
36709,40862
36710,40861
36711,40860
36712,40859
36713,40857
36714,40856
36715,40855
36716,40854
36717,40853
36718,40852
36719,40851
36720,40850
36721,40849
36722,40847
36723,40846
36724,40845
36725,40844
36726,40843
36727,40842
36728,40841
36729,40840
36730,40839
36731,40837
36732,40836
36733,40835
36734,40834
36735,40833
36736,40832
36737,40831
36738,40830
36739,40829
36740,40827
36741,40826
36742,40825
36743,40824
36744,40823
36745,40822
36746,40821
36747,40820
36748,40819
36749,40817
36750,40816
36751,40815
36752,40814
36753,40813
36754,40812
36755,40811
36756,40810
36757,40809
36758,40807
36759,40806
36760,40805
36761,40804
36762,40803
36763,40802
36764,40801
36765,40800
36766,40799
36767,40797
36768,40796
36769,40795
36770,40794
36771,40793
36772,40792
36773,40791
36774,40790
36775,40789
36776,40787
36777,40786
36778,40785
36779,40784
36780,40783
36781,40782
36782,40781
36783,40780
36784,40779
36785,40777
36786,40776
36787,40775
36788,40774
36789,40773
36790,40772
36791,40771
36792,40770
36793,40769
36794,40768
36795,40766
36796,40765
36797,40764
36798,40763
36799,40762
36800,40761
36801,40760
36802,40759
36803,40758
36804,40756
36805,40755
36806,40754
36807,40753
36808,40752
36809,40751
36810,40750
36811,40749
36812,40748
36813,40746
36814,40745
36815,40744
36816,40743
36817,40742
36818,40741
36819,40740
36820,40739
36821,40738
36822,40737
36823,40735
36824,40734
36825,40733
36826,40732
36827,40731
36828,40730
36829,40729
36830,40728
36831,40727
36832,40725
36833,40724
36834,40723
36835,40722
36836,40721
36837,40720
36838,40719
36839,40718
36840,40717
36841,40716
36842,40714
36843,40713
36844,40712
36845,40711
36846,40710
36847,40709
36848,40708
36849,40707
36850,40706
36851,40704
36852,40703
36853,40702
36854,40701
36855,40700
36856,40699
36857,40698
36858,40697
36859,40696
36860,40695
36861,40693
36862,40692
36863,40691
36864,40690
36865,40689
36866,40688
36867,40687
36868,40686
36869,40685
36870,40683
36871,40682
36872,40681
36873,40680
36874,40679
36875,40678
36876,40677
36877,40676
36878,40675
36879,40674
36880,40672
36881,40671
36882,40670
36883,40669
36884,40668
36885,40667
36886,40666
36887,40665
36888,40664
36889,40663
36890,40661
36891,40660
36892,40659
36893,40658
36894,40657
36895,40656
36896,40655
36897,40654
36898,40653
36899,40652
36900,40650
36901,40649
36902,40648
36903,40647
36904,40646
36905,40645
36906,40644
36907,40643
36908,40642
36909,40640
36910,40639
36911,40638
36912,40637
36913,40636
36914,40635
36915,40634
36916,40633
36917,40632
36918,40631
36919,40629
36920,40628
36921,40627
36922,40626
36923,40625
36924,40624
36925,40623
36926,40622
36927,40621
36928,40620
36929,40618
36930,40617
36931,40616
36932,40615
36933,40614
36934,40613
36935,40612
36936,40611
36937,40610
36938,40609
36939,40607
36940,40606
36941,40605
36942,40604
36943,40603
36944,40602
36945,40601
36946,40600
36947,40599
36948,40598
36949,40596
36950,40595
36951,40594
36952,40593
36953,40592
36954,40591
36955,40590
36956,40589
36957,40588
36958,40587
36959,40586
36960,40584
36961,40583
36962,40582
36963,40581
36964,40580
36965,40579
36966,40578
36967,40577
36968,40576
36969,40575
36970,40573
36971,40572
36972,40571
36973,40570
36974,40569
36975,40568
36976,40567
36977,40566
36978,40565
36979,40564
36980,40562
36981,40561
36982,40560
36983,40559
36984,40558
36985,40557
36986,40556
36987,40555
36988,40554
36989,40553
36990,40552
36991,40550
36992,40549
36993,40548
36994,40547
36995,40546
36996,40545
36997,40544
36998,40543
36999,40542
37000,40541
37001,40539
37002,40538
37003,40537
37004,40536
37005,40535
37006,40534
37007,40533
37008,40532
37009,40531
37010,40530
37011,40528
37012,40527
37013,40526
37014,40525
37015,40524
37016,40523
37017,40522
37018,40521
37019,40520
37020,40519
37021,40518
37022,40516
37023,40515
37024,40514
37025,40513
37026,40512
37027,40511
37028,40510
37029,40509
37030,40508
37031,40507
37032,40506
37033,40504
37034,40503
37035,40502
37036,40501
37037,40500
37038,40499
37039,40498
37040,40497
37041,40496
37042,40495
37043,40493
37044,40492
37045,40491
37046,40490
37047,40489
37048,40488
37049,40487
37050,40486
37051,40485
37052,40484
37053,40483
37054,40481
37055,40480
37056,40479
37057,40478
37058,40477
37059,40476
37060,40475
37061,40474
37062,40473
37063,40472
37064,40471
37065,40469
37066,40468
37067,40467
37068,40466
37069,40465
37070,40464
37071,40463
37072,40462
37073,40461
37074,40460
37075,40459
37076,40457
37077,40456
37078,40455
37079,40454
37080,40453
37081,40452
37082,40451
37083,40450
37084,40449
37085,40448
37086,40447
37087,40445
37088,40444
37089,40443
37090,40442
37091,40441
37092,40440
37093,40439
37094,40438
37095,40437
37096,40436
37097,40435
37098,40433
37099,40432
37100,40431
37101,40430
37102,40429
37103,40428
37104,40427
37105,40426
37106,40425
37107,40424
37108,40423
37109,40421
37110,40420
37111,40419
37112,40418
37113,40417
37114,40416
37115,40415
37116,40414
37117,40413
37118,40412
37119,40411
37120,40409
37121,40408
37122,40407
37123,40406
37124,40405
37125,40404
37126,40403
37127,40402
37128,40401
37129,40400
37130,40399
37131,40398
37132,40396
37133,40395
37134,40394
37135,40393
37136,40392
37137,40391
37138,40390
37139,40389
37140,40388
37141,40387
37142,40386
37143,40384
37144,40383
37145,40382
37146,40381
37147,40380
37148,40379
37149,40378
37150,40377
37151,40376
37152,40375
37153,40374
37154,40373
37155,40371
37156,40370
37157,40369
37158,40368
37159,40367
37160,40366
37161,40365
37162,40364
37163,40363
37164,40362
37165,40361
37166,40359
37167,40358
37168,40357
37169,40356
37170,40355
37171,40354
37172,40353
37173,40352
37174,40351
37175,40350
37176,40349
37177,40348
37178,40346
37179,40345
37180,40344
37181,40343
37182,40342
37183,40341
37184,40340
37185,40339
37186,40338
37187,40337
37188,40336
37189,40335
37190,40333
37191,40332
37192,40331
37193,40330
37194,40329
37195,40328
37196,40327
37197,40326
37198,40325
37199,40324
37200,40323
37201,40321
37202,40320
37203,40319
37204,40318
37205,40317
37206,40316
37207,40315
37208,40314
37209,40313
37210,40312
37211,40311
37212,40310
37213,40308
37214,40307
37215,40306
37216,40305
37217,40304
37218,40303
37219,40302
37220,40301
37221,40300
37222,40299
37223,40298
37224,40297
37225,40296
37226,40294
37227,40293
37228,40292
37229,40291
37230,40290
37231,40289
37232,40288
37233,40287
37234,40286
37235,40285
37236,40284
37237,40283
37238,40281
37239,40280
37240,40279
37241,40278
37242,40277
37243,40276
37244,40275
37245,40274
37246,40273
37247,40272
37248,40271
37249,40270
37250,40268
37251,40267
37252,40266
37253,40265
37254,40264
37255,40263
37256,40262
37257,40261
37258,40260
37259,40259
37260,40258
37261,40257
37262,40255
37263,40254
37264,40253
37265,40252
37266,40251
37267,40250
37268,40249
37269,40248
37270,40247
37271,40246
37272,40245
37273,40244
37274,40243
37275,40241
37276,40240
37277,40239
37278,40238
37279,40237
37280,40236
37281,40235
37282,40234
37283,40233
37284,40232
37285,40231
37286,40230
37287,40228
37288,40227
37289,40226
37290,40225
37291,40224
37292,40223
37293,40222
37294,40221
37295,40220
37296,40219
37297,40218
37298,40217
37299,40216
37300,40214
37301,40213
37302,40212
37303,40211
37304,40210
37305,40209
37306,40208
37307,40207
37308,40206
37309,40205
37310,40204
37311,40203
37312,40202
37313,40200
37314,40199
37315,40198
37316,40197
37317,40196
37318,40195
37319,40194
37320,40193
37321,40192
37322,40191
37323,40190
37324,40189
37325,40188
37326,40186
37327,40185
37328,40184
37329,40183
37330,40182
37331,40181
37332,40180
37333,40179
37334,40178
37335,40177
37336,40176
37337,40175
37338,40174
37339,40172
37340,40171
37341,40170
37342,40169
37343,40168
37344,40167
37345,40166
37346,40165
37347,40164
37348,40163
37349,40162
37350,40161
37351,40160
37352,40158
37353,40157
37354,40156
37355,40155
37356,40154
37357,40153
37358,40152
37359,40151
37360,40150
37361,40149
37362,40148
37363,40147
37364,40146
37365,40145
37366,40143
37367,40142
37368,40141
37369,40140
37370,40139
37371,40138
37372,40137
37373,40136
37374,40135
37375,40134
37376,40133
37377,40132
37378,40131
37379,40129
37380,40128
37381,40127
37382,40126
37383,40125
37384,40124
37385,40123
37386,40122
37387,40121
37388,40120
37389,40119
37390,40118
37391,40117
37392,40116
37393,40114
37394,40113
37395,40112
37396,40111
37397,40110
37398,40109
37399,40108
37400,40107
37401,40106
37402,40105
37403,40104
37404,40103
37405,40102
37406,40101
37407,40099
37408,40098
37409,40097
37410,40096
37411,40095
37412,40094
37413,40093
37414,40092
37415,40091
37416,40090
37417,40089
37418,40088
37419,40087
37420,40086
37421,40084
37422,40083
37423,40082
37424,40081
37425,40080
37426,40079
37427,40078
37428,40077
37429,40076
37430,40075
37431,40074
37432,40073
37433,40072
37434,40071
37435,40069
37436,40068
37437,40067
37438,40066
37439,40065
37440,40064
37441,40063
37442,40062
37443,40061
37444,40060
37445,40059
37446,40058
37447,40057
37448,40056
37449,40054
37450,40053
37451,40052
37452,40051
37453,40050
37454,40049
37455,40048
37456,40047
37457,40046
37458,40045
37459,40044
37460,40043
37461,40042
37462,40041
37463,40040
37464,40038
37465,40037
37466,40036
37467,40035
37468,40034
37469,40033
37470,40032
37471,40031
37472,40030
37473,40029
37474,40028
37475,40027
37476,40026
37477,40025
37478,40023
37479,40022
37480,40021
37481,40020
37482,40019
37483,40018
37484,40017
37485,40016
37486,40015
37487,40014
37488,40013
37489,40012
37490,40011
37491,40010
37492,40009
37493,40007
37494,40006
37495,40005
37496,40004
37497,40003
37498,40002
37499,40001
37500,40000
37501,39999
37502,39998
37503,39997
37504,39996
37505,39995
37506,39994
37507,39993
37508,39991
37509,39990
37510,39989
37511,39988
37512,39987
37513,39986
37514,39985
37515,39984
37516,39983
37517,39982
37518,39981
37519,39980
37520,39979
37521,39978
37522,39977
37523,39975
37524,39974
37525,39973
37526,39972
37527,39971
37528,39970
37529,39969
37530,39968
37531,39967
37532,39966
37533,39965
37534,39964
37535,39963
37536,39962
37537,39961
37538,39960
37539,39958
37540,39957
37541,39956
37542,39955
37543,39954
37544,39953
37545,39952
37546,39951
37547,39950
37548,39949
37549,39948
37550,39947
37551,39946
37552,39945
37553,39944
37554,39942
37555,39941
37556,39940
37557,39939
37558,39938
37559,39937
37560,39936
37561,39935
37562,39934
37563,39933
37564,39932
37565,39931
37566,39930
37567,39929
37568,39928
37569,39927
37570,39925
37571,39924
37572,39923
37573,39922
37574,39921
37575,39920
37576,39919
37577,39918
37578,39917
37579,39916
37580,39915
37581,39914
37582,39913
37583,39912
37584,39911
37585,39910
37586,39908
37587,39907
37588,39906
37589,39905
37590,39904
37591,39903
37592,39902
37593,39901
37594,39900
37595,39899
37596,39898
37597,39897
37598,39896
37599,39895
37600,39894
37601,39893
37602,39891
37603,39890
37604,39889
37605,39888
37606,39887
37607,39886
37608,39885
37609,39884
37610,39883
37611,39882
37612,39881
37613,39880
37614,39879
37615,39878
37616,39877
37617,39876
37618,39875
37619,39873
37620,39872
37621,39871
37622,39870
37623,39869
37624,39868
37625,39867
37626,39866
37627,39865
37628,39864
37629,39863
37630,39862
37631,39861
37632,39860
37633,39859
37634,39858
37635,39857
37636,39855
37637,39854
37638,39853
37639,39852
37640,39851
37641,39850
37642,39849
37643,39848
37644,39847
37645,39846
37646,39845
37647,39844
37648,39843
37649,39842
37650,39841
37651,39840
37652,39839
37653,39837
37654,39836
37655,39835
37656,39834
37657,39833
37658,39832
37659,39831
37660,39830
37661,39829
37662,39828
37663,39827
37664,39826
37665,39825
37666,39824
37667,39823
37668,39822
37669,39821
37670,39819
37671,39818
37672,39817
37673,39816
37674,39815
37675,39814
37676,39813
37677,39812
37678,39811
37679,39810
37680,39809
37681,39808
37682,39807
37683,39806
37684,39805
37685,39804
37686,39803
37687,39802
37688,39800
37689,39799
37690,39798
37691,39797
37692,39796
37693,39795
37694,39794
37695,39793
37696,39792
37697,39791
37698,39790
37699,39789
37700,39788
37701,39787
37702,39786
37703,39785
37704,39784
37705,39783
37706,39781
37707,39780
37708,39779
37709,39778
37710,39777
37711,39776
37712,39775
37713,39774
37714,39773
37715,39772
37716,39771
37717,39770
37718,39769
37719,39768
37720,39767
37721,39766
37722,39765
37723,39764
37724,39762
37725,39761
37726,39760
37727,39759
37728,39758
37729,39757
37730,39756
37731,39755
37732,39754
37733,39753
37734,39752
37735,39751
37736,39750
37737,39749
37738,39748
37739,39747
37740,39746
37741,39745
37742,39744
37743,39742
37744,39741
37745,39740
37746,39739
37747,39738
37748,39737
37749,39736
37750,39735
37751,39734
37752,39733
37753,39732
37754,39731
37755,39730
37756,39729
37757,39728
37758,39727
37759,39726
37760,39725
37761,39724
37762,39722
37763,39721
37764,39720
37765,39719
37766,39718
37767,39717
37768,39716
37769,39715
37770,39714
37771,39713
37772,39712
37773,39711
37774,39710
37775,39709
37776,39708
37777,39707
37778,39706
37779,39705
37780,39704
37781,39702
37782,39701
37783,39700
37784,39699
37785,39698
37786,39697
37787,39696
37788,39695
37789,39694
37790,39693
37791,39692
37792,39691
37793,39690
37794,39689
37795,39688
37796,39687
37797,39686
37798,39685
37799,39684
37800,39683
37801,39681
37802,39680
37803,39679
37804,39678
37805,39677
37806,39676
37807,39675
37808,39674
37809,39673
37810,39672
37811,39671
37812,39670
37813,39669
37814,39668
37815,39667
37816,39666
37817,39665
37818,39664
37819,39663
37820,39662
37821,39661
37822,39659
37823,39658
37824,39657
37825,39656
37826,39655
37827,39654
37828,39653
37829,39652
37830,39651
37831,39650
37832,39649
37833,39648
37834,39647
37835,39646
37836,39645
37837,39644
37838,39643
37839,39642
37840,39641
37841,39640
37842,39638
37843,39637
37844,39636
37845,39635
37846,39634
37847,39633
37848,39632
37849,39631
37850,39630
37851,39629
37852,39628
37853,39627
37854,39626
37855,39625
37856,39624
37857,39623
37858,39622
37859,39621
37860,39620
37861,39619
37862,39618
37863,39617
37864,39615
37865,39614
37866,39613
37867,39612
37868,39611
37869,39610
37870,39609
37871,39608
37872,39607
37873,39606
37874,39605
37875,39604
37876,39603
37877,39602
37878,39601
37879,39600
37880,39599
37881,39598
37882,39597
37883,39596
37884,39595
37885,39594
37886,39592
37887,39591
37888,39590
37889,39589
37890,39588
37891,39587
37892,39586
37893,39585
37894,39584
37895,39583
37896,39582
37897,39581
37898,39580
37899,39579
37900,39578
37901,39577
37902,39576
37903,39575
37904,39574
37905,39573
37906,39572
37907,39571
37908,39569
37909,39568
37910,39567
37911,39566
37912,39565
37913,39564
37914,39563
37915,39562
37916,39561
37917,39560
37918,39559
37919,39558
37920,39557
37921,39556
37922,39555
37923,39554
37924,39553
37925,39552
37926,39551
37927,39550
37928,39549
37929,39548
37930,39547
37931,39545
37932,39544
37933,39543
37934,39542
37935,39541
37936,39540
37937,39539
37938,39538
37939,39537
37940,39536
37941,39535
37942,39534
37943,39533
37944,39532
37945,39531
37946,39530
37947,39529
37948,39528
37949,39527
37950,39526
37951,39525
37952,39524
37953,39523
37954,39522
37955,39520
37956,39519
37957,39518
37958,39517
37959,39516
37960,39515
37961,39514
37962,39513
37963,39512
37964,39511
37965,39510
37966,39509
37967,39508
37968,39507
37969,39506
37970,39505
37971,39504
37972,39503
37973,39502
37974,39501
37975,39500
37976,39499
37977,39498
37978,39497
37979,39496
37980,39494
37981,39493
37982,39492
37983,39491
37984,39490
37985,39489
37986,39488
37987,39487
37988,39486
37989,39485
37990,39484
37991,39483
37992,39482
37993,39481
37994,39480
37995,39479
37996,39478
37997,39477
37998,39476
37999,39475
38000,39474
38001,39473
38002,39472
38003,39471
38004,39470
38005,39468
38006,39467
38007,39466
38008,39465
38009,39464
38010,39463
38011,39462
38012,39461
38013,39460
38014,39459
38015,39458
38016,39457
38017,39456
38018,39455
38019,39454
38020,39453
38021,39452
38022,39451
38023,39450
38024,39449
38025,39448
38026,39447
38027,39446
38028,39445
38029,39444
38030,39443
38031,39442
38032,39440
38033,39439
38034,39438
38035,39437
38036,39436
38037,39435
38038,39434
38039,39433
38040,39432
38041,39431
38042,39430
38043,39429
38044,39428
38045,39427
38046,39426
38047,39425
38048,39424
38049,39423
38050,39422
38051,39421
38052,39420
38053,39419
38054,39418
38055,39417
38056,39416
38057,39415
38058,39414
38059,39412
38060,39411
38061,39410
38062,39409
38063,39408
38064,39407
38065,39406
38066,39405
38067,39404
38068,39403
38069,39402
38070,39401
38071,39400
38072,39399
38073,39398
38074,39397
38075,39396
38076,39395
38077,39394
38078,39393
38079,39392
38080,39391
38081,39390
38082,39389
38083,39388
38084,39387
38085,39386
38086,39385
38087,39384
38088,39382
38089,39381
38090,39380
38091,39379
38092,39378
38093,39377
38094,39376
38095,39375
38096,39374
38097,39373
38098,39372
38099,39371
38100,39370
38101,39369
38102,39368
38103,39367
38104,39366
38105,39365
38106,39364
38107,39363
38108,39362
38109,39361
38110,39360
38111,39359
38112,39358
38113,39357
38114,39356
38115,39355
38116,39354
38117,39353
38118,39351
38119,39350
38120,39349
38121,39348
38122,39347
38123,39346
38124,39345
38125,39344
38126,39343
38127,39342
38128,39341
38129,39340
38130,39339
38131,39338
38132,39337
38133,39336
38134,39335
38135,39334
38136,39333
38137,39332
38138,39331
38139,39330
38140,39329
38141,39328
38142,39327
38143,39326
38144,39325
38145,39324
38146,39323
38147,39322
38148,39321
38149,39320
38150,39318
38151,39317
38152,39316
38153,39315
38154,39314
38155,39313
38156,39312
38157,39311
38158,39310
38159,39309
38160,39308
38161,39307
38162,39306
38163,39305
38164,39304
38165,39303
38166,39302
38167,39301
38168,39300
38169,39299
38170,39298
38171,39297
38172,39296
38173,39295
38174,39294
38175,39293
38176,39292
38177,39291
38178,39290
38179,39289
38180,39288
38181,39287
38182,39286
38183,39284
38184,39283
38185,39282
38186,39281
38187,39280
38188,39279
38189,39278
38190,39277
38191,39276
38192,39275
38193,39274
38194,39273
38195,39272
38196,39271
38197,39270
38198,39269
38199,39268
38200,39267
38201,39266
38202,39265
38203,39264
38204,39263
38205,39262
38206,39261
38207,39260
38208,39259
38209,39258
38210,39257
38211,39256
38212,39255
38213,39254
38214,39253
38215,39252
38216,39251
38217,39250
38218,39249
38219,39247
38220,39246
38221,39245
38222,39244
38223,39243
38224,39242
38225,39241
38226,39240
38227,39239
38228,39238
38229,39237
38230,39236
38231,39235
38232,39234
38233,39233
38234,39232
38235,39231
38236,39230
38237,39229
38238,39228
38239,39227
38240,39226
38241,39225
38242,39224
38243,39223
38244,39222
38245,39221
38246,39220
38247,39219
38248,39218
38249,39217
38250,39216
38251,39215
38252,39214
38253,39213
38254,39212
38255,39211
38256,39210
38257,39209
38258,39207
38259,39206
38260,39205
38261,39204
38262,39203
38263,39202
38264,39201
38265,39200
38266,39199
38267,39198
38268,39197
38269,39196
38270,39195
38271,39194
38272,39193
38273,39192
38274,39191
38275,39190
38276,39189
38277,39188
38278,39187
38279,39186
38280,39185
38281,39184
38282,39183
38283,39182
38284,39181
38285,39180
38286,39179
38287,39178
38288,39177
38289,39176
38290,39175
38291,39174
38292,39173
38293,39172
38294,39171
38295,39170
38296,39169
38297,39168
38298,39167
38299,39166
38300,39164
38301,39163
38302,39162
38303,39161
38304,39160
38305,39159
38306,39158
38307,39157
38308,39156
38309,39155
38310,39154
38311,39153
38312,39152
38313,39151
38314,39150
38315,39149
38316,39148
38317,39147
38318,39146
38319,39145
38320,39144
38321,39143
38322,39142
38323,39141
38324,39140
38325,39139
38326,39138
38327,39137
38328,39136
38329,39135
38330,39134
38331,39133
38332,39132
38333,39131
38334,39130
38335,39129
38336,39128
38337,39127
38338,39126
38339,39125
38340,39124
38341,39123
38342,39122
38343,39121
38344,39120
38345,39119
38346,39118
38347,39116
38348,39115
38349,39114
38350,39113
38351,39112
38352,39111
38353,39110
38354,39109
38355,39108
38356,39107
38357,39106
38358,39105
38359,39104
38360,39103
38361,39102
38362,39101
38363,39100
38364,39099
38365,39098
38366,39097
38367,39096
38368,39095
38369,39094
38370,39093
38371,39092
38372,39091
38373,39090
38374,39089
38375,39088
38376,39087
38377,39086
38378,39085
38379,39084
38380,39083
38381,39082
38382,39081
38383,39080
38384,39079
38385,39078
38386,39077
38387,39076
38388,39075
38389,39074
38390,39073
38391,39072
38392,39071
38393,39070
38394,39069
38395,39068
38396,39067
38397,39066
38398,39065
38399,39064
38400,39063
38401,39061
38402,39060
38403,39059
38404,39058
38405,39057
38406,39056
38407,39055
38408,39054
38409,39053
38410,39052
38411,39051
38412,39050
38413,39049
38414,39048
38415,39047
38416,39046
38417,39045
38418,39044
38419,39043
38420,39042
38421,39041
38422,39040
38423,39039
38424,39038
38425,39037
38426,39036
38427,39035
38428,39034
38429,39033
38430,39032
38431,39031
38432,39030
38433,39029
38434,39028
38435,39027
38436,39026
38437,39025
38438,39024
38439,39023
38440,39022
38441,39021
38442,39020
38443,39019
38444,39018
38445,39017
38446,39016
38447,39015
38448,39014
38449,39013
38450,39012
38451,39011
38452,39010
38453,39009
38454,39008
38455,39007
38456,39006
38457,39005
38458,39004
38459,39003
38460,39002
38461,39001
38462,39000
38463,38999
38464,38998
38465,38996
38466,38995
38467,38994
38468,38993
38469,38992
38470,38991
38471,38990
38472,38989
38473,38988
38474,38987
38475,38986
38476,38985
38477,38984
38478,38983
38479,38982
38480,38981
38481,38980
38482,38979
38483,38978
38484,38977
38485,38976
38486,38975
38487,38974
38488,38973
38489,38972
38490,38971
38491,38970
38492,38969
38493,38968
38494,38967
38495,38966
38496,38965
38497,38964
38498,38963
38499,38962
38500,38961
38501,38960
38502,38959
38503,38958
38504,38957
38505,38956
38506,38955
38507,38954
38508,38953
38509,38952
38510,38951
38511,38950
38512,38949
38513,38948
38514,38947
38515,38946
38516,38945
38517,38944
38518,38943
38519,38942
38520,38941
38521,38940
38522,38939
38523,38938
38524,38937
38525,38936
38526,38935
38527,38934
38528,38933
38529,38932
38530,38931
38531,38930
38532,38929
38533,38928
38534,38927
38535,38926
38536,38925
38537,38924
38538,38923
38539,38922
38540,38921
38541,38920
38542,38919
38543,38918
38544,38917
38545,38916
38546,38915
38547,38914
38548,38913
38549,38912
38550,38911
38551,38909
38552,38908
38553,38907
38554,38906
38555,38905
38556,38904
38557,38903
38558,38902
38559,38901
38560,38900
38561,38899
38562,38898
38563,38897
38564,38896
38565,38895
38566,38894
38567,38893
38568,38892
38569,38891
38570,38890
38571,38889
38572,38888
38573,38887
38574,38886
38575,38885
38576,38884
38577,38883
38578,38882
38579,38881
38580,38880
38581,38879
38582,38878
38583,38877
38584,38876
38585,38875
38586,38874
38587,38873
38588,38872
38589,38871
38590,38870
38591,38869
38592,38868
38593,38867
38594,38866
38595,38865
38596,38864
38597,38863
38598,38862
38599,38861
38600,38860
38601,38859
38602,38858
38603,38857
38604,38856
38605,38855
38606,38854
38607,38853
38608,38852
38609,38851
38610,38850
38611,38849
38612,38848
38613,38847
38614,38846
38615,38845
38616,38844
38617,38843
38618,38842
38619,38841
38620,38840
38621,38839
38622,38838
38623,38837
38624,38836
38625,38835
38626,38834
38627,38833
38628,38832
38629,38831
38630,38830
38631,38829
38632,38828
38633,38827
38634,38826
38635,38825
38636,38824
38637,38823
38638,38822
38639,38821
38640,38820
38641,38819
38642,38818
38643,38817
38644,38816
38645,38815
38646,38814
38647,38813
38648,38812
38649,38811
38650,38810
38651,38809
38652,38808
38653,38807
38654,38806
38655,38805
38656,38804
38657,38803
38658,38802
38659,38801
38660,38800
38661,38799
38662,38798
38663,38797
38664,38796
38665,38795
38666,38794
38667,38793
38668,38792
38669,38791
38670,38790
38671,38789
38672,38788
38673,38787
38674,38786
38675,38785
38676,38784
38677,38783
38678,38782
38679,38781
38680,38780
38681,38779
38682,38778
38683,38777
38684,38776
38685,38775
38686,38774
38687,38773
38688,38772
38689,38771
38690,38770
38691,38769
38692,38768
38693,38767
38694,38766
38695,38765
38696,38764
38697,38763
38698,38762
38699,38761
38700,38760
38701,38759
38702,38758
38703,38757
38704,38756
38705,38755
38706,38754
38707,38753
38708,38752
38709,38751
38710,38750
38711,38749
38712,38748
38713,38747
38714,38746
38715,38745
38716,38744
38717,38743
38718,38742
38719,38741
38720,38740
38721,38739
38722,38738
38723,38737
38724,38736
38725,38735
38726,38734
38727,38733
38728,38732
38729,38731
38730,38730
38731,38729
38732,38728
38733,38727
38734,38726
38735,38725
38736,38724
38737,38723
38738,38722
38739,38721
38740,38720
38741,38719
38742,38718
38743,38717
38744,38716
38745,38715
38746,38714
38747,38713
38748,38712
38749,38711
38750,38710
38751,38709
38752,38708
38753,38707
38754,38706
38755,38705
38756,38704
38757,38703
38758,38702
38759,38701
38760,38700
38761,38699
38762,38698
38763,38697
38764,38696
38765,38695
38766,38694
38767,38693
38768,38692
38769,38691
38770,38690
38771,38689
38772,38688
38773,38687
38774,38686
38775,38685
38776,38684
38777,38683
38778,38682
38779,38681
38780,38680
38781,38679
38782,38678
38783,38677
38784,38676
38785,38675
38786,38674
38787,38673
38788,38672
38789,38671
38790,38670
38791,38669
38792,38668
38793,38667
38794,38666
38795,38665
38796,38664
38797,38663
38798,38662
38799,38661
38800,38660
38801,38659
38802,38658
38803,38657
38804,38656
38805,38655
38806,38654
38807,38653
38808,38652
38809,38651
38810,38650
38811,38649
38812,38648
38813,38647
38814,38646
38815,38645
38816,38644
38817,38643
38818,38642
38819,38641
38820,38640
38821,38639
38822,38638
38823,38637
38824,38636
38825,38635
38826,38634
38827,38633
38828,38632
38829,38631
38830,38630
38831,38629
38832,38628
38833,38627
38834,38626
38835,38625
38836,38624
38837,38623
38838,38622
38839,38621
38840,38620
38841,38619
38842,38618
38843,38617
38844,38616
38845,38615
38846,38614
38847,38613
38848,38612
38849,38611
38850,38610
38851,38609
38852,38608
38853,38607
38854,38606
38855,38605
38856,38604
38857,38603
38858,38602
38859,38601
38860,38600
38861,38599
38862,38598
38863,38597
38864,38596
38865,38595
38866,38594
38867,38593
38868,38592
38869,38591
38870,38590
38871,38589
38872,38588
38873,38587
38874,38586
38875,38585
38876,38584
38877,38583
38878,38582
38879,38581
38880,38580
38881,38579
38882,38578
38883,38577
38884,38576
38885,38575
38886,38574
38887,38573
38888,38572
38889,38571
38890,38570
38891,38569
38892,38568
38893,38567
38894,38566
38895,38565
38896,38564
38897,38563
38898,38562
38899,38561
38900,38560
38901,38559
38902,38558
38903,38557
38904,38556
38905,38555
38906,38554
38907,38553
38908,38552
38909,38551
38910,38551
38911,38550
38912,38549
38913,38548
38914,38547
38915,38546
38916,38545
38917,38544
38918,38543
38919,38542
38920,38541
38921,38540
38922,38539
38923,38538
38924,38537
38925,38536
38926,38535
38927,38534
38928,38533
38929,38532
38930,38531
38931,38530
38932,38529
38933,38528
38934,38527
38935,38526
38936,38525
38937,38524
38938,38523
38939,38522
38940,38521
38941,38520
38942,38519
38943,38518
38944,38517
38945,38516
38946,38515
38947,38514
38948,38513
38949,38512
38950,38511
38951,38510
38952,38509
38953,38508
38954,38507
38955,38506
38956,38505
38957,38504
38958,38503
38959,38502
38960,38501
38961,38500
38962,38499
38963,38498
38964,38497
38965,38496
38966,38495
38967,38494
38968,38493
38969,38492
38970,38491
38971,38490
38972,38489
38973,38488
38974,38487
38975,38486
38976,38485
38977,38484
38978,38483
38979,38482
38980,38481
38981,38480
38982,38479
38983,38478
38984,38477
38985,38476
38986,38475
38987,38474
38988,38473
38989,38472
38990,38471
38991,38470
38992,38469
38993,38468
38994,38467
38995,38466
38996,38465
38997,38464
38998,38464
38999,38463
39000,38462
39001,38461
39002,38460
39003,38459
39004,38458
39005,38457
39006,38456
39007,38455
39008,38454
39009,38453
39010,38452
39011,38451
39012,38450
39013,38449
39014,38448
39015,38447
39016,38446
39017,38445
39018,38444
39019,38443
39020,38442
39021,38441
39022,38440
39023,38439
39024,38438
39025,38437
39026,38436
39027,38435
39028,38434
39029,38433
39030,38432
39031,38431
39032,38430
39033,38429
39034,38428
39035,38427
39036,38426
39037,38425
39038,38424
39039,38423
39040,38422
39041,38421
39042,38420
39043,38419
39044,38418
39045,38417
39046,38416
39047,38415
39048,38414
39049,38413
39050,38412
39051,38411
39052,38410
39053,38409
39054,38408
39055,38407
39056,38406
39057,38405
39058,38404
39059,38403
39060,38402
39061,38401
39062,38400
39063,38400
39064,38399
39065,38398
39066,38397
39067,38396
39068,38395
39069,38394
39070,38393
39071,38392
39072,38391
39073,38390
39074,38389
39075,38388
39076,38387
39077,38386
39078,38385
39079,38384
39080,38383
39081,38382
39082,38381
39083,38380
39084,38379
39085,38378
39086,38377
39087,38376
39088,38375
39089,38374
39090,38373
39091,38372
39092,38371
39093,38370
39094,38369
39095,38368
39096,38367
39097,38366
39098,38365
39099,38364
39100,38363
39101,38362
39102,38361
39103,38360
39104,38359
39105,38358
39106,38357
39107,38356
39108,38355
39109,38354
39110,38353
39111,38352
39112,38351
39113,38350
39114,38349
39115,38348
39116,38347
39117,38346
39118,38346
39119,38345
39120,38344
39121,38343
39122,38342
39123,38341
39124,38340
39125,38339
39126,38338
39127,38337
39128,38336
39129,38335
39130,38334
39131,38333
39132,38332
39133,38331
39134,38330
39135,38329
39136,38328
39137,38327
39138,38326
39139,38325
39140,38324
39141,38323
39142,38322
39143,38321
39144,38320
39145,38319
39146,38318
39147,38317
39148,38316
39149,38315
39150,38314
39151,38313
39152,38312
39153,38311
39154,38310
39155,38309
39156,38308
39157,38307
39158,38306
39159,38305
39160,38304
39161,38303
39162,38302
39163,38301
39164,38300
39165,38300
39166,38299
39167,38298
39168,38297
39169,38296
39170,38295
39171,38294
39172,38293
39173,38292
39174,38291
39175,38290
39176,38289
39177,38288
39178,38287
39179,38286
39180,38285
39181,38284
39182,38283
39183,38282
39184,38281
39185,38280
39186,38279
39187,38278
39188,38277
39189,38276
39190,38275
39191,38274
39192,38273
39193,38272
39194,38271
39195,38270
39196,38269
39197,38268
39198,38267
39199,38266
39200,38265
39201,38264
39202,38263
39203,38262
39204,38261
39205,38260
39206,38259
39207,38258
39208,38257
39209,38257
39210,38256
39211,38255
39212,38254
39213,38253
39214,38252
39215,38251
39216,38250
39217,38249
39218,38248
39219,38247
39220,38246
39221,38245
39222,38244
39223,38243
39224,38242
39225,38241
39226,38240
39227,38239
39228,38238
39229,38237
39230,38236
39231,38235
39232,38234
39233,38233
39234,38232
39235,38231
39236,38230
39237,38229
39238,38228
39239,38227
39240,38226
39241,38225
39242,38224
39243,38223
39244,38222
39245,38221
39246,38220
39247,38219
39248,38219
39249,38218
39250,38217
39251,38216
39252,38215
39253,38214
39254,38213
39255,38212
39256,38211
39257,38210
39258,38209
39259,38208
39260,38207
39261,38206
39262,38205
39263,38204
39264,38203
39265,38202
39266,38201
39267,38200
39268,38199
39269,38198
39270,38197
39271,38196
39272,38195
39273,38194
39274,38193
39275,38192
39276,38191
39277,38190
39278,38189
39279,38188
39280,38187
39281,38186
39282,38185
39283,38184
39284,38183
39285,38183
39286,38182
39287,38181
39288,38180
39289,38179
39290,38178
39291,38177
39292,38176
39293,38175
39294,38174
39295,38173
39296,38172
39297,38171
39298,38170
39299,38169
39300,38168
39301,38167
39302,38166
39303,38165
39304,38164
39305,38163
39306,38162
39307,38161
39308,38160
39309,38159
39310,38158
39311,38157
39312,38156
39313,38155
39314,38154
39315,38153
39316,38152
39317,38151
39318,38150
39319,38149
39320,38149
39321,38148
39322,38147
39323,38146
39324,38145
39325,38144
39326,38143
39327,38142
39328,38141
39329,38140
39330,38139
39331,38138
39332,38137
39333,38136
39334,38135
39335,38134
39336,38133
39337,38132
39338,38131
39339,38130
39340,38129
39341,38128
39342,38127
39343,38126
39344,38125
39345,38124
39346,38123
39347,38122
39348,38121
39349,38120
39350,38119
39351,38118
39352,38118
39353,38117
39354,38116
39355,38115
39356,38114
39357,38113
39358,38112
39359,38111
39360,38110
39361,38109
39362,38108
39363,38107
39364,38106
39365,38105
39366,38104
39367,38103
39368,38102
39369,38101
39370,38100
39371,38099
39372,38098
39373,38097
39374,38096
39375,38095
39376,38094
39377,38093
39378,38092
39379,38091
39380,38090
39381,38089
39382,38088
39383,38087
39384,38087
39385,38086
39386,38085
39387,38084
39388,38083
39389,38082
39390,38081
39391,38080
39392,38079
39393,38078
39394,38077
39395,38076
39396,38075
39397,38074
39398,38073
39399,38072
39400,38071
39401,38070
39402,38069
39403,38068
39404,38067
39405,38066
39406,38065
39407,38064
39408,38063
39409,38062
39410,38061
39411,38060
39412,38059
39413,38059
39414,38058
39415,38057
39416,38056
39417,38055
39418,38054
39419,38053
39420,38052
39421,38051
39422,38050
39423,38049
39424,38048
39425,38047
39426,38046
39427,38045
39428,38044
39429,38043
39430,38042
39431,38041
39432,38040
39433,38039
39434,38038
39435,38037
39436,38036
39437,38035
39438,38034
39439,38033
39440,38032
39441,38031
39442,38031
39443,38030
39444,38029
39445,38028
39446,38027
39447,38026
39448,38025
39449,38024
39450,38023
39451,38022
39452,38021
39453,38020
39454,38019
39455,38018
39456,38017
39457,38016
39458,38015
39459,38014
39460,38013
39461,38012
39462,38011
39463,38010
39464,38009
39465,38008
39466,38007
39467,38006
39468,38005
39469,38005
39470,38004
39471,38003
39472,38002
39473,38001
39474,38000
39475,37999
39476,37998
39477,37997
39478,37996
39479,37995
39480,37994
39481,37993
39482,37992
39483,37991
39484,37990
39485,37989
39486,37988
39487,37987
39488,37986
39489,37985
39490,37984
39491,37983
39492,37982
39493,37981
39494,37980
39495,37979
39496,37979
39497,37978
39498,37977
39499,37976
39500,37975
39501,37974
39502,37973
39503,37972
39504,37971
39505,37970
39506,37969
39507,37968
39508,37967
39509,37966
39510,37965
39511,37964
39512,37963
39513,37962
39514,37961
39515,37960
39516,37959
39517,37958
39518,37957
39519,37956
39520,37955
39521,37955
39522,37954
39523,37953
39524,37952
39525,37951
39526,37950
39527,37949
39528,37948
39529,37947
39530,37946
39531,37945
39532,37944
39533,37943
39534,37942
39535,37941
39536,37940
39537,37939
39538,37938
39539,37937
39540,37936
39541,37935
39542,37934
39543,37933
39544,37932
39545,37931
39546,37931
39547,37930
39548,37929
39549,37928
39550,37927
39551,37926
39552,37925
39553,37924
39554,37923
39555,37922
39556,37921
39557,37920
39558,37919
39559,37918
39560,37917
39561,37916
39562,37915
39563,37914
39564,37913
39565,37912
39566,37911
39567,37910
39568,37909
39569,37908
39570,37908
39571,37907
39572,37906
39573,37905
39574,37904
39575,37903
39576,37902
39577,37901
39578,37900
39579,37899
39580,37898
39581,37897
39582,37896
39583,37895
39584,37894
39585,37893
39586,37892
39587,37891
39588,37890
39589,37889
39590,37888
39591,37887
39592,37886
39593,37885
39594,37885
39595,37884
39596,37883
39597,37882
39598,37881
39599,37880
39600,37879
39601,37878
39602,37877
39603,37876
39604,37875
39605,37874
39606,37873
39607,37872
39608,37871
39609,37870
39610,37869
39611,37868
39612,37867
39613,37866
39614,37865
39615,37864
39616,37863
39617,37863
39618,37862
39619,37861
39620,37860
39621,37859
39622,37858
39623,37857
39624,37856
39625,37855
39626,37854
39627,37853
39628,37852
39629,37851
39630,37850
39631,37849
39632,37848
39633,37847
39634,37846
39635,37845
39636,37844
39637,37843
39638,37842
39639,37842
39640,37841
39641,37840
39642,37839
39643,37838
39644,37837
39645,37836
39646,37835
39647,37834
39648,37833
39649,37832
39650,37831
39651,37830
39652,37829
39653,37828
39654,37827
39655,37826
39656,37825
39657,37824
39658,37823
39659,37822
39660,37821
39661,37821
39662,37820
39663,37819
39664,37818
39665,37817
39666,37816
39667,37815
39668,37814
39669,37813
39670,37812
39671,37811
39672,37810
39673,37809
39674,37808
39675,37807
39676,37806
39677,37805
39678,37804
39679,37803
39680,37802
39681,37801
39682,37801
39683,37800
39684,37799
39685,37798
39686,37797
39687,37796
39688,37795
39689,37794
39690,37793
39691,37792
39692,37791
39693,37790
39694,37789
39695,37788
39696,37787
39697,37786
39698,37785
39699,37784
39700,37783
39701,37782
39702,37781
39703,37781
39704,37780
39705,37779
39706,37778
39707,37777
39708,37776
39709,37775
39710,37774
39711,37773
39712,37772
39713,37771
39714,37770
39715,37769
39716,37768
39717,37767
39718,37766
39719,37765
39720,37764
39721,37763
39722,37762
39723,37761
39724,37761
39725,37760
39726,37759
39727,37758
39728,37757
39729,37756
39730,37755
39731,37754
39732,37753
39733,37752
39734,37751
39735,37750
39736,37749
39737,37748
39738,37747
39739,37746
39740,37745
39741,37744
39742,37743
39743,37742
39744,37742
39745,37741
39746,37740
39747,37739
39748,37738
39749,37737
39750,37736
39751,37735
39752,37734
39753,37733
39754,37732
39755,37731
39756,37730
39757,37729
39758,37728
39759,37727
39760,37726
39761,37725
39762,37724
39763,37724
39764,37723
39765,37722
39766,37721
39767,37720
39768,37719
39769,37718
39770,37717
39771,37716
39772,37715
39773,37714
39774,37713
39775,37712
39776,37711
39777,37710
39778,37709
39779,37708
39780,37707
39781,37706
39782,37705
39783,37705
39784,37704
39785,37703
39786,37702
39787,37701
39788,37700
39789,37699
39790,37698
39791,37697
39792,37696
39793,37695
39794,37694
39795,37693
39796,37692
39797,37691
39798,37690
39799,37689
39800,37688
39801,37687
39802,37687
39803,37686
39804,37685
39805,37684
39806,37683
39807,37682
39808,37681
39809,37680
39810,37679
39811,37678
39812,37677
39813,37676
39814,37675
39815,37674
39816,37673
39817,37672
39818,37671
39819,37670
39820,37670
39821,37669
39822,37668
39823,37667
39824,37666
39825,37665
39826,37664
39827,37663
39828,37662
39829,37661
39830,37660
39831,37659
39832,37658
39833,37657
39834,37656
39835,37655
39836,37654
39837,37653
39838,37652
39839,37652
39840,37651
39841,37650
39842,37649
39843,37648
39844,37647
39845,37646
39846,37645
39847,37644
39848,37643
39849,37642
39850,37641
39851,37640
39852,37639
39853,37638
39854,37637
39855,37636
39856,37635
39857,37635
39858,37634
39859,37633
39860,37632
39861,37631
39862,37630
39863,37629
39864,37628
39865,37627
39866,37626
39867,37625
39868,37624
39869,37623
39870,37622
39871,37621
39872,37620
39873,37619
39874,37618
39875,37618
39876,37617
39877,37616
39878,37615
39879,37614
39880,37613
39881,37612
39882,37611
39883,37610
39884,37609
39885,37608
39886,37607
39887,37606
39888,37605
39889,37604
39890,37603
39891,37602
39892,37602
39893,37601
39894,37600
39895,37599
39896,37598
39897,37597
39898,37596
39899,37595
39900,37594
39901,37593
39902,37592
39903,37591
39904,37590
39905,37589
39906,37588
39907,37587
39908,37586
39909,37586
39910,37585
39911,37584
39912,37583
39913,37582
39914,37581
39915,37580
39916,37579
39917,37578
39918,37577
39919,37576
39920,37575
39921,37574
39922,37573
39923,37572
39924,37571
39925,37570
39926,37570
39927,37569
39928,37568
39929,37567
39930,37566
39931,37565
39932,37564
39933,37563
39934,37562
39935,37561
39936,37560
39937,37559
39938,37558
39939,37557
39940,37556
39941,37555
39942,37554
39943,37554
39944,37553
39945,37552
39946,37551
39947,37550
39948,37549
39949,37548
39950,37547
39951,37546
39952,37545
39953,37544
39954,37543
39955,37542
39956,37541
39957,37540
39958,37539
39959,37538
39960,37538
39961,37537
39962,37536
39963,37535
39964,37534
39965,37533
39966,37532
39967,37531
39968,37530
39969,37529
39970,37528
39971,37527
39972,37526
39973,37525
39974,37524
39975,37523
39976,37523
39977,37522
39978,37521
39979,37520
39980,37519
39981,37518
39982,37517
39983,37516
39984,37515
39985,37514
39986,37513
39987,37512
39988,37511
39989,37510
39990,37509
39991,37508
39992,37508
39993,37507
39994,37506
39995,37505
39996,37504
39997,37503
39998,37502
39999,37501
40000,37500
40001,37499
40002,37498
40003,37497
40004,37496
40005,37495
40006,37494
40007,37493
40008,37493
40009,37492
40010,37491
40011,37490
40012,37489
40013,37488
40014,37487
40015,37486
40016,37485
40017,37484
40018,37483
40019,37482
40020,37481
40021,37480
40022,37479
40023,37478
40024,37478
40025,37477
40026,37476
40027,37475
40028,37474
40029,37473
40030,37472
40031,37471
40032,37470
40033,37469
40034,37468
40035,37467
40036,37466
40037,37465
40038,37464
40039,37463
40040,37463
40041,37462
40042,37461
40043,37460
40044,37459
40045,37458
40046,37457
40047,37456
40048,37455
40049,37454
40050,37453
40051,37452
40052,37451
40053,37450
40054,37449
40055,37449
40056,37448
40057,37447
40058,37446
40059,37445
40060,37444
40061,37443
40062,37442
40063,37441
40064,37440
40065,37439
40066,37438
40067,37437
40068,37436
40069,37435
40070,37434
40071,37434
40072,37433
40073,37432
40074,37431
40075,37430
40076,37429
40077,37428
40078,37427
40079,37426
40080,37425
40081,37424
40082,37423
40083,37422
40084,37421
40085,37420
40086,37420
40087,37419
40088,37418
40089,37417
40090,37416
40091,37415
40092,37414
40093,37413
40094,37412
40095,37411
40096,37410
40097,37409
40098,37408
40099,37407
40100,37406
40101,37406
40102,37405
40103,37404
40104,37403
40105,37402
40106,37401
40107,37400
40108,37399
40109,37398
40110,37397
40111,37396
40112,37395
40113,37394
40114,37393
40115,37392
40116,37392
40117,37391
40118,37390
40119,37389
40120,37388
40121,37387
40122,37386
40123,37385
40124,37384
40125,37383
40126,37382
40127,37381
40128,37380
40129,37379
40130,37379
40131,37378
40132,37377
40133,37376
40134,37375
40135,37374
40136,37373
40137,37372
40138,37371
40139,37370
40140,37369
40141,37368
40142,37367
40143,37366
40144,37365
40145,37365
40146,37364
40147,37363
40148,37362
40149,37361
40150,37360
40151,37359
40152,37358
40153,37357
40154,37356
40155,37355
40156,37354
40157,37353
40158,37352
40159,37352
40160,37351
40161,37350
40162,37349
40163,37348
40164,37347
40165,37346
40166,37345
40167,37344
40168,37343
40169,37342
40170,37341
40171,37340
40172,37339
40173,37339
40174,37338
40175,37337
40176,37336
40177,37335
40178,37334
40179,37333
40180,37332
40181,37331
40182,37330
40183,37329
40184,37328
40185,37327
40186,37326
40187,37326
40188,37325
40189,37324
40190,37323
40191,37322
40192,37321
40193,37320
40194,37319
40195,37318
40196,37317
40197,37316
40198,37315
40199,37314
40200,37313
40201,37313
40202,37312
40203,37311
40204,37310
40205,37309
40206,37308
40207,37307
40208,37306
40209,37305
40210,37304
40211,37303
40212,37302
40213,37301
40214,37300
40215,37300
40216,37299
40217,37298
40218,37297
40219,37296
40220,37295
40221,37294
40222,37293
40223,37292
40224,37291
40225,37290
40226,37289
40227,37288
40228,37287
40229,37287
40230,37286
40231,37285
40232,37284
40233,37283
40234,37282
40235,37281
40236,37280
40237,37279
40238,37278
40239,37277
40240,37276
40241,37275
40242,37274
40243,37274
40244,37273
40245,37272
40246,37271
40247,37270
40248,37269
40249,37268
40250,37267
40251,37266
40252,37265
40253,37264
40254,37263
40255,37262
40256,37262
40257,37261
40258,37260
40259,37259
40260,37258
40261,37257
40262,37256
40263,37255
40264,37254
40265,37253
40266,37252
40267,37251
40268,37250
40269,37249
40270,37249
40271,37248
40272,37247
40273,37246
40274,37245
40275,37244
40276,37243
40277,37242
40278,37241
40279,37240
40280,37239
40281,37238
40282,37237
40283,37237
40284,37236
40285,37235
40286,37234
40287,37233
40288,37232
40289,37231
40290,37230
40291,37229
40292,37228
40293,37227
40294,37226
40295,37225
40296,37225
40297,37224
40298,37223
40299,37222
40300,37221
40301,37220
40302,37219
40303,37218
40304,37217
40305,37216
40306,37215
40307,37214
40308,37213
40309,37213
40310,37212
40311,37211
40312,37210
40313,37209
40314,37208
40315,37207
40316,37206
40317,37205
40318,37204
40319,37203
40320,37202
40321,37201
40322,37201
40323,37200
40324,37199
40325,37198
40326,37197
40327,37196
40328,37195
40329,37194
40330,37193
40331,37192
40332,37191
40333,37190
40334,37189
40335,37189
40336,37188
40337,37187
40338,37186
40339,37185
40340,37184
40341,37183
40342,37182
40343,37181
40344,37180
40345,37179
40346,37178
40347,37177
40348,37177
40349,37176
40350,37175
40351,37174
40352,37173
40353,37172
40354,37171
40355,37170
40356,37169
40357,37168
40358,37167
40359,37166
40360,37166
40361,37165
40362,37164
40363,37163
40364,37162
40365,37161
40366,37160
40367,37159
40368,37158
40369,37157
40370,37156
40371,37155
40372,37154
40373,37154
40374,37153
40375,37152
40376,37151
40377,37150
40378,37149
40379,37148
40380,37147
40381,37146
40382,37145
40383,37144
40384,37143
40385,37143
40386,37142
40387,37141
40388,37140
40389,37139
40390,37138
40391,37137
40392,37136
40393,37135
40394,37134
40395,37133
40396,37132
40397,37131
40398,37131
40399,37130
40400,37129
40401,37128
40402,37127
40403,37126
40404,37125
40405,37124
40406,37123
40407,37122
40408,37121
40409,37120
40410,37120
40411,37119
40412,37118
40413,37117
40414,37116
40415,37115
40416,37114
40417,37113
40418,37112
40419,37111
40420,37110
40421,37109
40422,37109
40423,37108
40424,37107
40425,37106
40426,37105
40427,37104
40428,37103
40429,37102
40430,37101
40431,37100
40432,37099
40433,37098
40434,37097
40435,37097
40436,37096
40437,37095
40438,37094
40439,37093
40440,37092
40441,37091
40442,37090
40443,37089
40444,37088
40445,37087
40446,37086
40447,37086
40448,37085
40449,37084
40450,37083
40451,37082
40452,37081
40453,37080
40454,37079
40455,37078
40456,37077
40457,37076
40458,37075
40459,37075
40460,37074
40461,37073
40462,37072
40463,37071
40464,37070
40465,37069
40466,37068
40467,37067
40468,37066
40469,37065
40470,37064
40471,37064
40472,37063
40473,37062
40474,37061
40475,37060
40476,37059
40477,37058
40478,37057
40479,37056
40480,37055
40481,37054
40482,37054
40483,37053
40484,37052
40485,37051
40486,37050
40487,37049
40488,37048
40489,37047
40490,37046
40491,37045
40492,37044
40493,37043
40494,37043
40495,37042
40496,37041
40497,37040
40498,37039
40499,37038
40500,37037
40501,37036
40502,37035
40503,37034
40504,37033
40505,37032
40506,37032
40507,37031
40508,37030
40509,37029
40510,37028
40511,37027
40512,37026
40513,37025
40514,37024
40515,37023
40516,37022
40517,37021
40518,37021
40519,37020
40520,37019
40521,37018
40522,37017
40523,37016
40524,37015
40525,37014
40526,37013
40527,37012
40528,37011
40529,37011
40530,37010
40531,37009
40532,37008
40533,37007
40534,37006
40535,37005
40536,37004
40537,37003
40538,37002
40539,37001
40540,37000
40541,37000
40542,36999
40543,36998
40544,36997
40545,36996
40546,36995
40547,36994
40548,36993
40549,36992
40550,36991
40551,36990
40552,36990
40553,36989
40554,36988
40555,36987
40556,36986
40557,36985
40558,36984
40559,36983
40560,36982
40561,36981
40562,36980
40563,36980
40564,36979
40565,36978
40566,36977
40567,36976
40568,36975
40569,36974
40570,36973
40571,36972
40572,36971
40573,36970
40574,36969
40575,36969
40576,36968
40577,36967
40578,36966
40579,36965
40580,36964
40581,36963
40582,36962
40583,36961
40584,36960
40585,36959
40586,36959
40587,36958
40588,36957
40589,36956
40590,36955
40591,36954
40592,36953
40593,36952
40594,36951
40595,36950
40596,36949
40597,36949
40598,36948
40599,36947
40600,36946
40601,36945
40602,36944
40603,36943
40604,36942
40605,36941
40606,36940
40607,36939
40608,36939
40609,36938
40610,36937
40611,36936
40612,36935
40613,36934
40614,36933
40615,36932
40616,36931
40617,36930
40618,36929
40619,36929
40620,36928
40621,36927
40622,36926
40623,36925
40624,36924
40625,36923
40626,36922
40627,36921
40628,36920
40629,36919
40630,36919
40631,36918
40632,36917
40633,36916
40634,36915
40635,36914
40636,36913
40637,36912
40638,36911
40639,36910
40640,36909
40641,36909
40642,36908
40643,36907
40644,36906
40645,36905
40646,36904
40647,36903
40648,36902
40649,36901
40650,36900
40651,36899
40652,36899
40653,36898
40654,36897
40655,36896
40656,36895
40657,36894
40658,36893
40659,36892
40660,36891
40661,36890
40662,36889
40663,36889
40664,36888
40665,36887
40666,36886
40667,36885
40668,36884
40669,36883
40670,36882
40671,36881
40672,36880
40673,36880
40674,36879
40675,36878
40676,36877
40677,36876
40678,36875
40679,36874
40680,36873
40681,36872
40682,36871
40683,36870
40684,36870
40685,36869
40686,36868
40687,36867
40688,36866
40689,36865
40690,36864
40691,36863
40692,36862
40693,36861
40694,36860
40695,36860
40696,36859
40697,36858
40698,36857
40699,36856
40700,36855
40701,36854
40702,36853
40703,36852
40704,36851
40705,36851
40706,36850
40707,36849
40708,36848
40709,36847
40710,36846
40711,36845
40712,36844
40713,36843
40714,36842
40715,36841
40716,36841
40717,36840
40718,36839
40719,36838
40720,36837
40721,36836
40722,36835
40723,36834
40724,36833
40725,36832
40726,36832
40727,36831
40728,36830
40729,36829
40730,36828
40731,36827
40732,36826
40733,36825
40734,36824
40735,36823
40736,36822
40737,36822
40738,36821
40739,36820
40740,36819
40741,36818
40742,36817
40743,36816
40744,36815
40745,36814
40746,36813
40747,36813
40748,36812
40749,36811
40750,36810
40751,36809
40752,36808
40753,36807
40754,36806
40755,36805
40756,36804
40757,36803
40758,36803
40759,36802
40760,36801
40761,36800
40762,36799
40763,36798
40764,36797
40765,36796
40766,36795
40767,36794
40768,36794
40769,36793
40770,36792
40771,36791
40772,36790
40773,36789
40774,36788
40775,36787
40776,36786
40777,36785
40778,36785
40779,36784
40780,36783
40781,36782
40782,36781
40783,36780
40784,36779
40785,36778
40786,36777
40787,36776
40788,36776
40789,36775
40790,36774
40791,36773
40792,36772
40793,36771
40794,36770
40795,36769
40796,36768
40797,36767
40798,36767
40799,36766
40800,36765
40801,36764
40802,36763
40803,36762
40804,36761
40805,36760
40806,36759
40807,36758
40808,36757
40809,36757
40810,36756
40811,36755
40812,36754
40813,36753
40814,36752
40815,36751
40816,36750
40817,36749
40818,36748
40819,36748
40820,36747
40821,36746
40822,36745
40823,36744
40824,36743
40825,36742
40826,36741
40827,36740
40828,36739
40829,36739
40830,36738
40831,36737
40832,36736
40833,36735
40834,36734
40835,36733
40836,36732
40837,36731
40838,36730
40839,36730
40840,36729
40841,36728
40842,36727
40843,36726
40844,36725
40845,36724
40846,36723
40847,36722
40848,36722
40849,36721
40850,36720
40851,36719
40852,36718
40853,36717
40854,36716
40855,36715
40856,36714
40857,36713
40858,36713
40859,36712
40860,36711
40861,36710
40862,36709
40863,36708
40864,36707
40865,36706
40866,36705
40867,36704
40868,36704
40869,36703
40870,36702
40871,36701
40872,36700
40873,36699
40874,36698
40875,36697
40876,36696
40877,36695
40878,36695
40879,36694
40880,36693
40881,36692
40882,36691
40883,36690
40884,36689
40885,36688
40886,36687
40887,36686
40888,36686
40889,36685
40890,36684
40891,36683
40892,36682
40893,36681
40894,36680
40895,36679
40896,36678
40897,36678
40898,36677
40899,36676
40900,36675
40901,36674
40902,36673
40903,36672
40904,36671
40905,36670
40906,36669
40907,36669
40908,36668
40909,36667
40910,36666
40911,36665
40912,36664
40913,36663
40914,36662
40915,36661
40916,36660
40917,36660
40918,36659
40919,36658
40920,36657
40921,36656
40922,36655
40923,36654
40924,36653
40925,36652
40926,36652
40927,36651
40928,36650
40929,36649
40930,36648
40931,36647
40932,36646
40933,36645
40934,36644
40935,36643
40936,36643
40937,36642
40938,36641
40939,36640
40940,36639
40941,36638
40942,36637
40943,36636
40944,36635
40945,36635
40946,36634
40947,36633
40948,36632
40949,36631
40950,36630
40951,36629
40952,36628
40953,36627
40954,36626
40955,36626
40956,36625
40957,36624
40958,36623
40959,36622
40960,36621
40961,36620
40962,36619
40963,36618
40964,36618
40965,36617
40966,36616
40967,36615
40968,36614
40969,36613
40970,36612
40971,36611
40972,36610
40973,36609
40974,36609
40975,36608
40976,36607
40977,36606
40978,36605
40979,36604
40980,36603
40981,36602
40982,36601
40983,36601
40984,36600
40985,36599
40986,36598
40987,36597
40988,36596
40989,36595
40990,36594
40991,36593
40992,36593
40993,36592
40994,36591
40995,36590
40996,36589
40997,36588
40998,36587
40999,36586
41000,36585
41001,36584
41002,36584
41003,36583
41004,36582
41005,36581
41006,36580
41007,36579
41008,36578
41009,36577
41010,36576
41011,36576
41012,36575
41013,36574
41014,36573
41015,36572
41016,36571
41017,36570
41018,36569
41019,36568
41020,36568
41021,36567
41022,36566
41023,36565
41024,36564
41025,36563
41026,36562
41027,36561
41028,36560
41029,36560
41030,36559
41031,36558
41032,36557
41033,36556
41034,36555
41035,36554
41036,36553
41037,36552
41038,36551
41039,36551
41040,36550
41041,36549
41042,36548
41043,36547
41044,36546
41045,36545
41046,36544
41047,36543
41048,36543
41049,36542
41050,36541
41051,36540
41052,36539
41053,36538
41054,36537
41055,36536
41056,36535
41057,36535
41058,36534
41059,36533
41060,36532
41061,36531
41062,36530
41063,36529
41064,36528
41065,36527
41066,36527
41067,36526
41068,36525
41069,36524
41070,36523
41071,36522
41072,36521
41073,36520
41074,36519
41075,36519
41076,36518
41077,36517
41078,36516
41079,36515
41080,36514
41081,36513
41082,36512
41083,36511
41084,36511
41085,36510
41086,36509
41087,36508
41088,36507
41089,36506
41090,36505
41091,36504
41092,36503
41093,36503
41094,36502
41095,36501
41096,36500
41097,36499
41098,36498
41099,36497
41100,36496
41101,36495
41102,36495
41103,36494
41104,36493
41105,36492
41106,36491
41107,36490
41108,36489
41109,36488
41110,36487
41111,36487
41112,36486
41113,36485
41114,36484
41115,36483
41116,36482
41117,36481
41118,36480
41119,36479
41120,36479
41121,36478
41122,36477
41123,36476
41124,36475
41125,36474
41126,36473
41127,36472
41128,36472
41129,36471
41130,36470
41131,36469
41132,36468
41133,36467
41134,36466
41135,36465
41136,36464
41137,36464
41138,36463
41139,36462
41140,36461
41141,36460
41142,36459
41143,36458
41144,36457
41145,36456
41146,36456
41147,36455
41148,36454
41149,36453
41150,36452
41151,36451
41152,36450
41153,36449
41154,36448
41155,36448
41156,36447
41157,36446
41158,36445
41159,36444
41160,36443
41161,36442
41162,36441
41163,36440
41164,36440
41165,36439
41166,36438
41167,36437
41168,36436
41169,36435
41170,36434
41171,36433
41172,36433
41173,36432
41174,36431
41175,36430
41176,36429
41177,36428
41178,36427
41179,36426
41180,36425
41181,36425
41182,36424
41183,36423
41184,36422
41185,36421
41186,36420
41187,36419
41188,36418
41189,36417
41190,36417
41191,36416
41192,36415
41193,36414
41194,36413
41195,36412
41196,36411
41197,36410
41198,36410
41199,36409
41200,36408
41201,36407
41202,36406
41203,36405
41204,36404
41205,36403
41206,36402
41207,36402
41208,36401
41209,36400
41210,36399
41211,36398
41212,36397
41213,36396
41214,36395
41215,36395
41216,36394
41217,36393
41218,36392
41219,36391
41220,36390
41221,36389
41222,36388
41223,36387
41224,36387
41225,36386
41226,36385
41227,36384
41228,36383
41229,36382
41230,36381
41231,36380
41232,36380
41233,36379
41234,36378
41235,36377
41236,36376
41237,36375
41238,36374
41239,36373
41240,36372
41241,36372
41242,36371
41243,36370
41244,36369
41245,36368
41246,36367
41247,36366
41248,36365
41249,36365
41250,36364
41251,36363
41252,36362
41253,36361
41254,36360
41255,36359
41256,36358
41257,36357
41258,36357
41259,36356
41260,36355
41261,36354
41262,36353
41263,36352
41264,36351
41265,36350
41266,36350
41267,36349
41268,36348
41269,36347
41270,36346
41271,36345
41272,36344
41273,36343
41274,36342
41275,36342
41276,36341
41277,36340
41278,36339
41279,36338
41280,36337
41281,36336
41282,36335
41283,36335
41284,36334
41285,36333
41286,36332
41287,36331
41288,36330
41289,36329
41290,36328
41291,36328
41292,36327
41293,36326
41294,36325
41295,36324
41296,36323
41297,36322
41298,36321
41299,36320
41300,36320
41301,36319
41302,36318
41303,36317
41304,36316
41305,36315
41306,36314
41307,36313
41308,36313
41309,36312
41310,36311
41311,36310
41312,36309
41313,36308
41314,36307
41315,36306
41316,36306
41317,36305
41318,36304
41319,36303
41320,36302
41321,36301
41322,36300
41323,36299
41324,36299
41325,36298
41326,36297
41327,36296
41328,36295
41329,36294
41330,36293
41331,36292
41332,36291
41333,36291
41334,36290
41335,36289
41336,36288
41337,36287
41338,36286
41339,36285
41340,36284
41341,36284
41342,36283
41343,36282
41344,36281
41345,36280
41346,36279
41347,36278
41348,36277
41349,36277
41350,36276
41351,36275
41352,36274
41353,36273
41354,36272
41355,36271
41356,36270
41357,36270
41358,36269
41359,36268
41360,36267
41361,36266
41362,36265
41363,36264
41364,36263
41365,36263
41366,36262
41367,36261
41368,36260
41369,36259
41370,36258
41371,36257
41372,36256
41373,36256
41374,36255
41375,36254
41376,36253
41377,36252
41378,36251
41379,36250
41380,36249
41381,36249
41382,36248
41383,36247
41384,36246
41385,36245
41386,36244
41387,36243
41388,36242
41389,36242
41390,36241
41391,36240
41392,36239
41393,36238
41394,36237
41395,36236
41396,36235
41397,36235
41398,36234
41399,36233
41400,36232
41401,36231
41402,36230
41403,36229
41404,36228
41405,36228
41406,36227
41407,36226
41408,36225
41409,36224
41410,36223
41411,36222
41412,36221
41413,36221
41414,36220
41415,36219
41416,36218
41417,36217
41418,36216
41419,36215
41420,36214
41421,36214
41422,36213
41423,36212
41424,36211
41425,36210
41426,36209
41427,36208
41428,36207
41429,36207
41430,36206
41431,36205
41432,36204
41433,36203
41434,36202
41435,36201
41436,36200
41437,36200
41438,36199
41439,36198
41440,36197
41441,36196
41442,36195
41443,36194
41444,36193
41445,36193
41446,36192
41447,36191
41448,36190
41449,36189
41450,36188
41451,36187
41452,36186
41453,36186
41454,36185
41455,36184
41456,36183
41457,36182
41458,36181
41459,36180
41460,36179
41461,36179
41462,36178
41463,36177
41464,36176
41465,36175
41466,36174
41467,36173
41468,36172
41469,36172
41470,36171
41471,36170
41472,36169
41473,36168
41474,36167
41475,36166
41476,36165
41477,36165
41478,36164
41479,36163
41480,36162
41481,36161
41482,36160
41483,36159
41484,36159
41485,36158
41486,36157
41487,36156
41488,36155
41489,36154
41490,36153
41491,36152
41492,36152
41493,36151
41494,36150
41495,36149
41496,36148
41497,36147
41498,36146
41499,36145
41500,36145
41501,36144
41502,36143
41503,36142
41504,36141
41505,36140
41506,36139
41507,36138
41508,36138
41509,36137
41510,36136
41511,36135
41512,36134
41513,36133
41514,36132
41515,36132
41516,36131
41517,36130
41518,36129
41519,36128
41520,36127
41521,36126
41522,36125
41523,36125
41524,36124
41525,36123
41526,36122
41527,36121
41528,36120
41529,36119
41530,36118
41531,36118
41532,36117
41533,36116
41534,36115
41535,36114
41536,36113
41537,36112
41538,36112
41539,36111
41540,36110
41541,36109
41542,36108
41543,36107
41544,36106
41545,36105
41546,36105
41547,36104
41548,36103
41549,36102
41550,36101
41551,36100
41552,36099
41553,36098
41554,36098
41555,36097
41556,36096
41557,36095
41558,36094
41559,36093
41560,36092
41561,36092
41562,36091
41563,36090
41564,36089
41565,36088
41566,36087
41567,36086
41568,36085
41569,36085
41570,36084
41571,36083
41572,36082
41573,36081
41574,36080
41575,36079
41576,36079
41577,36078
41578,36077
41579,36076
41580,36075
41581,36074
41582,36073
41583,36072
41584,36072
41585,36071
41586,36070
41587,36069
41588,36068
41589,36067
41590,36066
41591,36065
41592,36065
41593,36064
41594,36063
41595,36062
41596,36061
41597,36060
41598,36059
41599,36059
41600,36058
41601,36057
41602,36056
41603,36055
41604,36054
41605,36053
41606,36052
41607,36052
41608,36051
41609,36050
41610,36049
41611,36048
41612,36047
41613,36046
41614,36046
41615,36045
41616,36044
41617,36043
41618,36042
41619,36041
41620,36040
41621,36039
41622,36039
41623,36038
41624,36037
41625,36036
41626,36035
41627,36034
41628,36033
41629,36033
41630,36032
41631,36031
41632,36030
41633,36029
41634,36028
41635,36027
41636,36027
41637,36026
41638,36025
41639,36024
41640,36023
41641,36022
41642,36021
41643,36020
41644,36020
41645,36019
41646,36018
41647,36017
41648,36016
41649,36015
41650,36014
41651,36014
41652,36013
41653,36012
41654,36011
41655,36010
41656,36009
41657,36008
41658,36007
41659,36007
41660,36006
41661,36005
41662,36004
41663,36003
41664,36002
41665,36001
41666,36001
41667,36000
41668,35999
41669,35998
41670,35997
41671,35996
41672,35995
41673,35995
41674,35994
41675,35993
41676,35992
41677,35991
41678,35990
41679,35989
41680,35988
41681,35988
41682,35987
41683,35986
41684,35985
41685,35984
41686,35983
41687,35982
41688,35982
41689,35981
41690,35980
41691,35979
41692,35978
41693,35977
41694,35976
41695,35976
41696,35975
41697,35974
41698,35973
41699,35972
41700,35971
41701,35970
41702,35969
41703,35969
41704,35968
41705,35967
41706,35966
41707,35965
41708,35964
41709,35963
41710,35963
41711,35962
41712,35961
41713,35960
41714,35959
41715,35958
41716,35957
41717,35957
41718,35956
41719,35955
41720,35954
41721,35953
41722,35952
41723,35951
41724,35951
41725,35950
41726,35949
41727,35948
41728,35947
41729,35946
41730,35945
41731,35945
41732,35944
41733,35943
41734,35942
41735,35941
41736,35940
41737,35939
41738,35938
41739,35938
41740,35937
41741,35936
41742,35935
41743,35934
41744,35933
41745,35932
41746,35932
41747,35931
41748,35930
41749,35929
41750,35928
41751,35927
41752,35926
41753,35926
41754,35925
41755,35924
41756,35923
41757,35922
41758,35921
41759,35920
41760,35920
41761,35919
41762,35918
41763,35917
41764,35916
41765,35915
41766,35914
41767,35914
41768,35913
41769,35912
41770,35911
41771,35910
41772,35909
41773,35908
41774,35908
41775,35907
41776,35906
41777,35905
41778,35904
41779,35903
41780,35902
41781,35901
41782,35901
41783,35900
41784,35899
41785,35898
41786,35897
41787,35896
41788,35895
41789,35895
41790,35894
41791,35893
41792,35892
41793,35891
41794,35890
41795,35889
41796,35889
41797,35888
41798,35887
41799,35886
41800,35885
41801,35884
41802,35883
41803,35883
41804,35882
41805,35881
41806,35880
41807,35879
41808,35878
41809,35877
41810,35877
41811,35876
41812,35875
41813,35874
41814,35873
41815,35872
41816,35871
41817,35871
41818,35870
41819,35869
41820,35868
41821,35867
41822,35866
41823,35865
41824,35865
41825,35864
41826,35863
41827,35862
41828,35861
41829,35860
41830,35859
41831,35859
41832,35858
41833,35857
41834,35856
41835,35855
41836,35854
41837,35853
41838,35853
41839,35852
41840,35851
41841,35850
41842,35849
41843,35848
41844,35847
41845,35847
41846,35846
41847,35845
41848,35844
41849,35843
41850,35842
41851,35841
41852,35841
41853,35840
41854,35839
41855,35838
41856,35837
41857,35836
41858,35835
41859,35835
41860,35834
41861,35833
41862,35832
41863,35831
41864,35830
41865,35829
41866,35829
41867,35828
41868,35827
41869,35826
41870,35825
41871,35824
41872,35823
41873,35823
41874,35822
41875,35821
41876,35820
41877,35819
41878,35818
41879,35817
41880,35817
41881,35816
41882,35815
41883,35814
41884,35813
41885,35812
41886,35811
41887,35811
41888,35810
41889,35809
41890,35808
41891,35807
41892,35806
41893,35806
41894,35805
41895,35804
41896,35803
41897,35802
41898,35801
41899,35800
41900,35800
41901,35799
41902,35798
41903,35797
41904,35796
41905,35795
41906,35794
41907,35794
41908,35793
41909,35792
41910,35791
41911,35790
41912,35789
41913,35788
41914,35788
41915,35787
41916,35786
41917,35785
41918,35784
41919,35783
41920,35782
41921,35782
41922,35781
41923,35780
41924,35779
41925,35778
41926,35777
41927,35776
41928,35776
41929,35775
41930,35774
41931,35773
41932,35772
41933,35771
41934,35770
41935,35770
41936,35769
41937,35768
41938,35767
41939,35766
41940,35765
41941,35765
41942,35764
41943,35763
41944,35762
41945,35761
41946,35760
41947,35759
41948,35759
41949,35758
41950,35757
41951,35756
41952,35755
41953,35754
41954,35753
41955,35753
41956,35752
41957,35751
41958,35750
41959,35749
41960,35748
41961,35747
41962,35747
41963,35746
41964,35745
41965,35744
41966,35743
41967,35742
41968,35742
41969,35741
41970,35740
41971,35739
41972,35738
41973,35737
41974,35736
41975,35736
41976,35735
41977,35734
41978,35733
41979,35732
41980,35731
41981,35730
41982,35730
41983,35729
41984,35728
41985,35727
41986,35726
41987,35725
41988,35724
41989,35724
41990,35723
41991,35722
41992,35721
41993,35720
41994,35719
41995,35719
41996,35718
41997,35717
41998,35716
41999,35715
42000,35714
42001,35713
42002,35713
42003,35712
42004,35711
42005,35710
42006,35709
42007,35708
42008,35707
42009,35707
42010,35706
42011,35705
42012,35704
42013,35703
42014,35702
42015,35702
42016,35701
42017,35700
42018,35699
42019,35698
42020,35697
42021,35696
42022,35696
42023,35695
42024,35694
42025,35693
42026,35692
42027,35691
42028,35690
42029,35690
42030,35689
42031,35688
42032,35687
42033,35686
42034,35685
42035,35685
42036,35684
42037,35683
42038,35682
42039,35681
42040,35680
42041,35679
42042,35679
42043,35678
42044,35677
42045,35676
42046,35675
42047,35674
42048,35674
42049,35673
42050,35672
42051,35671
42052,35670
42053,35669
42054,35668
42055,35668
42056,35667
42057,35666
42058,35665
42059,35664
42060,35663
42061,35662
42062,35662
42063,35661
42064,35660
42065,35659
42066,35658
42067,35657
42068,35657
42069,35656
42070,35655
42071,35654
42072,35653
42073,35652
42074,35651
42075,35651
42076,35650
42077,35649
42078,35648
42079,35647
42080,35646
42081,35646
42082,35645
42083,35644
42084,35643
42085,35642
42086,35641
42087,35640
42088,35640
42089,35639
42090,35638
42091,35637
42092,35636
42093,35635
42094,35635
42095,35634
42096,35633
42097,35632
42098,35631
42099,35630
42100,35629
42101,35629
42102,35628
42103,35627
42104,35626
42105,35625
42106,35624
42107,35624
42108,35623
42109,35622
42110,35621
42111,35620
42112,35619
42113,35618
42114,35618
42115,35617
42116,35616
42117,35615
42118,35614
42119,35613
42120,35613
42121,35612
42122,35611
42123,35610
42124,35609
42125,35608
42126,35607
42127,35607
42128,35606
42129,35605
42130,35604
42131,35603
42132,35602
42133,35602
42134,35601
42135,35600
42136,35599
42137,35598
42138,35597
42139,35596
42140,35596
42141,35595
42142,35594
42143,35593
42144,35592
42145,35591
42146,35591
42147,35590
42148,35589
42149,35588
42150,35587
42151,35586
42152,35586
42153,35585
42154,35584
42155,35583
42156,35582
42157,35581
42158,35580
42159,35580
42160,35579
42161,35578
42162,35577
42163,35576
42164,35575
42165,35575
42166,35574
42167,35573
42168,35572
42169,35571
42170,35570
42171,35569
42172,35569
42173,35568
42174,35567
42175,35566
42176,35565
42177,35564
42178,35564
42179,35563
42180,35562
42181,35561
42182,35560
42183,35559
42184,35559
42185,35558
42186,35557
42187,35556
42188,35555
42189,35554
42190,35553
42191,35553
42192,35552
42193,35551
42194,35550
42195,35549
42196,35548
42197,35548
42198,35547
42199,35546
42200,35545
42201,35544
42202,35543
42203,35542
42204,35542
42205,35541
42206,35540
42207,35539
42208,35538
42209,35537
42210,35537
42211,35536
42212,35535
42213,35534
42214,35533
42215,35532
42216,35532
42217,35531
42218,35530
42219,35529
42220,35528
42221,35527
42222,35527
42223,35526
42224,35525
42225,35524
42226,35523
42227,35522
42228,35521
42229,35521
42230,35520
42231,35519
42232,35518
42233,35517
42234,35516
42235,35516
42236,35515
42237,35514
42238,35513
42239,35512
42240,35511
42241,35511
42242,35510
42243,35509
42244,35508
42245,35507
42246,35506
42247,35505
42248,35505
42249,35504
42250,35503
42251,35502
42252,35501
42253,35500
42254,35500
42255,35499
42256,35498
42257,35497
42258,35496
42259,35495
42260,35495
42261,35494
42262,35493
42263,35492
42264,35491
42265,35490
42266,35490
42267,35489
42268,35488
42269,35487
42270,35486
42271,35485
42272,35484
42273,35484
42274,35483
42275,35482
42276,35481
42277,35480
42278,35479
42279,35479
42280,35478
42281,35477
42282,35476
42283,35475
42284,35474
42285,35474
42286,35473
42287,35472
42288,35471
42289,35470
42290,35469
42291,35469
42292,35468
42293,35467
42294,35466
42295,35465
42296,35464
42297,35464
42298,35463
42299,35462
42300,35461
42301,35460
42302,35459
42303,35458
42304,35458
42305,35457
42306,35456
42307,35455
42308,35454
42309,35453
42310,35453
42311,35452
42312,35451
42313,35450
42314,35449
42315,35448
42316,35448
42317,35447
42318,35446
42319,35445
42320,35444
42321,35443
42322,35443
42323,35442
42324,35441
42325,35440
42326,35439
42327,35438
42328,35438
42329,35437
42330,35436
42331,35435
42332,35434
42333,35433
42334,35433
42335,35432
42336,35431
42337,35430
42338,35429
42339,35428
42340,35427
42341,35427
42342,35426
42343,35425
42344,35424
42345,35423
42346,35422
42347,35422
42348,35421
42349,35420
42350,35419
42351,35418
42352,35417
42353,35417
42354,35416
42355,35415
42356,35414
42357,35413
42358,35412
42359,35412
42360,35411
42361,35410
42362,35409
42363,35408
42364,35407
42365,35407
42366,35406
42367,35405
42368,35404
42369,35403
42370,35402
42371,35402
42372,35401
42373,35400
42374,35399
42375,35398
42376,35397
42377,35397
42378,35396
42379,35395
42380,35394
42381,35393
42382,35392
42383,35392
42384,35391
42385,35390
42386,35389
42387,35388
42388,35387
42389,35387
42390,35386
42391,35385
42392,35384
42393,35383
42394,35382
42395,35382
42396,35381
42397,35380
42398,35379
42399,35378
42400,35377
42401,35377
42402,35376
42403,35375
42404,35374
42405,35373
42406,35372
42407,35372
42408,35371
42409,35370
42410,35369
42411,35368
42412,35367
42413,35367
42414,35366
42415,35365
42416,35364
42417,35363
42418,35362
42419,35362
42420,35361
42421,35360
42422,35359
42423,35358
42424,35357
42425,35357
42426,35356
42427,35355
42428,35354
42429,35353
42430,35352
42431,35352
42432,35351
42433,35350
42434,35349
42435,35348
42436,35347
42437,35347
42438,35346
42439,35345
42440,35344
42441,35343
42442,35342
42443,35342
42444,35341
42445,35340
42446,35339
42447,35338
42448,35337
42449,35337
42450,35336
42451,35335
42452,35334
42453,35333
42454,35332
42455,35332
42456,35331
42457,35330
42458,35329
42459,35328
42460,35327
42461,35327
42462,35326
42463,35325
42464,35324
42465,35323
42466,35322
42467,35322
42468,35321
42469,35320
42470,35319
42471,35318
42472,35317
42473,35317
42474,35316
42475,35315
42476,35314
42477,35313
42478,35312
42479,35312
42480,35311
42481,35310
42482,35309
42483,35308
42484,35307
42485,35307
42486,35306
42487,35305
42488,35304
42489,35303
42490,35302
42491,35302
42492,35301
42493,35300
42494,35299
42495,35298
42496,35297
42497,35297
42498,35296
42499,35295
42500,35294
42501,35293
42502,35292
42503,35292
42504,35291
42505,35290
42506,35289
42507,35288
42508,35287
42509,35287
42510,35286
42511,35285
42512,35284
42513,35283
42514,35282
42515,35282
42516,35281
42517,35280
42518,35279
42519,35278
42520,35278
42521,35277
42522,35276
42523,35275
42524,35274
42525,35273
42526,35273
42527,35272
42528,35271
42529,35270
42530,35269
42531,35268
42532,35268
42533,35267
42534,35266
42535,35265
42536,35264
42537,35263
42538,35263
42539,35262
42540,35261
42541,35260
42542,35259
42543,35258
42544,35258
42545,35257
42546,35256
42547,35255
42548,35254
42549,35253
42550,35253
42551,35252
42552,35251
42553,35250
42554,35249
42555,35249
42556,35248
42557,35247
42558,35246
42559,35245
42560,35244
42561,35244
42562,35243
42563,35242
42564,35241
42565,35240
42566,35239
42567,35239
42568,35238
42569,35237
42570,35236
42571,35235
42572,35234
42573,35234
42574,35233
42575,35232
42576,35231
42577,35230
42578,35229
42579,35229
42580,35228
42581,35227
42582,35226
42583,35225
42584,35224
42585,35224
42586,35223
42587,35222
42588,35221
42589,35220
42590,35220
42591,35219
42592,35218
42593,35217
42594,35216
42595,35215
42596,35215
42597,35214
42598,35213
42599,35212
42600,35211
42601,35210
42602,35210
42603,35209
42604,35208
42605,35207
42606,35206
42607,35205
42608,35205
42609,35204
42610,35203
42611,35202
42612,35201
42613,35201
42614,35200
42615,35199
42616,35198
42617,35197
42618,35196
42619,35196
42620,35195
42621,35194
42622,35193
42623,35192
42624,35191
42625,35191
42626,35190
42627,35189
42628,35188
42629,35187
42630,35186
42631,35186
42632,35185
42633,35184
42634,35183
42635,35182
42636,35182
42637,35181
42638,35180
42639,35179
42640,35178
42641,35177
42642,35177
42643,35176
42644,35175
42645,35174
42646,35173
42647,35172
42648,35172
42649,35171
42650,35170
42651,35169
42652,35168
42653,35168
42654,35167
42655,35166
42656,35165
42657,35164
42658,35163
42659,35163
42660,35162
42661,35161
42662,35160
42663,35159
42664,35158
42665,35158
42666,35157
42667,35156
42668,35155
42669,35154
42670,35154
42671,35153
42672,35152
42673,35151
42674,35150
42675,35149
42676,35149
42677,35148
42678,35147
42679,35146
42680,35145
42681,35144
42682,35144
42683,35143
42684,35142
42685,35141
42686,35140
42687,35140
42688,35139
42689,35138
42690,35137
42691,35136
42692,35135
42693,35135
42694,35134
42695,35133
42696,35132
42697,35131
42698,35130
42699,35130
42700,35129
42701,35128
42702,35127
42703,35126
42704,35126
42705,35125
42706,35124
42707,35123
42708,35122
42709,35121
42710,35121
42711,35120
42712,35119
42713,35118
42714,35117
42715,35116
42716,35116
42717,35115
42718,35114
42719,35113
42720,35112
42721,35112
42722,35111
42723,35110
42724,35109
42725,35108
42726,35107
42727,35107
42728,35106
42729,35105
42730,35104
42731,35103
42732,35102
42733,35102
42734,35101
42735,35100
42736,35099
42737,35098
42738,35098
42739,35097
42740,35096
42741,35095
42742,35094
42743,35093
42744,35093
42745,35092
42746,35091
42747,35090
42748,35089
42749,35089
42750,35088
42751,35087
42752,35086
42753,35085
42754,35084
42755,35084
42756,35083
42757,35082
42758,35081
42759,35080
42760,35080
42761,35079
42762,35078
42763,35077
42764,35076
42765,35075
42766,35075
42767,35074
42768,35073
42769,35072
42770,35071
42771,35070
42772,35070
42773,35069
42774,35068
42775,35067
42776,35066
42777,35066
42778,35065
42779,35064
42780,35063
42781,35062
42782,35061
42783,35061
42784,35060
42785,35059
42786,35058
42787,35057
42788,35057
42789,35056
42790,35055
42791,35054
42792,35053
42793,35052
42794,35052
42795,35051
42796,35050
42797,35049
42798,35048
42799,35048
42800,35047
42801,35046
42802,35045
42803,35044
42804,35043
42805,35043
42806,35042
42807,35041
42808,35040
42809,35039
42810,35039
42811,35038
42812,35037
42813,35036
42814,35035
42815,35034
42816,35034
42817,35033
42818,35032
42819,35031
42820,35030
42821,35030
42822,35029
42823,35028
42824,35027
42825,35026
42826,35025
42827,35025
42828,35024
42829,35023
42830,35022
42831,35021
42832,35021
42833,35020
42834,35019
42835,35018
42836,35017
42837,35016
42838,35016
42839,35015
42840,35014
42841,35013
42842,35012
42843,35012
42844,35011
42845,35010
42846,35009
42847,35008
42848,35007
42849,35007
42850,35006
42851,35005
42852,35004
42853,35003
42854,35003
42855,35002
42856,35001
42857,35000
42858,34999
42859,34998
42860,34998
42861,34997
42862,34996
42863,34995
42864,34994
42865,34994
42866,34993
42867,34992
42868,34991
42869,34990
42870,34990
42871,34989
42872,34988
42873,34987
42874,34986
42875,34985
42876,34985
42877,34984
42878,34983
42879,34982
42880,34981
42881,34981
42882,34980
42883,34979
42884,34978
42885,34977
42886,34976
42887,34976
42888,34975
42889,34974
42890,34973
42891,34972
42892,34972
42893,34971
42894,34970
42895,34969
42896,34968
42897,34967
42898,34967
42899,34966
42900,34965
42901,34964
42902,34963
42903,34963
42904,34962
42905,34961
42906,34960
42907,34959
42908,34959
42909,34958
42910,34957
42911,34956
42912,34955
42913,34954
42914,34954
42915,34953
42916,34952
42917,34951
42918,34950
42919,34950
42920,34949
42921,34948
42922,34947
42923,34946
42924,34945
42925,34945
42926,34944
42927,34943
42928,34942
42929,34941
42930,34941
42931,34940
42932,34939
42933,34938
42934,34937
42935,34937
42936,34936
42937,34935
42938,34934
42939,34933
42940,34932
42941,34932
42942,34931
42943,34930
42944,34929
42945,34928
42946,34928
42947,34927
42948,34926
42949,34925
42950,34924
42951,34924
42952,34923
42953,34922
42954,34921
42955,34920
42956,34919
42957,34919
42958,34918
42959,34917
42960,34916
42961,34915
42962,34915
42963,34914
42964,34913
42965,34912
42966,34911
42967,34911
42968,34910
42969,34909
42970,34908
42971,34907
42972,34906
42973,34906
42974,34905
42975,34904
42976,34903
42977,34902
42978,34902
42979,34901
42980,34900
42981,34899
42982,34898
42983,34898
42984,34897
42985,34896
42986,34895
42987,34894
42988,34893
42989,34893
42990,34892
42991,34891
42992,34890
42993,34889
42994,34889
42995,34888
42996,34887
42997,34886
42998,34885
42999,34885
43000,34884
43001,34883
43002,34882
43003,34881
43004,34880
43005,34880
43006,34879
43007,34878
43008,34877
43009,34876
43010,34876
43011,34875
43012,34874
43013,34873
43014,34872
43015,34872
43016,34871
43017,34870
43018,34869
43019,34868
43020,34868
43021,34867
43022,34866
43023,34865
43024,34864
43025,34863
43026,34863
43027,34862
43028,34861
43029,34860
43030,34859
43031,34859
43032,34858
43033,34857
43034,34856
43035,34855
43036,34855
43037,34854
43038,34853
43039,34852
43040,34851
43041,34850
43042,34850
43043,34849
43044,34848
43045,34847
43046,34846
43047,34846
43048,34845
43049,34844
43050,34843
43051,34842
43052,34842
43053,34841
43054,34840
43055,34839
43056,34838
43057,34838
43058,34837
43059,34836
43060,34835
43061,34834
43062,34833
43063,34833
43064,34832
43065,34831
43066,34830
43067,34829
43068,34829
43069,34828
43070,34827
43071,34826
43072,34825
43073,34825
43074,34824
43075,34823
43076,34822
43077,34821
43078,34821
43079,34820
43080,34819
43081,34818
43082,34817
43083,34817
43084,34816
43085,34815
43086,34814
43087,34813
43088,34812
43089,34812
43090,34811
43091,34810
43092,34809
43093,34808
43094,34808
43095,34807
43096,34806
43097,34805
43098,34804
43099,34804
43100,34803
43101,34802
43102,34801
43103,34800
43104,34800
43105,34799
43106,34798
43107,34797
43108,34796
43109,34796
43110,34795
43111,34794
43112,34793
43113,34792
43114,34791
43115,34791
43116,34790
43117,34789
43118,34788
43119,34787
43120,34787
43121,34786
43122,34785
43123,34784
43124,34783
43125,34783
43126,34782
43127,34781
43128,34780
43129,34779
43130,34779
43131,34778
43132,34777
43133,34776
43134,34775
43135,34775
43136,34774
43137,34773
43138,34772
43139,34771
43140,34771
43141,34770
43142,34769
43143,34768
43144,34767
43145,34766
43146,34766
43147,34765
43148,34764
43149,34763
43150,34762
43151,34762
43152,34761
43153,34760
43154,34759
43155,34758
43156,34758
43157,34757
43158,34756
43159,34755
43160,34754
43161,34754
43162,34753
43163,34752
43164,34751
43165,34750
43166,34750
43167,34749
43168,34748
43169,34747
43170,34746
43171,34746
43172,34745
43173,34744
43174,34743
43175,34742
43176,34742
43177,34741
43178,34740
43179,34739
43180,34738
43181,34738
43182,34737
43183,34736
43184,34735
43185,34734
43186,34733
43187,34733
43188,34732
43189,34731
43190,34730
43191,34729
43192,34729
43193,34728
43194,34727
43195,34726
43196,34725
43197,34725
43198,34724
43199,34723
43200,34722
43201,34721
43202,34721
43203,34720
43204,34719
43205,34718
43206,34717
43207,34717
43208,34716
43209,34715
43210,34714
43211,34713
43212,34713
43213,34712
43214,34711
43215,34710
43216,34709
43217,34709
43218,34708
43219,34707
43220,34706
43221,34705
43222,34705
43223,34704
43224,34703
43225,34702
43226,34701
43227,34701
43228,34700
43229,34699
43230,34698
43231,34697
43232,34697
43233,34696
43234,34695
43235,34694
43236,34693
43237,34693
43238,34692
43239,34691
43240,34690
43241,34689
43242,34688
43243,34688
43244,34687
43245,34686
43246,34685
43247,34684
43248,34684
43249,34683
43250,34682
43251,34681
43252,34680
43253,34680
43254,34679
43255,34678
43256,34677
43257,34676
43258,34676
43259,34675
43260,34674
43261,34673
43262,34672
43263,34672
43264,34671
43265,34670
43266,34669
43267,34668
43268,34668
43269,34667
43270,34666
43271,34665
43272,34664
43273,34664
43274,34663
43275,34662
43276,34661
43277,34660
43278,34660
43279,34659
43280,34658
43281,34657
43282,34656
43283,34656
43284,34655
43285,34654
43286,34653
43287,34652
43288,34652
43289,34651
43290,34650
43291,34649
43292,34648
43293,34648
43294,34647
43295,34646
43296,34645
43297,34644
43298,34644
43299,34643
43300,34642
43301,34641
43302,34640
43303,34640
43304,34639
43305,34638
43306,34637
43307,34636
43308,34636
43309,34635
43310,34634
43311,34633
43312,34632
43313,34632
43314,34631
43315,34630
43316,34629
43317,34628
43318,34628
43319,34627
43320,34626
43321,34625
43322,34624
43323,34624
43324,34623
43325,34622
43326,34621
43327,34620
43328,34620
43329,34619
43330,34618
43331,34617
43332,34616
43333,34616
43334,34615
43335,34614
43336,34613
43337,34612
43338,34612
43339,34611
43340,34610
43341,34609
43342,34608
43343,34608
43344,34607
43345,34606
43346,34605
43347,34604
43348,34604
43349,34603
43350,34602
43351,34601
43352,34600
43353,34600
43354,34599
43355,34598
43356,34597
43357,34596
43358,34596
43359,34595
43360,34594
43361,34593
43362,34593
43363,34592
43364,34591
43365,34590
43366,34589
43367,34589
43368,34588
43369,34587
43370,34586
43371,34585
43372,34585
43373,34584
43374,34583
43375,34582
43376,34581
43377,34581
43378,34580
43379,34579
43380,34578
43381,34577
43382,34577
43383,34576
43384,34575
43385,34574
43386,34573
43387,34573
43388,34572
43389,34571
43390,34570
43391,34569
43392,34569
43393,34568
43394,34567
43395,34566
43396,34565
43397,34565
43398,34564
43399,34563
43400,34562
43401,34561
43402,34561
43403,34560
43404,34559
43405,34558
43406,34557
43407,34557
43408,34556
43409,34555
43410,34554
43411,34553
43412,34553
43413,34552
43414,34551
43415,34550
43416,34549
43417,34549
43418,34548
43419,34547
43420,34546
43421,34545
43422,34545
43423,34544
43424,34543
43425,34542
43426,34542
43427,34541
43428,34540
43429,34539
43430,34538
43431,34538
43432,34537
43433,34536
43434,34535
43435,34534
43436,34534
43437,34533
43438,34532
43439,34531
43440,34530
43441,34530
43442,34529
43443,34528
43444,34527
43445,34526
43446,34526
43447,34525
43448,34524
43449,34523
43450,34522
43451,34522
43452,34521
43453,34520
43454,34519
43455,34518
43456,34518
43457,34517
43458,34516
43459,34515
43460,34514
43461,34514
43462,34513
43463,34512
43464,34511
43465,34511
43466,34510
43467,34509
43468,34508
43469,34507
43470,34507
43471,34506
43472,34505
43473,34504
43474,34503
43475,34503
43476,34502
43477,34501
43478,34500
43479,34499
43480,34499
43481,34498
43482,34497
43483,34496
43484,34495
43485,34495
43486,34494
43487,34493
43488,34492
43489,34491
43490,34491
43491,34490
43492,34489
43493,34488
43494,34488
43495,34487
43496,34486
43497,34485
43498,34484
43499,34484
43500,34483
43501,34482
43502,34481
43503,34480
43504,34480
43505,34479
43506,34478
43507,34477
43508,34476
43509,34476
43510,34475
43511,34474
43512,34473
43513,34472
43514,34472
43515,34471
43516,34470
43517,34469
43518,34468
43519,34468
43520,34467
43521,34466
43522,34465
43523,34465
43524,34464
43525,34463
43526,34462
43527,34461
43528,34461
43529,34460
43530,34459
43531,34458
43532,34457
43533,34457
43534,34456
43535,34455
43536,34454
43537,34453
43538,34453
43539,34452
43540,34451
43541,34450
43542,34449
43543,34449
43544,34448
43545,34447
43546,34446
43547,34446
43548,34445
43549,34444
43550,34443
43551,34442
43552,34442
43553,34441
43554,34440
43555,34439
43556,34438
43557,34438
43558,34437
43559,34436
43560,34435
43561,34434
43562,34434
43563,34433
43564,34432
43565,34431
43566,34431
43567,34430
43568,34429
43569,34428
43570,34427
43571,34427
43572,34426
43573,34425
43574,34424
43575,34423
43576,34423
43577,34422
43578,34421
43579,34420
43580,34419
43581,34419
43582,34418
43583,34417
43584,34416
43585,34416
43586,34415
43587,34414
43588,34413
43589,34412
43590,34412
43591,34411
43592,34410
43593,34409
43594,34408
43595,34408
43596,34407
43597,34406
43598,34405
43599,34404
43600,34404
43601,34403
43602,34402
43603,34401
43604,34401
43605,34400
43606,34399
43607,34398
43608,34397
43609,34397
43610,34396
43611,34395
43612,34394
43613,34393
43614,34393
43615,34392
43616,34391
43617,34390
43618,34389
43619,34389
43620,34388
43621,34387
43622,34386
43623,34386
43624,34385
43625,34384
43626,34383
43627,34382
43628,34382
43629,34381
43630,34380
43631,34379
43632,34378
43633,34378
43634,34377
43635,34376
43636,34375
43637,34374
43638,34374
43639,34373
43640,34372
43641,34371
43642,34371
43643,34370
43644,34369
43645,34368
43646,34367
43647,34367
43648,34366
43649,34365
43650,34364
43651,34363
43652,34363
43653,34362
43654,34361
43655,34360
43656,34360
43657,34359
43658,34358
43659,34357
43660,34356
43661,34356
43662,34355
43663,34354
43664,34353
43665,34352
43666,34352
43667,34351
43668,34350
43669,34349
43670,34349
43671,34348
43672,34347
43673,34346
43674,34345
43675,34345
43676,34344
43677,34343
43678,34342
43679,34341
43680,34341
43681,34340
43682,34339
43683,34338
43684,34338
43685,34337
43686,34336
43687,34335
43688,34334
43689,34334
43690,34333
43691,34332
43692,34331
43693,34330
43694,34330
43695,34329
43696,34328
43697,34327
43698,34327
43699,34326
43700,34325
43701,34324
43702,34323
43703,34323
43704,34322
43705,34321
43706,34320
43707,34319
43708,34319
43709,34318
43710,34317
43711,34316
43712,34316
43713,34315
43714,34314
43715,34313
43716,34312
43717,34312
43718,34311
43719,34310
43720,34309
43721,34308
43722,34308
43723,34307
43724,34306
43725,34305
43726,34305
43727,34304
43728,34303
43729,34302
43730,34301
43731,34301
43732,34300
43733,34299
43734,34298
43735,34297
43736,34297
43737,34296
43738,34295
43739,34294
43740,34294
43741,34293
43742,34292
43743,34291
43744,34290
43745,34290
43746,34289
43747,34288
43748,34287
43749,34286
43750,34286
43751,34285
43752,34284
43753,34283
43754,34283
43755,34282
43756,34281
43757,34280
43758,34279
43759,34279
43760,34278
43761,34277
43762,34276
43763,34276
43764,34275
43765,34274
43766,34273
43767,34272
43768,34272
43769,34271
43770,34270
43771,34269
43772,34268
43773,34268
43774,34267
43775,34266
43776,34265
43777,34265
43778,34264
43779,34263
43780,34262
43781,34261
43782,34261
43783,34260
43784,34259
43785,34258
43786,34258
43787,34257
43788,34256
43789,34255
43790,34254
43791,34254
43792,34253
43793,34252
43794,34251
43795,34250
43796,34250
43797,34249
43798,34248
43799,34247
43800,34247
43801,34246
43802,34245
43803,34244
43804,34243
43805,34243
43806,34242
43807,34241
43808,34240
43809,34240
43810,34239
43811,34238
43812,34237
43813,34236
43814,34236
43815,34235
43816,34234
43817,34233
43818,34233
43819,34232
43820,34231
43821,34230
43822,34229
43823,34229
43824,34228
43825,34227
43826,34226
43827,34225
43828,34225
43829,34224
43830,34223
43831,34222
43832,34222
43833,34221
43834,34220
43835,34219
43836,34218
43837,34218
43838,34217
43839,34216
43840,34215
43841,34215
43842,34214
43843,34213
43844,34212
43845,34211
43846,34211
43847,34210
43848,34209
43849,34208
43850,34208
43851,34207
43852,34206
43853,34205
43854,34204
43855,34204
43856,34203
43857,34202
43858,34201
43859,34201
43860,34200
43861,34199
43862,34198
43863,34197
43864,34197
43865,34196
43866,34195
43867,34194
43868,34193
43869,34193
43870,34192
43871,34191
43872,34190
43873,34190
43874,34189
43875,34188
43876,34187
43877,34186
43878,34186
43879,34185
43880,34184
43881,34183
43882,34183
43883,34182
43884,34181
43885,34180
43886,34179
43887,34179
43888,34178
43889,34177
43890,34176
43891,34176
43892,34175
43893,34174
43894,34173
43895,34172
43896,34172
43897,34171
43898,34170
43899,34169
43900,34169
43901,34168
43902,34167
43903,34166
43904,34165
43905,34165
43906,34164
43907,34163
43908,34162
43909,34162
43910,34161
43911,34160
43912,34159
43913,34158
43914,34158
43915,34157
43916,34156
43917,34155
43918,34155
43919,34154
43920,34153
43921,34152
43922,34151
43923,34151
43924,34150
43925,34149
43926,34148
43927,34148
43928,34147
43929,34146
43930,34145
43931,34144
43932,34144
43933,34143
43934,34142
43935,34141
43936,34141
43937,34140
43938,34139
43939,34138
43940,34137
43941,34137
43942,34136
43943,34135
43944,34134
43945,34134
43946,34133
43947,34132
43948,34131
43949,34130
43950,34130
43951,34129
43952,34128
43953,34127
43954,34127
43955,34126
43956,34125
43957,34124
43958,34123
43959,34123
43960,34122
43961,34121
43962,34120
43963,34120
43964,34119
43965,34118
43966,34117
43967,34116
43968,34116
43969,34115
43970,34114
43971,34113
43972,34113
43973,34112
43974,34111
43975,34110
43976,34110
43977,34109
43978,34108
43979,34107
43980,34106
43981,34106
43982,34105
43983,34104
43984,34103
43985,34103
43986,34102
43987,34101
43988,34100
43989,34099
43990,34099
43991,34098
43992,34097
43993,34096
43994,34096
43995,34095
43996,34094
43997,34093
43998,34092
43999,34092
44000,34091
44001,34090
44002,34089
44003,34089
44004,34088
44005,34087
44006,34086
44007,34085
44008,34085
44009,34084
44010,34083
44011,34082
44012,34082
44013,34081
44014,34080
44015,34079
44016,34079
44017,34078
44018,34077
44019,34076
44020,34075
44021,34075
44022,34074
44023,34073
44024,34072
44025,34072
44026,34071
44027,34070
44028,34069
44029,34068
44030,34068
44031,34067
44032,34066
44033,34065
44034,34065
44035,34064
44036,34063
44037,34062
44038,34061
44039,34061
44040,34060
44041,34059
44042,34058
44043,34058
44044,34057
44045,34056
44046,34055
44047,34055
44048,34054
44049,34053
44050,34052
44051,34051
44052,34051
44053,34050
44054,34049
44055,34048
44056,34048
44057,34047
44058,34046
44059,34045
44060,34044
44061,34044
44062,34043
44063,34042
44064,34041
44065,34041
44066,34040
44067,34039
44068,34038
44069,34038
44070,34037
44071,34036
44072,34035
44073,34034
44074,34034
44075,34033
44076,34032
44077,34031
44078,34031
44079,34030
44080,34029
44081,34028
44082,34027
44083,34027
44084,34026
44085,34025
44086,34024
44087,34024
44088,34023
44089,34022
44090,34021
44091,34021
44092,34020
44093,34019
44094,34018
44095,34017
44096,34017
44097,34016
44098,34015
44099,34014
44100,34014
44101,34013
44102,34012
44103,34011
44104,34011
44105,34010
44106,34009
44107,34008
44108,34007
44109,34007
44110,34006
44111,34005
44112,34004
44113,34004
44114,34003
44115,34002
44116,34001
44117,34000
44118,34000
44119,33999
44120,33998
44121,33997
44122,33997
44123,33996
44124,33995
44125,33994
44126,33994
44127,33993
44128,33992
44129,33991
44130,33990
44131,33990
44132,33989
44133,33988
44134,33987
44135,33987
44136,33986
44137,33985
44138,33984
44139,33984
44140,33983
44141,33982
44142,33981
44143,33980
44144,33980
44145,33979
44146,33978
44147,33977
44148,33977
44149,33976
44150,33975
44151,33974
44152,33974
44153,33973
44154,33972
44155,33971
44156,33970
44157,33970
44158,33969
44159,33968
44160,33967
44161,33967
44162,33966
44163,33965
44164,33964
44165,33964
44166,33963
44167,33962
44168,33961
44169,33960
44170,33960
44171,33959
44172,33958
44173,33957
44174,33957
44175,33956
44176,33955
44177,33954
44178,33954
44179,33953
44180,33952
44181,33951
44182,33950
44183,33950
44184,33949
44185,33948
44186,33947
44187,33947
44188,33946
44189,33945
44190,33944
44191,33944
44192,33943
44193,33942
44194,33941
44195,33940
44196,33940
44197,33939
44198,33938
44199,33937
44200,33937
44201,33936
44202,33935
44203,33934
44204,33934
44205,33933
44206,33932
44207,33931
44208,33931
44209,33930
44210,33929
44211,33928
44212,33927
44213,33927
44214,33926
44215,33925
44216,33924
44217,33924
44218,33923
44219,33922
44220,33921
44221,33921
44222,33920
44223,33919
44224,33918
44225,33917
44226,33917
44227,33916
44228,33915
44229,33914
44230,33914
44231,33913
44232,33912
44233,33911
44234,33911
44235,33910
44236,33909
44237,33908
44238,33908
44239,33907
44240,33906
44241,33905
44242,33904
44243,33904
44244,33903
44245,33902
44246,33901
44247,33901
44248,33900
44249,33899
44250,33898
44251,33898
44252,33897
44253,33896
44254,33895
44255,33894
44256,33894
44257,33893
44258,33892
44259,33891
44260,33891
44261,33890
44262,33889
44263,33888
44264,33888
44265,33887
44266,33886
44267,33885
44268,33885
44269,33884
44270,33883
44271,33882
44272,33881
44273,33881
44274,33880
44275,33879
44276,33878
44277,33878
44278,33877
44279,33876
44280,33875
44281,33875
44282,33874
44283,33873
44284,33872
44285,33872
44286,33871
44287,33870
44288,33869
44289,33868
44290,33868
44291,33867
44292,33866
44293,33865
44294,33865
44295,33864
44296,33863
44297,33862
44298,33862
44299,33861
44300,33860
44301,33859
44302,33859
44303,33858
44304,33857
44305,33856
44306,33855
44307,33855
44308,33854
44309,33853
44310,33852
44311,33852
44312,33851
44313,33850
44314,33849
44315,33849
44316,33848
44317,33847
44318,33846
44319,33846
44320,33845
44321,33844
44322,33843
44323,33842
44324,33842
44325,33841
44326,33840
44327,33839
44328,33839
44329,33838
44330,33837
44331,33836
44332,33836
44333,33835
44334,33834
44335,33833
44336,33833
44337,33832
44338,33831
44339,33830
44340,33829
44341,33829
44342,33828
44343,33827
44344,33826
44345,33826
44346,33825
44347,33824
44348,33823
44349,33823
44350,33822
44351,33821
44352,33820
44353,33820
44354,33819
44355,33818
44356,33817
44357,33817
44358,33816
44359,33815
44360,33814
44361,33813
44362,33813
44363,33812
44364,33811
44365,33810
44366,33810
44367,33809
44368,33808
44369,33807
44370,33807
44371,33806
44372,33805
44373,33804
44374,33804
44375,33803
44376,33802
44377,33801
44378,33801
44379,33800
44380,33799
44381,33798
44382,33797
44383,33797
44384,33796
44385,33795
44386,33794
44387,33794
44388,33793
44389,33792
44390,33791
44391,33791
44392,33790
44393,33789
44394,33788
44395,33788
44396,33787
44397,33786
44398,33785
44399,33785
44400,33784
44401,33783
44402,33782
44403,33782
44404,33781
44405,33780
44406,33779
44407,33778
44408,33778
44409,33777
44410,33776
44411,33775
44412,33775
44413,33774
44414,33773
44415,33772
44416,33772
44417,33771
44418,33770
44419,33769
44420,33769
44421,33768
44422,33767
44423,33766
44424,33766
44425,33765
44426,33764
44427,33763
44428,33762
44429,33762
44430,33761
44431,33760
44432,33759
44433,33759
44434,33758
44435,33757
44436,33756
44437,33756
44438,33755
44439,33754
44440,33753
44441,33753
44442,33752
44443,33751
44444,33750
44445,33750
44446,33749
44447,33748
44448,33747
44449,33747
44450,33746
44451,33745
44452,33744
44453,33744
44454,33743
44455,33742
44456,33741
44457,33740
44458,33740
44459,33739
44460,33738
44461,33737
44462,33737
44463,33736
44464,33735
44465,33734
44466,33734
44467,33733
44468,33732
44469,33731
44470,33731
44471,33730
44472,33729
44473,33728
44474,33728
44475,33727
44476,33726
44477,33725
44478,33725
44479,33724
44480,33723
44481,33722
44482,33722
44483,33721
44484,33720
44485,33719
44486,33718
44487,33718
44488,33717
44489,33716
44490,33715
44491,33715
44492,33714
44493,33713
44494,33712
44495,33712
44496,33711
44497,33710
44498,33709
44499,33709
44500,33708
44501,33707
44502,33706
44503,33706
44504,33705
44505,33704
44506,33703
44507,33703
44508,33702
44509,33701
44510,33700
44511,33700
44512,33699
44513,33698
44514,33697
44515,33697
44516,33696
44517,33695
44518,33694
44519,33693
44520,33693
44521,33692
44522,33691
44523,33690
44524,33690
44525,33689
44526,33688
44527,33687
44528,33687
44529,33686
44530,33685
44531,33684
44532,33684
44533,33683
44534,33682
44535,33681
44536,33681
44537,33680
44538,33679
44539,33678
44540,33678
44541,33677
44542,33676
44543,33675
44544,33675
44545,33674
44546,33673
44547,33672
44548,33672
44549,33671
44550,33670
44551,33669
44552,33669
44553,33668
44554,33667
44555,33666
44556,33665
44557,33665
44558,33664
44559,33663
44560,33662
44561,33662
44562,33661
44563,33660
44564,33659
44565,33659
44566,33658
44567,33657
44568,33656
44569,33656
44570,33655
44571,33654
44572,33653
44573,33653
44574,33652
44575,33651
44576,33650
44577,33650
44578,33649
44579,33648
44580,33647
44581,33647
44582,33646
44583,33645
44584,33644
44585,33644
44586,33643
44587,33642
44588,33641
44589,33641
44590,33640
44591,33639
44592,33638
44593,33638
44594,33637
44595,33636
44596,33635
44597,33635
44598,33634
44599,33633
44600,33632
44601,33632
44602,33631
44603,33630
44604,33629
44605,33629
44606,33628
44607,33627
44608,33626
44609,33626
44610,33625
44611,33624
44612,33623
44613,33622
44614,33622
44615,33621
44616,33620
44617,33619
44618,33619
44619,33618
44620,33617
44621,33616
44622,33616
44623,33615
44624,33614
44625,33613
44626,33613
44627,33612
44628,33611
44629,33610
44630,33610
44631,33609
44632,33608
44633,33607
44634,33607
44635,33606
44636,33605
44637,33604
44638,33604
44639,33603
44640,33602
44641,33601
44642,33601
44643,33600
44644,33599
44645,33598
44646,33598
44647,33597
44648,33596
44649,33595
44650,33595
44651,33594
44652,33593
44653,33592
44654,33592
44655,33591
44656,33590
44657,33589
44658,33589
44659,33588
44660,33587
44661,33586
44662,33586
44663,33585
44664,33584
44665,33583
44666,33583
44667,33582
44668,33581
44669,33580
44670,33580
44671,33579
44672,33578
44673,33577
44674,33577
44675,33576
44676,33575
44677,33574
44678,33574
44679,33573
44680,33572
44681,33571
44682,33571
44683,33570
44684,33569
44685,33568
44686,33568
44687,33567
44688,33566
44689,33565
44690,33565
44691,33564
44692,33563
44693,33562
44694,33562
44695,33561
44696,33560
44697,33559
44698,33559
44699,33558
44700,33557
44701,33556
44702,33556
44703,33555
44704,33554
44705,33553
44706,33553
44707,33552
44708,33551
44709,33550
44710,33550
44711,33549
44712,33548
44713,33547
44714,33547
44715,33546
44716,33545
44717,33544
44718,33544
44719,33543
44720,33542
44721,33541
44722,33541
44723,33540
44724,33539
44725,33538
44726,33538
44727,33537
44728,33536
44729,33535
44730,33535
44731,33534
44732,33533
44733,33532
44734,33532
44735,33531
44736,33530
44737,33529
44738,33529
44739,33528
44740,33527
44741,33526
44742,33526
44743,33525
44744,33524
44745,33523
44746,33523
44747,33522
44748,33521
44749,33520
44750,33520
44751,33519
44752,33518
44753,33517
44754,33517
44755,33516
44756,33515
44757,33514
44758,33514
44759,33513
44760,33512
44761,33511
44762,33511
44763,33510
44764,33509
44765,33508
44766,33508
44767,33507
44768,33506
44769,33505
44770,33505
44771,33504
44772,33503
44773,33502
44774,33502
44775,33501
44776,33500
44777,33499
44778,33499
44779,33498
44780,33497
44781,33496
44782,33496
44783,33495
44784,33494
44785,33493
44786,33493
44787,33492
44788,33491
44789,33490
44790,33490
44791,33489
44792,33488
44793,33487
44794,33487
44795,33486
44796,33485
44797,33484
44798,33484
44799,33483
44800,33482
44801,33481
44802,33481
44803,33480
44804,33479
44805,33478
44806,33478
44807,33477
44808,33476
44809,33475
44810,33475
44811,33474
44812,33473
44813,33472
44814,33472
44815,33471
44816,33470
44817,33469
44818,33469
44819,33468
44820,33467
44821,33466
44822,33466
44823,33465
44824,33464
44825,33463
44826,33463
44827,33462
44828,33461
44829,33460
44830,33460
44831,33459
44832,33458
44833,33457
44834,33457
44835,33456
44836,33455
44837,33455
44838,33454
44839,33453
44840,33452
44841,33452
44842,33451
44843,33450
44844,33449
44845,33449
44846,33448
44847,33447
44848,33446
44849,33446
44850,33445
44851,33444
44852,33443
44853,33443
44854,33442
44855,33441
44856,33440
44857,33440
44858,33439
44859,33438
44860,33437
44861,33437
44862,33436
44863,33435
44864,33434
44865,33434
44866,33433
44867,33432
44868,33431
44869,33431
44870,33430
44871,33429
44872,33428
44873,33428
44874,33427
44875,33426
44876,33425
44877,33425
44878,33424
44879,33423
44880,33422
44881,33422
44882,33421
44883,33420
44884,33419
44885,33419
44886,33418
44887,33417
44888,33417
44889,33416
44890,33415
44891,33414
44892,33414
44893,33413
44894,33412
44895,33411
44896,33411
44897,33410
44898,33409
44899,33408
44900,33408
44901,33407
44902,33406
44903,33405
44904,33405
44905,33404
44906,33403
44907,33402
44908,33402
44909,33401
44910,33400
44911,33399
44912,33399
44913,33398
44914,33397
44915,33396
44916,33396
44917,33395
44918,33394
44919,33393
44920,33393
44921,33392
44922,33391
44923,33390
44924,33390
44925,33389
44926,33388
44927,33387
44928,33387
44929,33386
44930,33385
44931,33385
44932,33384
44933,33383
44934,33382
44935,33382
44936,33381
44937,33380
44938,33379
44939,33379
44940,33378
44941,33377
44942,33376
44943,33376
44944,33375
44945,33374
44946,33373
44947,33373
44948,33372
44949,33371
44950,33370
44951,33370
44952,33369
44953,33368
44954,33367
44955,33367
44956,33366
44957,33365
44958,33364
44959,33364
44960,33363
44961,33362
44962,33362
44963,33361
44964,33360
44965,33359
44966,33359
44967,33358
44968,33357
44969,33356
44970,33356
44971,33355
44972,33354
44973,33353
44974,33353
44975,33352
44976,33351
44977,33350
44978,33350
44979,33349
44980,33348
44981,33347
44982,33347
44983,33346
44984,33345
44985,33344
44986,33344
44987,33343
44988,33342
44989,33341
44990,33341
44991,33340
44992,33339
44993,33339
44994,33338
44995,33337
44996,33336
44997,33336
44998,33335
44999,33334
45000,33333
45001,33333
45002,33332
45003,33331
45004,33330
45005,33330
45006,33329
45007,33328
45008,33327
45009,33327
45010,33326
45011,33325
45012,33324
45013,33324
45014,33323
45015,33322
45016,33321
45017,33321
45018,33320
45019,33319
45020,33319
45021,33318
45022,33317
45023,33316
45024,33316
45025,33315
45026,33314
45027,33313
45028,33313
45029,33312
45030,33311
45031,33310
45032,33310
45033,33309
45034,33308
45035,33307
45036,33307
45037,33306
45038,33305
45039,33304
45040,33304
45041,33303
45042,33302
45043,33302
45044,33301
45045,33300
45046,33299
45047,33299
45048,33298
45049,33297
45050,33296
45051,33296
45052,33295
45053,33294
45054,33293
45055,33293
45056,33292
45057,33291
45058,33290
45059,33290
45060,33289
45061,33288
45062,33287
45063,33287
45064,33286
45065,33285
45066,33285
45067,33284
45068,33283
45069,33282
45070,33282
45071,33281
45072,33280
45073,33279
45074,33279
45075,33278
45076,33277
45077,33276
45078,33276
45079,33275
45080,33274
45081,33273
45082,33273
45083,33272
45084,33271
45085,33270
45086,33270
45087,33269
45088,33268
45089,33268
45090,33267
45091,33266
45092,33265
45093,33265
45094,33264
45095,33263
45096,33262
45097,33262
45098,33261
45099,33260
45100,33259
45101,33259
45102,33258
45103,33257
45104,33256
45105,33256
45106,33255
45107,33254
45108,33254
45109,33253
45110,33252
45111,33251
45112,33251
45113,33250
45114,33249
45115,33248
45116,33248
45117,33247
45118,33246
45119,33245
45120,33245
45121,33244
45122,33243
45123,33242
45124,33242
45125,33241
45126,33240
45127,33240
45128,33239
45129,33238
45130,33237
45131,33237
45132,33236
45133,33235
45134,33234
45135,33234
45136,33233
45137,33232
45138,33231
45139,33231
45140,33230
45141,33229
45142,33228
45143,33228
45144,33227
45145,33226
45146,33226
45147,33225
45148,33224
45149,33223
45150,33223
45151,33222
45152,33221
45153,33220
45154,33220
45155,33219
45156,33218
45157,33217
45158,33217
45159,33216
45160,33215
45161,33214
45162,33214
45163,33213
45164,33212
45165,33212
45166,33211
45167,33210
45168,33209
45169,33209
45170,33208
45171,33207
45172,33206
45173,33206
45174,33205
45175,33204
45176,33203
45177,33203
45178,33202
45179,33201
45180,33201
45181,33200
45182,33199
45183,33198
45184,33198
45185,33197
45186,33196
45187,33195
45188,33195
45189,33194
45190,33193
45191,33192
45192,33192
45193,33191
45194,33190
45195,33190
45196,33189
45197,33188
45198,33187
45199,33187
45200,33186
45201,33185
45202,33184
45203,33184
45204,33183
45205,33182
45206,33181
45207,33181
45208,33180
45209,33179
45210,33179
45211,33178
45212,33177
45213,33176
45214,33176
45215,33175
45216,33174
45217,33173
45218,33173
45219,33172
45220,33171
45221,33170
45222,33170
45223,33169
45224,33168
45225,33167
45226,33167
45227,33166
45228,33165
45229,33165
45230,33164
45231,33163
45232,33162
45233,33162
45234,33161
45235,33160
45236,33159
45237,33159
45238,33158
45239,33157
45240,33156
45241,33156
45242,33155
45243,33154
45244,33154
45245,33153
45246,33152
45247,33151
45248,33151
45249,33150
45250,33149
45251,33148
45252,33148
45253,33147
45254,33146
45255,33146
45256,33145
45257,33144
45258,33143
45259,33143
45260,33142
45261,33141
45262,33140
45263,33140
45264,33139
45265,33138
45266,33137
45267,33137
45268,33136
45269,33135
45270,33135
45271,33134
45272,33133
45273,33132
45274,33132
45275,33131
45276,33130
45277,33129
45278,33129
45279,33128
45280,33127
45281,33126
45282,33126
45283,33125
45284,33124
45285,33124
45286,33123
45287,33122
45288,33121
45289,33121
45290,33120
45291,33119
45292,33118
45293,33118
45294,33117
45295,33116
45296,33116
45297,33115
45298,33114
45299,33113
45300,33113
45301,33112
45302,33111
45303,33110
45304,33110
45305,33109
45306,33108
45307,33107
45308,33107
45309,33106
45310,33105
45311,33105
45312,33104
45313,33103
45314,33102
45315,33102
45316,33101
45317,33100
45318,33099
45319,33099
45320,33098
45321,33097
45322,33097
45323,33096
45324,33095
45325,33094
45326,33094
45327,33093
45328,33092
45329,33091
45330,33091
45331,33090
45332,33089
45333,33088
45334,33088
45335,33087
45336,33086
45337,33086
45338,33085
45339,33084
45340,33083
45341,33083
45342,33082
45343,33081
45344,33080
45345,33080
45346,33079
45347,33078
45348,33078
45349,33077
45350,33076
45351,33075
45352,33075
45353,33074
45354,33073
45355,33072
45356,33072
45357,33071
45358,33070
45359,33070
45360,33069
45361,33068
45362,33067
45363,33067
45364,33066
45365,33065
45366,33064
45367,33064
45368,33063
45369,33062
45370,33061
45371,33061
45372,33060
45373,33059
45374,33059
45375,33058
45376,33057
45377,33056
45378,33056
45379,33055
45380,33054
45381,33053
45382,33053
45383,33052
45384,33051
45385,33051
45386,33050
45387,33049
45388,33048
45389,33048
45390,33047
45391,33046
45392,33045
45393,33045
45394,33044
45395,33043
45396,33043
45397,33042
45398,33041
45399,33040
45400,33040
45401,33039
45402,33038
45403,33037
45404,33037
45405,33036
45406,33035
45407,33035
45408,33034
45409,33033
45410,33032
45411,33032
45412,33031
45413,33030
45414,33029
45415,33029
45416,33028
45417,33027
45418,33027
45419,33026
45420,33025
45421,33024
45422,33024
45423,33023
45424,33022
45425,33021
45426,33021
45427,33020
45428,33019
45429,33019
45430,33018
45431,33017
45432,33016
45433,33016
45434,33015
45435,33014
45436,33013
45437,33013
45438,33012
45439,33011
45440,33011
45441,33010
45442,33009
45443,33008
45444,33008
45445,33007
45446,33006
45447,33005
45448,33005
45449,33004
45450,33003
45451,33003
45452,33002
45453,33001
45454,33000
45455,33000
45456,32999
45457,32998
45458,32997
45459,32997
45460,32996
45461,32995
45462,32995
45463,32994
45464,32993
45465,32992
45466,32992
45467,32991
45468,32990
45469,32990
45470,32989
45471,32988
45472,32987
45473,32987
45474,32986
45475,32985
45476,32984
45477,32984
45478,32983
45479,32982
45480,32982
45481,32981
45482,32980
45483,32979
45484,32979
45485,32978
45486,32977
45487,32976
45488,32976
45489,32975
45490,32974
45491,32974
45492,32973
45493,32972
45494,32971
45495,32971
45496,32970
45497,32969
45498,32968
45499,32968
45500,32967
45501,32966
45502,32966
45503,32965
45504,32964
45505,32963
45506,32963
45507,32962
45508,32961
45509,32961
45510,32960
45511,32959
45512,32958
45513,32958
45514,32957
45515,32956
45516,32955
45517,32955
45518,32954
45519,32953
45520,32953
45521,32952
45522,32951
45523,32950
45524,32950
45525,32949
45526,32948
45527,32947
45528,32947
45529,32946
45530,32945
45531,32945
45532,32944
45533,32943
45534,32942
45535,32942
45536,32941
45537,32940
45538,32940
45539,32939
45540,32938
45541,32937
45542,32937
45543,32936
45544,32935
45545,32934
45546,32934
45547,32933
45548,32932
45549,32932
45550,32931
45551,32930
45552,32929
45553,32929
45554,32928
45555,32927
45556,32927
45557,32926
45558,32925
45559,32924
45560,32924
45561,32923
45562,32922
45563,32921
45564,32921
45565,32920
45566,32919
45567,32919
45568,32918
45569,32917
45570,32916
45571,32916
45572,32915
45573,32914
45574,32914
45575,32913
45576,32912
45577,32911
45578,32911
45579,32910
45580,32909
45581,32908
45582,32908
45583,32907
45584,32906
45585,32906
45586,32905
45587,32904
45588,32903
45589,32903
45590,32902
45591,32901
45592,32901
45593,32900
45594,32899
45595,32898
45596,32898
45597,32897
45598,32896
45599,32895
45600,32895
45601,32894
45602,32893
45603,32893
45604,32892
45605,32891
45606,32890
45607,32890
45608,32889
45609,32888
45610,32888
45611,32887
45612,32886
45613,32885
45614,32885
45615,32884
45616,32883
45617,32882
45618,32882
45619,32881
45620,32880
45621,32880
45622,32879
45623,32878
45624,32877
45625,32877
45626,32876
45627,32875
45628,32875
45629,32874
45630,32873
45631,32872
45632,32872
45633,32871
45634,32870
45635,32870
45636,32869
45637,32868
45638,32867
45639,32867
45640,32866
45641,32865
45642,32864
45643,32864
45644,32863
45645,32862
45646,32862
45647,32861
45648,32860
45649,32859
45650,32859
45651,32858
45652,32857
45653,32857
45654,32856
45655,32855
45656,32854
45657,32854
45658,32853
45659,32852
45660,32852
45661,32851
45662,32850
45663,32849
45664,32849
45665,32848
45666,32847
45667,32846
45668,32846
45669,32845
45670,32844
45671,32844
45672,32843
45673,32842
45674,32841
45675,32841
45676,32840
45677,32839
45678,32839
45679,32838
45680,32837
45681,32836
45682,32836
45683,32835
45684,32834
45685,32834
45686,32833
45687,32832
45688,32831
45689,32831
45690,32830
45691,32829
45692,32829
45693,32828
45694,32827
45695,32826
45696,32826
45697,32825
45698,32824
45699,32823
45700,32823
45701,32822
45702,32821
45703,32821
45704,32820
45705,32819
45706,32818
45707,32818
45708,32817
45709,32816
45710,32816
45711,32815
45712,32814
45713,32813
45714,32813
45715,32812
45716,32811
45717,32811
45718,32810
45719,32809
45720,32808
45721,32808
45722,32807
45723,32806
45724,32806
45725,32805
45726,32804
45727,32803
45728,32803
45729,32802
45730,32801
45731,32801
45732,32800
45733,32799
45734,32798
45735,32798
45736,32797
45737,32796
45738,32795
45739,32795
45740,32794
45741,32793
45742,32793
45743,32792
45744,32791
45745,32790
45746,32790
45747,32789
45748,32788
45749,32788
45750,32787
45751,32786
45752,32785
45753,32785
45754,32784
45755,32783
45756,32783
45757,32782
45758,32781
45759,32780
45760,32780
45761,32779
45762,32778
45763,32778
45764,32777
45765,32776
45766,32775
45767,32775
45768,32774
45769,32773
45770,32773
45771,32772
45772,32771
45773,32770
45774,32770
45775,32769
45776,32768
45777,32768
45778,32767
45779,32766
45780,32765
45781,32765
45782,32764
45783,32763
45784,32763
45785,32762
45786,32761
45787,32760
45788,32760
45789,32759
45790,32758
45791,32758
45792,32757
45793,32756
45794,32755
45795,32755
45796,32754
45797,32753
45798,32753
45799,32752
45800,32751
45801,32750
45802,32750
45803,32749
45804,32748
45805,32748
45806,32747
45807,32746
45808,32745
45809,32745
45810,32744
45811,32743
45812,32743
45813,32742
45814,32741
45815,32740
45816,32740
45817,32739
45818,32738
45819,32738
45820,32737
45821,32736
45822,32735
45823,32735
45824,32734
45825,32733
45826,32733
45827,32732
45828,32731
45829,32730
45830,32730
45831,32729
45832,32728
45833,32728
45834,32727
45835,32726
45836,32725
45837,32725
45838,32724
45839,32723
45840,32723
45841,32722
45842,32721
45843,32720
45844,32720
45845,32719
45846,32718
45847,32718
45848,32717
45849,32716
45850,32715
45851,32715
45852,32714
45853,32713
45854,32713
45855,32712
45856,32711
45857,32710
45858,32710
45859,32709
45860,32708
45861,32708
45862,32707
45863,32706
45864,32705
45865,32705
45866,32704
45867,32703
45868,32703
45869,32702
45870,32701
45871,32700
45872,32700
45873,32699
45874,32698
45875,32698
45876,32697
45877,32696
45878,32695
45879,32695
45880,32694
45881,32693
45882,32693
45883,32692
45884,32691
45885,32690
45886,32690
45887,32689
45888,32688
45889,32688
45890,32687
45891,32686
45892,32685
45893,32685
45894,32684
45895,32683
45896,32683
45897,32682
45898,32681
45899,32680
45900,32680
45901,32679
45902,32678
45903,32678
45904,32677
45905,32676
45906,32675
45907,32675
45908,32674
45909,32673
45910,32673
45911,32672
45912,32671
45913,32670
45914,32670
45915,32669
45916,32668
45917,32668
45918,32667
45919,32666
45920,32666
45921,32665
45922,32664
45923,32663
45924,32663
45925,32662
45926,32661
45927,32661
45928,32660
45929,32659
45930,32658
45931,32658
45932,32657
45933,32656
45934,32656
45935,32655
45936,32654
45937,32653
45938,32653
45939,32652
45940,32651
45941,32651
45942,32650
45943,32649
45944,32648
45945,32648
45946,32647
45947,32646
45948,32646
45949,32645
45950,32644
45951,32643
45952,32643
45953,32642
45954,32641
45955,32641
45956,32640
45957,32639
45958,32638
45959,32638
45960,32637
45961,32636
45962,32636
45963,32635
45964,32634
45965,32634
45966,32633
45967,32632
45968,32631
45969,32631
45970,32630
45971,32629
45972,32629
45973,32628
45974,32627
45975,32626
45976,32626
45977,32625
45978,32624
45979,32624
45980,32623
45981,32622
45982,32621
45983,32621
45984,32620
45985,32619
45986,32619
45987,32618
45988,32617
45989,32616
45990,32616
45991,32615
45992,32614
45993,32614
45994,32613
45995,32612
45996,32612
45997,32611
45998,32610
45999,32609
46000,32609
46001,32608
46002,32607
46003,32607
46004,32606
46005,32605
46006,32604
46007,32604
46008,32603
46009,32602
46010,32602
46011,32601
46012,32600
46013,32599
46014,32599
46015,32598
46016,32597
46017,32597
46018,32596
46019,32595
46020,32595
46021,32594
46022,32593
46023,32592
46024,32592
46025,32591
46026,32590
46027,32590
46028,32589
46029,32588
46030,32587
46031,32587
46032,32586
46033,32585
46034,32585
46035,32584
46036,32583
46037,32582
46038,32582
46039,32581
46040,32580
46041,32580
46042,32579
46043,32578
46044,32578
46045,32577
46046,32576
46047,32575
46048,32575
46049,32574
46050,32573
46051,32573
46052,32572
46053,32571
46054,32570
46055,32570
46056,32569
46057,32568
46058,32568
46059,32567
46060,32566
46061,32566
46062,32565
46063,32564
46064,32563
46065,32563
46066,32562
46067,32561
46068,32561
46069,32560
46070,32559
46071,32558
46072,32558
46073,32557
46074,32556
46075,32556
46076,32555
46077,32554
46078,32553
46079,32553
46080,32552
46081,32551
46082,32551
46083,32550
46084,32549
46085,32549
46086,32548
46087,32547
46088,32546
46089,32546
46090,32545
46091,32544
46092,32544
46093,32543
46094,32542
46095,32541
46096,32541
46097,32540
46098,32539
46099,32539
46100,32538
46101,32537
46102,32537
46103,32536
46104,32535
46105,32534
46106,32534
46107,32533
46108,32532
46109,32532
46110,32531
46111,32530
46112,32529
46113,32529
46114,32528
46115,32527
46116,32527
46117,32526
46118,32525
46119,32525
46120,32524
46121,32523
46122,32522
46123,32522
46124,32521
46125,32520
46126,32520
46127,32519
46128,32518
46129,32518
46130,32517
46131,32516
46132,32515
46133,32515
46134,32514
46135,32513
46136,32513
46137,32512
46138,32511
46139,32510
46140,32510
46141,32509
46142,32508
46143,32508
46144,32507
46145,32506
46146,32506
46147,32505
46148,32504
46149,32503
46150,32503
46151,32502
46152,32501
46153,32501
46154,32500
46155,32499
46156,32498
46157,32498
46158,32497
46159,32496
46160,32496
46161,32495
46162,32494
46163,32494
46164,32493
46165,32492
46166,32491
46167,32491
46168,32490
46169,32489
46170,32489
46171,32488
46172,32487
46173,32487
46174,32486
46175,32485
46176,32484
46177,32484
46178,32483
46179,32482
46180,32482
46181,32481
46182,32480
46183,32479
46184,32479
46185,32478
46186,32477
46187,32477
46188,32476
46189,32475
46190,32475
46191,32474
46192,32473
46193,32472
46194,32472
46195,32471
46196,32470
46197,32470
46198,32469
46199,32468
46200,32468
46201,32467
46202,32466
46203,32465
46204,32465
46205,32464
46206,32463
46207,32463
46208,32462
46209,32461
46210,32461
46211,32460
46212,32459
46213,32458
46214,32458
46215,32457
46216,32456
46217,32456
46218,32455
46219,32454
46220,32453
46221,32453
46222,32452
46223,32451
46224,32451
46225,32450
46226,32449
46227,32449
46228,32448
46229,32447
46230,32446
46231,32446
46232,32445
46233,32444
46234,32444
46235,32443
46236,32442
46237,32442
46238,32441
46239,32440
46240,32439
46241,32439
46242,32438
46243,32437
46244,32437
46245,32436
46246,32435
46247,32435
46248,32434
46249,32433
46250,32432
46251,32432
46252,32431
46253,32430
46254,32430
46255,32429
46256,32428
46257,32428
46258,32427
46259,32426
46260,32425
46261,32425
46262,32424
46263,32423
46264,32423
46265,32422
46266,32421
46267,32421
46268,32420
46269,32419
46270,32418
46271,32418
46272,32417
46273,32416
46274,32416
46275,32415
46276,32414
46277,32414
46278,32413
46279,32412
46280,32411
46281,32411
46282,32410
46283,32409
46284,32409
46285,32408
46286,32407
46287,32407
46288,32406
46289,32405
46290,32404
46291,32404
46292,32403
46293,32402
46294,32402
46295,32401
46296,32400
46297,32400
46298,32399
46299,32398
46300,32397
46301,32397
46302,32396
46303,32395
46304,32395
46305,32394
46306,32393
46307,32393
46308,32392
46309,32391
46310,32390
46311,32390
46312,32389
46313,32388
46314,32388
46315,32387
46316,32386
46317,32386
46318,32385
46319,32384
46320,32383
46321,32383
46322,32382
46323,32381
46324,32381
46325,32380
46326,32379
46327,32379
46328,32378
46329,32377
46330,32376
46331,32376
46332,32375
46333,32374
46334,32374
46335,32373
46336,32372
46337,32372
46338,32371
46339,32370
46340,32369
46341,32369
46342,32368
46343,32367
46344,32367
46345,32366
46346,32365
46347,32365
46348,32364
46349,32363
46350,32362
46351,32362
46352,32361
46353,32360
46354,32360
46355,32359
46356,32358
46357,32358
46358,32357
46359,32356
46360,32355
46361,32355
46362,32354
46363,32353
46364,32353
46365,32352
46366,32351
46367,32351
46368,32350
46369,32349
46370,32349
46371,32348
46372,32347
46373,32346
46374,32346
46375,32345
46376,32344
46377,32344
46378,32343
46379,32342
46380,32342
46381,32341
46382,32340
46383,32339
46384,32339
46385,32338
46386,32337
46387,32337
46388,32336
46389,32335
46390,32335
46391,32334
46392,32333
46393,32332
46394,32332
46395,32331
46396,32330
46397,32330
46398,32329
46399,32328
46400,32328
46401,32327
46402,32326
46403,32325
46404,32325
46405,32324
46406,32323
46407,32323
46408,32322
46409,32321
46410,32321
46411,32320
46412,32319
46413,32319
46414,32318
46415,32317
46416,32316
46417,32316
46418,32315
46419,32314
46420,32314
46421,32313
46422,32312
46423,32312
46424,32311
46425,32310
46426,32309
46427,32309
46428,32308
46429,32307
46430,32307
46431,32306
46432,32305
46433,32305
46434,32304
46435,32303
46436,32303
46437,32302
46438,32301
46439,32300
46440,32300
46441,32299
46442,32298
46443,32298
46444,32297
46445,32296
46446,32296
46447,32295
46448,32294
46449,32293
46450,32293
46451,32292
46452,32291
46453,32291
46454,32290
46455,32289
46456,32289
46457,32288
46458,32287
46459,32287
46460,32286
46461,32285
46462,32284
46463,32284
46464,32283
46465,32282
46466,32282
46467,32281
46468,32280
46469,32280
46470,32279
46471,32278
46472,32278
46473,32277
46474,32276
46475,32275
46476,32275
46477,32274
46478,32273
46479,32273
46480,32272
46481,32271
46482,32271
46483,32270
46484,32269
46485,32268
46486,32268
46487,32267
46488,32266
46489,32266
46490,32265
46491,32264
46492,32264
46493,32263
46494,32262
46495,32262
46496,32261
46497,32260
46498,32259
46499,32259
46500,32258
46501,32257
46502,32257
46503,32256
46504,32255
46505,32255
46506,32254
46507,32253
46508,32253
46509,32252
46510,32251
46511,32250
46512,32250
46513,32249
46514,32248
46515,32248
46516,32247
46517,32246
46518,32246
46519,32245
46520,32244
46521,32244
46522,32243
46523,32242
46524,32241
46525,32241
46526,32240
46527,32239
46528,32239
46529,32238
46530,32237
46531,32237
46532,32236
46533,32235
46534,32234
46535,32234
46536,32233
46537,32232
46538,32232
46539,32231
46540,32230
46541,32230
46542,32229
46543,32228
46544,32228
46545,32227
46546,32226
46547,32225
46548,32225
46549,32224
46550,32223
46551,32223
46552,32222
46553,32221
46554,32221
46555,32220
46556,32219
46557,32219
46558,32218
46559,32217
46560,32216
46561,32216
46562,32215
46563,32214
46564,32214
46565,32213
46566,32212
46567,32212
46568,32211
46569,32210
46570,32210
46571,32209
46572,32208
46573,32208
46574,32207
46575,32206
46576,32205
46577,32205
46578,32204
46579,32203
46580,32203
46581,32202
46582,32201
46583,32201
46584,32200
46585,32199
46586,32199
46587,32198
46588,32197
46589,32196
46590,32196
46591,32195
46592,32194
46593,32194
46594,32193
46595,32192
46596,32192
46597,32191
46598,32190
46599,32190
46600,32189
46601,32188
46602,32187
46603,32187
46604,32186
46605,32185
46606,32185
46607,32184
46608,32183
46609,32183
46610,32182
46611,32181
46612,32181
46613,32180
46614,32179
46615,32178
46616,32178
46617,32177
46618,32176
46619,32176
46620,32175
46621,32174
46622,32174
46623,32173
46624,32172
46625,32172
46626,32171
46627,32170
46628,32170
46629,32169
46630,32168
46631,32167
46632,32167
46633,32166
46634,32165
46635,32165
46636,32164
46637,32163
46638,32163
46639,32162
46640,32161
46641,32161
46642,32160
46643,32159
46644,32158
46645,32158
46646,32157
46647,32156
46648,32156
46649,32155
46650,32154
46651,32154
46652,32153
46653,32152
46654,32152
46655,32151
46656,32150
46657,32150
46658,32149
46659,32148
46660,32147
46661,32147
46662,32146
46663,32145
46664,32145
46665,32144
46666,32143
46667,32143
46668,32142
46669,32141
46670,32141
46671,32140
46672,32139
46673,32138
46674,32138
46675,32137
46676,32136
46677,32136
46678,32135
46679,32134
46680,32134
46681,32133
46682,32132
46683,32132
46684,32131
46685,32130
46686,32130
46687,32129
46688,32128
46689,32127
46690,32127
46691,32126
46692,32125
46693,32125
46694,32124
46695,32123
46696,32123
46697,32122
46698,32121
46699,32121
46700,32120
46701,32119
46702,32119
46703,32118
46704,32117
46705,32116
46706,32116
46707,32115
46708,32114
46709,32114
46710,32113
46711,32112
46712,32112
46713,32111
46714,32110
46715,32110
46716,32109
46717,32108
46718,32108
46719,32107
46720,32106
46721,32105
46722,32105
46723,32104
46724,32103
46725,32103
46726,32102
46727,32101
46728,32101
46729,32100
46730,32099
46731,32099
46732,32098
46733,32097
46734,32097
46735,32096
46736,32095
46737,32094
46738,32094
46739,32093
46740,32092
46741,32092
46742,32091
46743,32090
46744,32090
46745,32089
46746,32088
46747,32088
46748,32087
46749,32086
46750,32086
46751,32085
46752,32084
46753,32084
46754,32083
46755,32082
46756,32081
46757,32081
46758,32080
46759,32079
46760,32079
46761,32078
46762,32077
46763,32077
46764,32076
46765,32075
46766,32075
46767,32074
46768,32073
46769,32073
46770,32072
46771,32071
46772,32070
46773,32070
46774,32069
46775,32068
46776,32068
46777,32067
46778,32066
46779,32066
46780,32065
46781,32064
46782,32064
46783,32063
46784,32062
46785,32062
46786,32061
46787,32060
46788,32060
46789,32059
46790,32058
46791,32057
46792,32057
46793,32056
46794,32055
46795,32055
46796,32054
46797,32053
46798,32053
46799,32052
46800,32051
46801,32051
46802,32050
46803,32049
46804,32049
46805,32048
46806,32047
46807,32046
46808,32046
46809,32045
46810,32044
46811,32044
46812,32043
46813,32042
46814,32042
46815,32041
46816,32040
46817,32040
46818,32039
46819,32038
46820,32038
46821,32037
46822,32036
46823,32036
46824,32035
46825,32034
46826,32033
46827,32033
46828,32032
46829,32031
46830,32031
46831,32030
46832,32029
46833,32029
46834,32028
46835,32027
46836,32027
46837,32026
46838,32025
46839,32025
46840,32024
46841,32023
46842,32023
46843,32022
46844,32021
46845,32020
46846,32020
46847,32019
46848,32018
46849,32018
46850,32017
46851,32016
46852,32016
46853,32015
46854,32014
46855,32014
46856,32013
46857,32012
46858,32012
46859,32011
46860,32010
46861,32010
46862,32009
46863,32008
46864,32008
46865,32007
46866,32006
46867,32005
46868,32005
46869,32004
46870,32003
46871,32003
46872,32002
46873,32001
46874,32001
46875,32000
46876,31999
46877,31999
46878,31998
46879,31997
46880,31997
46881,31996
46882,31995
46883,31995
46884,31994
46885,31993
46886,31992
46887,31992
46888,31991
46889,31990
46890,31990
46891,31989
46892,31988
46893,31988
46894,31987
46895,31986
46896,31986
46897,31985
46898,31984
46899,31984
46900,31983
46901,31982
46902,31982
46903,31981
46904,31980
46905,31980
46906,31979
46907,31978
46908,31977
46909,31977
46910,31976
46911,31975
46912,31975
46913,31974
46914,31973
46915,31973
46916,31972
46917,31971
46918,31971
46919,31970
46920,31969
46921,31969
46922,31968
46923,31967
46924,31967
46925,31966
46926,31965
46927,31965
46928,31964
46929,31963
46930,31962
46931,31962
46932,31961
46933,31960
46934,31960
46935,31959
46936,31958
46937,31958
46938,31957
46939,31956
46940,31956
46941,31955
46942,31954
46943,31954
46944,31953
46945,31952
46946,31952
46947,31951
46948,31950
46949,31950
46950,31949
46951,31948
46952,31948
46953,31947
46954,31946
46955,31945
46956,31945
46957,31944
46958,31943
46959,31943
46960,31942
46961,31941
46962,31941
46963,31940
46964,31939
46965,31939
46966,31938
46967,31937
46968,31937
46969,31936
46970,31935
46971,31935
46972,31934
46973,31933
46974,31933
46975,31932
46976,31931
46977,31931
46978,31930
46979,31929
46980,31928
46981,31928
46982,31927
46983,31926
46984,31926
46985,31925
46986,31924
46987,31924
46988,31923
46989,31922
46990,31922
46991,31921
46992,31920
46993,31920
46994,31919
46995,31918
46996,31918
46997,31917
46998,31916
46999,31916
47000,31915
47001,31914
47002,31914
47003,31913
47004,31912
47005,31911
47006,31911
47007,31910
47008,31909
47009,31909
47010,31908
47011,31907
47012,31907
47013,31906
47014,31905
47015,31905
47016,31904
47017,31903
47018,31903
47019,31902
47020,31901
47021,31901
47022,31900
47023,31899
47024,31899
47025,31898
47026,31897
47027,31897
47028,31896
47029,31895
47030,31895
47031,31894
47032,31893
47033,31893
47034,31892
47035,31891
47036,31890
47037,31890
47038,31889
47039,31888
47040,31888
47041,31887
47042,31886
47043,31886
47044,31885
47045,31884
47046,31884
47047,31883
47048,31882
47049,31882
47050,31881
47051,31880
47052,31880
47053,31879
47054,31878
47055,31878
47056,31877
47057,31876
47058,31876
47059,31875
47060,31874
47061,31874
47062,31873
47063,31872
47064,31871
47065,31871
47066,31870
47067,31869
47068,31869
47069,31868
47070,31867
47071,31867
47072,31866
47073,31865
47074,31865
47075,31864
47076,31863
47077,31863
47078,31862
47079,31861
47080,31861
47081,31860
47082,31859
47083,31859
47084,31858
47085,31857
47086,31857
47087,31856
47088,31855
47089,31855
47090,31854
47091,31853
47092,31853
47093,31852
47094,31851
47095,31851
47096,31850
47097,31849
47098,31848
47099,31848
47100,31847
47101,31846
47102,31846
47103,31845
47104,31844
47105,31844
47106,31843
47107,31842
47108,31842
47109,31841
47110,31840
47111,31840
47112,31839
47113,31838
47114,31838
47115,31837
47116,31836
47117,31836
47118,31835
47119,31834
47120,31834
47121,31833
47122,31832
47123,31832
47124,31831
47125,31830
47126,31830
47127,31829
47128,31828
47129,31828
47130,31827
47131,31826
47132,31826
47133,31825
47134,31824
47135,31823
47136,31823
47137,31822
47138,31821
47139,31821
47140,31820
47141,31819
47142,31819
47143,31818
47144,31817
47145,31817
47146,31816
47147,31815
47148,31815
47149,31814
47150,31813
47151,31813
47152,31812
47153,31811
47154,31811
47155,31810
47156,31809
47157,31809
47158,31808
47159,31807
47160,31807
47161,31806
47162,31805
47163,31805
47164,31804
47165,31803
47166,31803
47167,31802
47168,31801
47169,31801
47170,31800
47171,31799
47172,31799
47173,31798
47174,31797
47175,31797
47176,31796
47177,31795
47178,31794
47179,31794
47180,31793
47181,31792
47182,31792
47183,31791
47184,31790
47185,31790
47186,31789
47187,31788
47188,31788
47189,31787
47190,31786
47191,31786
47192,31785
47193,31784
47194,31784
47195,31783
47196,31782
47197,31782
47198,31781
47199,31780
47200,31780
47201,31779
47202,31778
47203,31778
47204,31777
47205,31776
47206,31776
47207,31775
47208,31774
47209,31774
47210,31773
47211,31772
47212,31772
47213,31771
47214,31770
47215,31770
47216,31769
47217,31768
47218,31768
47219,31767
47220,31766
47221,31766
47222,31765
47223,31764
47224,31764
47225,31763
47226,31762
47227,31761
47228,31761
47229,31760
47230,31759
47231,31759
47232,31758
47233,31757
47234,31757
47235,31756
47236,31755
47237,31755
47238,31754
47239,31753
47240,31753
47241,31752
47242,31751
47243,31751
47244,31750
47245,31749
47246,31749
47247,31748
47248,31747
47249,31747
47250,31746
47251,31745
47252,31745
47253,31744
47254,31743
47255,31743
47256,31742
47257,31741
47258,31741
47259,31740
47260,31739
47261,31739
47262,31738
47263,31737
47264,31737
47265,31736
47266,31735
47267,31735
47268,31734
47269,31733
47270,31733
47271,31732
47272,31731
47273,31731
47274,31730
47275,31729
47276,31729
47277,31728
47278,31727
47279,31727
47280,31726
47281,31725
47282,31725
47283,31724
47284,31723
47285,31723
47286,31722
47287,31721
47288,31721
47289,31720
47290,31719
47291,31719
47292,31718
47293,31717
47294,31716
47295,31716
47296,31715
47297,31714
47298,31714
47299,31713
47300,31712
47301,31712
47302,31711
47303,31710
47304,31710
47305,31709
47306,31708
47307,31708
47308,31707
47309,31706
47310,31706
47311,31705
47312,31704
47313,31704
47314,31703
47315,31702
47316,31702
47317,31701
47318,31700
47319,31700
47320,31699
47321,31698
47322,31698
47323,31697
47324,31696
47325,31696
47326,31695
47327,31694
47328,31694
47329,31693
47330,31692
47331,31692
47332,31691
47333,31690
47334,31690
47335,31689
47336,31688
47337,31688
47338,31687
47339,31686
47340,31686
47341,31685
47342,31684
47343,31684
47344,31683
47345,31682
47346,31682
47347,31681
47348,31680
47349,31680
47350,31679
47351,31678
47352,31678
47353,31677
47354,31676
47355,31676
47356,31675
47357,31674
47358,31674
47359,31673
47360,31672
47361,31672
47362,31671
47363,31670
47364,31670
47365,31669
47366,31668
47367,31668
47368,31667
47369,31666
47370,31666
47371,31665
47372,31664
47373,31664
47374,31663
47375,31662
47376,31662
47377,31661
47378,31660
47379,31660
47380,31659
47381,31658
47382,31658
47383,31657
47384,31656
47385,31656
47386,31655
47387,31654
47388,31654
47389,31653
47390,31652
47391,31652
47392,31651
47393,31650
47394,31650
47395,31649
47396,31648
47397,31648
47398,31647
47399,31646
47400,31646
47401,31645
47402,31644
47403,31644
47404,31643
47405,31642
47406,31642
47407,31641
47408,31640
47409,31640
47410,31639
47411,31638
47412,31638
47413,31637
47414,31636
47415,31636
47416,31635
47417,31634
47418,31634
47419,31633
47420,31632
47421,31632
47422,31631
47423,31630
47424,31630
47425,31629
47426,31628
47427,31628
47428,31627
47429,31626
47430,31626
47431,31625
47432,31624
47433,31624
47434,31623
47435,31622
47436,31622
47437,31621
47438,31620
47439,31620
47440,31619
47441,31618
47442,31618
47443,31617
47444,31616
47445,31616
47446,31615
47447,31614
47448,31614
47449,31613
47450,31612
47451,31612
47452,31611
47453,31610
47454,31610
47455,31609
47456,31608
47457,31608
47458,31607
47459,31606
47460,31606
47461,31605
47462,31604
47463,31604
47464,31603
47465,31602
47466,31602
47467,31601
47468,31600
47469,31600
47470,31599
47471,31598
47472,31598
47473,31597
47474,31596
47475,31596
47476,31595
47477,31594
47478,31594
47479,31593
47480,31592
47481,31592
47482,31591
47483,31590
47484,31590
47485,31589
47486,31588
47487,31588
47488,31587
47489,31586
47490,31586
47491,31585
47492,31584
47493,31584
47494,31583
47495,31582
47496,31582
47497,31581
47498,31580
47499,31580
47500,31579
47501,31578
47502,31578
47503,31577
47504,31576
47505,31576
47506,31575
47507,31574
47508,31574
47509,31573
47510,31572
47511,31572
47512,31571
47513,31570
47514,31570
47515,31569
47516,31568
47517,31568
47518,31567
47519,31566
47520,31566
47521,31565
47522,31564
47523,31564
47524,31563
47525,31562
47526,31562
47527,31561
47528,31560
47529,31560
47530,31559
47531,31558
47532,31558
47533,31557
47534,31556
47535,31556
47536,31555
47537,31554
47538,31554
47539,31553
47540,31552
47541,31552
47542,31551
47543,31550
47544,31550
47545,31549
47546,31548
47547,31548
47548,31547
47549,31546
47550,31546
47551,31545
47552,31544
47553,31544
47554,31543
47555,31542
47556,31542
47557,31541
47558,31540
47559,31540
47560,31539
47561,31538
47562,31538
47563,31537
47564,31536
47565,31536
47566,31535
47567,31534
47568,31534
47569,31533
47570,31532
47571,31532
47572,31531
47573,31530
47574,31530
47575,31529
47576,31529
47577,31528
47578,31527
47579,31527
47580,31526
47581,31525
47582,31525
47583,31524
47584,31523
47585,31523
47586,31522
47587,31521
47588,31521
47589,31520
47590,31519
47591,31519
47592,31518
47593,31517
47594,31517
47595,31516
47596,31515
47597,31515
47598,31514
47599,31513
47600,31513
47601,31512
47602,31511
47603,31511
47604,31510
47605,31509
47606,31509
47607,31508
47608,31507
47609,31507
47610,31506
47611,31505
47612,31505
47613,31504
47614,31503
47615,31503
47616,31502
47617,31501
47618,31501
47619,31500
47620,31499
47621,31499
47622,31498
47623,31497
47624,31497
47625,31496
47626,31495
47627,31495
47628,31494
47629,31493
47630,31493
47631,31492
47632,31491
47633,31491
47634,31490
47635,31489
47636,31489
47637,31488
47638,31487
47639,31487
47640,31486
47641,31485
47642,31485
47643,31484
47644,31484
47645,31483
47646,31482
47647,31482
47648,31481
47649,31480
47650,31480
47651,31479
47652,31478
47653,31478
47654,31477
47655,31476
47656,31476
47657,31475
47658,31474
47659,31474
47660,31473
47661,31472
47662,31472
47663,31471
47664,31470
47665,31470
47666,31469
47667,31468
47668,31468
47669,31467
47670,31466
47671,31466
47672,31465
47673,31464
47674,31464
47675,31463
47676,31462
47677,31462
47678,31461
47679,31460
47680,31460
47681,31459
47682,31458
47683,31458
47684,31457
47685,31456
47686,31456
47687,31455
47688,31454
47689,31454
47690,31453
47691,31452
47692,31452
47693,31451
47694,31450
47695,31450
47696,31449
47697,31449
47698,31448
47699,31447
47700,31447
47701,31446
47702,31445
47703,31445
47704,31444
47705,31443
47706,31443
47707,31442
47708,31441
47709,31441
47710,31440
47711,31439
47712,31439
47713,31438
47714,31437
47715,31437
47716,31436
47717,31435
47718,31435
47719,31434
47720,31433
47721,31433
47722,31432
47723,31431
47724,31431
47725,31430
47726,31429
47727,31429
47728,31428
47729,31427
47730,31427
47731,31426
47732,31425
47733,31425
47734,31424
47735,31423
47736,31423
47737,31422
47738,31422
47739,31421
47740,31420
47741,31420
47742,31419
47743,31418
47744,31418
47745,31417
47746,31416
47747,31416
47748,31415
47749,31414
47750,31414
47751,31413
47752,31412
47753,31412
47754,31411
47755,31410
47756,31410
47757,31409
47758,31408
47759,31408
47760,31407
47761,31406
47762,31406
47763,31405
47764,31404
47765,31404
47766,31403
47767,31402
47768,31402
47769,31401
47770,31400
47771,31400
47772,31399
47773,31398
47774,31398
47775,31397
47776,31397
47777,31396
47778,31395
47779,31395
47780,31394
47781,31393
47782,31393
47783,31392
47784,31391
47785,31391
47786,31390
47787,31389
47788,31389
47789,31388
47790,31387
47791,31387
47792,31386
47793,31385
47794,31385
47795,31384
47796,31383
47797,31383
47798,31382
47799,31381
47800,31381
47801,31380
47802,31379
47803,31379
47804,31378
47805,31377
47806,31377
47807,31376
47808,31376
47809,31375
47810,31374
47811,31374
47812,31373
47813,31372
47814,31372
47815,31371
47816,31370
47817,31370
47818,31369
47819,31368
47820,31368
47821,31367
47822,31366
47823,31366
47824,31365
47825,31364
47826,31364
47827,31363
47828,31362
47829,31362
47830,31361
47831,31360
47832,31360
47833,31359
47834,31358
47835,31358
47836,31357
47837,31356
47838,31356
47839,31355
47840,31355
47841,31354
47842,31353
47843,31353
47844,31352
47845,31351
47846,31351
47847,31350
47848,31349
47849,31349
47850,31348
47851,31347
47852,31347
47853,31346
47854,31345
47855,31345
47856,31344
47857,31343
47858,31343
47859,31342
47860,31341
47861,31341
47862,31340
47863,31339
47864,31339
47865,31338
47866,31337
47867,31337
47868,31336
47869,31336
47870,31335
47871,31334
47872,31334
47873,31333
47874,31332
47875,31332
47876,31331
47877,31330
47878,31330
47879,31329
47880,31328
47881,31328
47882,31327
47883,31326
47884,31326
47885,31325
47886,31324
47887,31324
47888,31323
47889,31322
47890,31322
47891,31321
47892,31320
47893,31320
47894,31319
47895,31319
47896,31318
47897,31317
47898,31317
47899,31316
47900,31315
47901,31315
47902,31314
47903,31313
47904,31313
47905,31312
47906,31311
47907,31311
47908,31310
47909,31309
47910,31309
47911,31308
47912,31307
47913,31307
47914,31306
47915,31305
47916,31305
47917,31304
47918,31303
47919,31303
47920,31302
47921,31302
47922,31301
47923,31300
47924,31300
47925,31299
47926,31298
47927,31298
47928,31297
47929,31296
47930,31296
47931,31295
47932,31294
47933,31294
47934,31293
47935,31292
47936,31292
47937,31291
47938,31290
47939,31290
47940,31289
47941,31288
47942,31288
47943,31287
47944,31287
47945,31286
47946,31285
47947,31285
47948,31284
47949,31283
47950,31283
47951,31282
47952,31281
47953,31281
47954,31280
47955,31279
47956,31279
47957,31278
47958,31277
47959,31277
47960,31276
47961,31275
47962,31275
47963,31274
47964,31273
47965,31273
47966,31272
47967,31271
47968,31271
47969,31270
47970,31270
47971,31269
47972,31268
47973,31268
47974,31267
47975,31266
47976,31266
47977,31265
47978,31264
47979,31264
47980,31263
47981,31262
47982,31262
47983,31261
47984,31260
47985,31260
47986,31259
47987,31258
47988,31258
47989,31257
47990,31257
47991,31256
47992,31255
47993,31255
47994,31254
47995,31253
47996,31253
47997,31252
47998,31251
47999,31251
48000,31250
48001,31249
48002,31249
48003,31248
48004,31247
48005,31247
48006,31246
48007,31245
48008,31245
48009,31244
48010,31243
48011,31243
48012,31242
48013,31242
48014,31241
48015,31240
48016,31240
48017,31239
48018,31238
48019,31238
48020,31237
48021,31236
48022,31236
48023,31235
48024,31234
48025,31234
48026,31233
48027,31232
48028,31232
48029,31231
48030,31230
48031,31230
48032,31229
48033,31229
48034,31228
48035,31227
48036,31227
48037,31226
48038,31225
48039,31225
48040,31224
48041,31223
48042,31223
48043,31222
48044,31221
48045,31221
48046,31220
48047,31219
48048,31219
48049,31218
48050,31217
48051,31217
48052,31216
48053,31216
48054,31215
48055,31214
48056,31214
48057,31213
48058,31212
48059,31212
48060,31211
48061,31210
48062,31210
48063,31209
48064,31208
48065,31208
48066,31207
48067,31206
48068,31206
48069,31205
48070,31204
48071,31204
48072,31203
48073,31203
48074,31202
48075,31201
48076,31201
48077,31200
48078,31199
48079,31199
48080,31198
48081,31197
48082,31197
48083,31196
48084,31195
48085,31195
48086,31194
48087,31193
48088,31193
48089,31192
48090,31192
48091,31191
48092,31190
48093,31190
48094,31189
48095,31188
48096,31188
48097,31187
48098,31186
48099,31186
48100,31185
48101,31184
48102,31184
48103,31183
48104,31182
48105,31182
48106,31181
48107,31180
48108,31180
48109,31179
48110,31179
48111,31178
48112,31177
48113,31177
48114,31176
48115,31175
48116,31175
48117,31174
48118,31173
48119,31173
48120,31172
48121,31171
48122,31171
48123,31170
48124,31169
48125,31169
48126,31168
48127,31168
48128,31167
48129,31166
48130,31166
48131,31165
48132,31164
48133,31164
48134,31163
48135,31162
48136,31162
48137,31161
48138,31160
48139,31160
48140,31159
48141,31158
48142,31158
48143,31157
48144,31157
48145,31156
48146,31155
48147,31155
48148,31154
48149,31153
48150,31153
48151,31152
48152,31151
48153,31151
48154,31150
48155,31149
48156,31149
48157,31148
48158,31147
48159,31147
48160,31146
48161,31146
48162,31145
48163,31144
48164,31144
48165,31143
48166,31142
48167,31142
48168,31141
48169,31140
48170,31140
48171,31139
48172,31138
48173,31138
48174,31137
48175,31136
48176,31136
48177,31135
48178,31135
48179,31134
48180,31133
48181,31133
48182,31132
48183,31131
48184,31131
48185,31130
48186,31129
48187,31129
48188,31128
48189,31127
48190,31127
48191,31126
48192,31125
48193,31125
48194,31124
48195,31124
48196,31123
48197,31122
48198,31122
48199,31121
48200,31120
48201,31120
48202,31119
48203,31118
48204,31118
48205,31117
48206,31116
48207,31116
48208,31115
48209,31115
48210,31114
48211,31113
48212,31113
48213,31112
48214,31111
48215,31111
48216,31110
48217,31109
48218,31109
48219,31108
48220,31107
48221,31107
48222,31106
48223,31105
48224,31105
48225,31104
48226,31104
48227,31103
48228,31102
48229,31102
48230,31101
48231,31100
48232,31100
48233,31099
48234,31098
48235,31098
48236,31097
48237,31096
48238,31096
48239,31095
48240,31095
48241,31094
48242,31093
48243,31093
48244,31092
48245,31091
48246,31091
48247,31090
48248,31089
48249,31089
48250,31088
48251,31087
48252,31087
48253,31086
48254,31086
48255,31085
48256,31084
48257,31084
48258,31083
48259,31082
48260,31082
48261,31081
48262,31080
48263,31080
48264,31079
48265,31078
48266,31078
48267,31077
48268,31076
48269,31076
48270,31075
48271,31075
48272,31074
48273,31073
48274,31073
48275,31072
48276,31071
48277,31071
48278,31070
48279,31069
48280,31069
48281,31068
48282,31067
48283,31067
48284,31066
48285,31066
48286,31065
48287,31064
48288,31064
48289,31063
48290,31062
48291,31062
48292,31061
48293,31060
48294,31060
48295,31059
48296,31058
48297,31058
48298,31057
48299,31057
48300,31056
48301,31055
48302,31055
48303,31054
48304,31053
48305,31053
48306,31052
48307,31051
48308,31051
48309,31050
48310,31049
48311,31049
48312,31048
48313,31048
48314,31047
48315,31046
48316,31046
48317,31045
48318,31044
48319,31044
48320,31043
48321,31042
48322,31042
48323,31041
48324,31040
48325,31040
48326,31039
48327,31039
48328,31038
48329,31037
48330,31037
48331,31036
48332,31035
48333,31035
48334,31034
48335,31033
48336,31033
48337,31032
48338,31031
48339,31031
48340,31030
48341,31030
48342,31029
48343,31028
48344,31028
48345,31027
48346,31026
48347,31026
48348,31025
48349,31024
48350,31024
48351,31023
48352,31023
48353,31022
48354,31021
48355,31021
48356,31020
48357,31019
48358,31019
48359,31018
48360,31017
48361,31017
48362,31016
48363,31015
48364,31015
48365,31014
48366,31014
48367,31013
48368,31012
48369,31012
48370,31011
48371,31010
48372,31010
48373,31009
48374,31008
48375,31008
48376,31007
48377,31006
48378,31006
48379,31005
48380,31005
48381,31004
48382,31003
48383,31003
48384,31002
48385,31001
48386,31001
48387,31000
48388,30999
48389,30999
48390,30998
48391,30997
48392,30997
48393,30996
48394,30996
48395,30995
48396,30994
48397,30994
48398,30993
48399,30992
48400,30992
48401,30991
48402,30990
48403,30990
48404,30989
48405,30989
48406,30988
48407,30987
48408,30987
48409,30986
48410,30985
48411,30985
48412,30984
48413,30983
48414,30983
48415,30982
48416,30981
48417,30981
48418,30980
48419,30980
48420,30979
48421,30978
48422,30978
48423,30977
48424,30976
48425,30976
48426,30975
48427,30974
48428,30974
48429,30973
48430,30973
48431,30972
48432,30971
48433,30971
48434,30970
48435,30969
48436,30969
48437,30968
48438,30967
48439,30967
48440,30966
48441,30966
48442,30965
48443,30964
48444,30964
48445,30963
48446,30962
48447,30962
48448,30961
48449,30960
48450,30960
48451,30959
48452,30958
48453,30958
48454,30957
48455,30957
48456,30956
48457,30955
48458,30955
48459,30954
48460,30953
48461,30953
48462,30952
48463,30951
48464,30951
48465,30950
48466,30950
48467,30949
48468,30948
48469,30948
48470,30947
48471,30946
48472,30946
48473,30945
48474,30944
48475,30944
48476,30943
48477,30943
48478,30942
48479,30941
48480,30941
48481,30940
48482,30939
48483,30939
48484,30938
48485,30937
48486,30937
48487,30936
48488,30935
48489,30935
48490,30934
48491,30934
48492,30933
48493,30932
48494,30932
48495,30931
48496,30930
48497,30930
48498,30929
48499,30928
48500,30928
48501,30927
48502,30927
48503,30926
48504,30925
48505,30925
48506,30924
48507,30923
48508,30923
48509,30922
48510,30921
48511,30921
48512,30920
48513,30920
48514,30919
48515,30918
48516,30918
48517,30917
48518,30916
48519,30916
48520,30915
48521,30914
48522,30914
48523,30913
48524,30913
48525,30912
48526,30911
48527,30911
48528,30910
48529,30909
48530,30909
48531,30908
48532,30907
48533,30907
48534,30906
48535,30906
48536,30905
48537,30904
48538,30904
48539,30903
48540,30902
48541,30902
48542,30901
48543,30900
48544,30900
48545,30899
48546,30899
48547,30898
48548,30897
48549,30897
48550,30896
48551,30895
48552,30895
48553,30894
48554,30893
48555,30893
48556,30892
48557,30892
48558,30891
48559,30890
48560,30890
48561,30889
48562,30888
48563,30888
48564,30887
48565,30886
48566,30886
48567,30885
48568,30885
48569,30884
48570,30883
48571,30883
48572,30882
48573,30881
48574,30881
48575,30880
48576,30879
48577,30879
48578,30878
48579,30878
48580,30877
48581,30876
48582,30876
48583,30875
48584,30874
48585,30874
48586,30873
48587,30872
48588,30872
48589,30871
48590,30871
48591,30870
48592,30869
48593,30869
48594,30868
48595,30867
48596,30867
48597,30866
48598,30865
48599,30865
48600,30864
48601,30864
48602,30863
48603,30862
48604,30862
48605,30861
48606,30860
48607,30860
48608,30859
48609,30858
48610,30858
48611,30857
48612,30857
48613,30856
48614,30855
48615,30855
48616,30854
48617,30853
48618,30853
48619,30852
48620,30852
48621,30851
48622,30850
48623,30850
48624,30849
48625,30848
48626,30848
48627,30847
48628,30846
48629,30846
48630,30845
48631,30845
48632,30844
48633,30843
48634,30843
48635,30842
48636,30841
48637,30841
48638,30840
48639,30839
48640,30839
48641,30838
48642,30838
48643,30837
48644,30836
48645,30836
48646,30835
48647,30834
48648,30834
48649,30833
48650,30832
48651,30832
48652,30831
48653,30831
48654,30830
48655,30829
48656,30829
48657,30828
48658,30827
48659,30827
48660,30826
48661,30826
48662,30825
48663,30824
48664,30824
48665,30823
48666,30822
48667,30822
48668,30821
48669,30820
48670,30820
48671,30819
48672,30819
48673,30818
48674,30817
48675,30817
48676,30816
48677,30815
48678,30815
48679,30814
48680,30813
48681,30813
48682,30812
48683,30812
48684,30811
48685,30810
48686,30810
48687,30809
48688,30808
48689,30808
48690,30807
48691,30807
48692,30806
48693,30805
48694,30805
48695,30804
48696,30803
48697,30803
48698,30802
48699,30801
48700,30801
48701,30800
48702,30800
48703,30799
48704,30798
48705,30798
48706,30797
48707,30796
48708,30796
48709,30795
48710,30794
48711,30794
48712,30793
48713,30793
48714,30792
48715,30791
48716,30791
48717,30790
48718,30789
48719,30789
48720,30788
48721,30788
48722,30787
48723,30786
48724,30786
48725,30785
48726,30784
48727,30784
48728,30783
48729,30782
48730,30782
48731,30781
48732,30781
48733,30780
48734,30779
48735,30779
48736,30778
48737,30777
48738,30777
48739,30776
48740,30776
48741,30775
48742,30774
48743,30774
48744,30773
48745,30772
48746,30772
48747,30771
48748,30770
48749,30770
48750,30769
48751,30769
48752,30768
48753,30767
48754,30767
48755,30766
48756,30765
48757,30765
48758,30764
48759,30764
48760,30763
48761,30762
48762,30762
48763,30761
48764,30760
48765,30760
48766,30759
48767,30759
48768,30758
48769,30757
48770,30757
48771,30756
48772,30755
48773,30755
48774,30754
48775,30753
48776,30753
48777,30752
48778,30752
48779,30751
48780,30750
48781,30750
48782,30749
48783,30748
48784,30748
48785,30747
48786,30747
48787,30746
48788,30745
48789,30745
48790,30744
48791,30743
48792,30743
48793,30742
48794,30741
48795,30741
48796,30740
48797,30740
48798,30739
48799,30738
48800,30738
48801,30737
48802,30736
48803,30736
48804,30735
48805,30735
48806,30734
48807,30733
48808,30733
48809,30732
48810,30731
48811,30731
48812,30730
48813,30730
48814,30729
48815,30728
48816,30728
48817,30727
48818,30726
48819,30726
48820,30725
48821,30724
48822,30724
48823,30723
48824,30723
48825,30722
48826,30721
48827,30721
48828,30720
48829,30719
48830,30719
48831,30718
48832,30718
48833,30717
48834,30716
48835,30716
48836,30715
48837,30714
48838,30714
48839,30713
48840,30713
48841,30712
48842,30711
48843,30711
48844,30710
48845,30709
48846,30709
48847,30708
48848,30708
48849,30707
48850,30706
48851,30706
48852,30705
48853,30704
48854,30704
48855,30703
48856,30702
48857,30702
48858,30701
48859,30701
48860,30700
48861,30699
48862,30699
48863,30698
48864,30697
48865,30697
48866,30696
48867,30696
48868,30695
48869,30694
48870,30694
48871,30693
48872,30692
48873,30692
48874,30691
48875,30691
48876,30690
48877,30689
48878,30689
48879,30688
48880,30687
48881,30687
48882,30686
48883,30686
48884,30685
48885,30684
48886,30684
48887,30683
48888,30682
48889,30682
48890,30681
48891,30680
48892,30680
48893,30679
48894,30679
48895,30678
48896,30677
48897,30677
48898,30676
48899,30675
48900,30675
48901,30674
48902,30674
48903,30673
48904,30672
48905,30672
48906,30671
48907,30670
48908,30670
48909,30669
48910,30669
48911,30668
48912,30667
48913,30667
48914,30666
48915,30665
48916,30665
48917,30664
48918,30664
48919,30663
48920,30662
48921,30662
48922,30661
48923,30660
48924,30660
48925,30659
48926,30659
48927,30658
48928,30657
48929,30657
48930,30656
48931,30655
48932,30655
48933,30654
48934,30654
48935,30653
48936,30652
48937,30652
48938,30651
48939,30650
48940,30650
48941,30649
48942,30649
48943,30648
48944,30647
48945,30647
48946,30646
48947,30645
48948,30645
48949,30644
48950,30644
48951,30643
48952,30642
48953,30642
48954,30641
48955,30640
48956,30640
48957,30639
48958,30639
48959,30638
48960,30637
48961,30637
48962,30636
48963,30635
48964,30635
48965,30634
48966,30634
48967,30633
48968,30632
48969,30632
48970,30631
48971,30630
48972,30630
48973,30629
48974,30628
48975,30628
48976,30627
48977,30627
48978,30626
48979,30625
48980,30625
48981,30624
48982,30623
48983,30623
48984,30622
48985,30622
48986,30621
48987,30620
48988,30620
48989,30619
48990,30618
48991,30618
48992,30617
48993,30617
48994,30616
48995,30615
48996,30615
48997,30614
48998,30613
48999,30613
49000,30612
49001,30612
49002,30611
49003,30610
49004,30610
49005,30609
49006,30608
49007,30608
49008,30607
49009,30607
49010,30606
49011,30605
49012,30605
49013,30604
49014,30604
49015,30603
49016,30602
49017,30602
49018,30601
49019,30600
49020,30600
49021,30599
49022,30599
49023,30598
49024,30597
49025,30597
49026,30596
49027,30595
49028,30595
49029,30594
49030,30594
49031,30593
49032,30592
49033,30592
49034,30591
49035,30590
49036,30590
49037,30589
49038,30589
49039,30588
49040,30587
49041,30587
49042,30586
49043,30585
49044,30585
49045,30584
49046,30584
49047,30583
49048,30582
49049,30582
49050,30581
49051,30580
49052,30580
49053,30579
49054,30579
49055,30578
49056,30577
49057,30577
49058,30576
49059,30575
49060,30575
49061,30574
49062,30574
49063,30573
49064,30572
49065,30572
49066,30571
49067,30570
49068,30570
49069,30569
49070,30569
49071,30568
49072,30567
49073,30567
49074,30566
49075,30565
49076,30565
49077,30564
49078,30564
49079,30563
49080,30562
49081,30562
49082,30561
49083,30560
49084,30560
49085,30559
49086,30559
49087,30558
49088,30557
49089,30557
49090,30556
49091,30555
49092,30555
49093,30554
49094,30554
49095,30553
49096,30552
49097,30552
49098,30551
49099,30551
49100,30550
49101,30549
49102,30549
49103,30548
49104,30547
49105,30547
49106,30546
49107,30546
49108,30545
49109,30544
49110,30544
49111,30543
49112,30542
49113,30542
49114,30541
49115,30541
49116,30540
49117,30539
49118,30539
49119,30538
49120,30537
49121,30537
49122,30536
49123,30536
49124,30535
49125,30534
49126,30534
49127,30533
49128,30532
49129,30532
49130,30531
49131,30531
49132,30530
49133,30529
49134,30529
49135,30528
49136,30528
49137,30527
49138,30526
49139,30526
49140,30525
49141,30524
49142,30524
49143,30523
49144,30523
49145,30522
49146,30521
49147,30521
49148,30520
49149,30519
49150,30519
49151,30518
49152,30518
49153,30517
49154,30516
49155,30516
49156,30515
49157,30514
49158,30514
49159,30513
49160,30513
49161,30512
49162,30511
49163,30511
49164,30510
49165,30510
49166,30509
49167,30508
49168,30508
49169,30507
49170,30506
49171,30506
49172,30505
49173,30505
49174,30504
49175,30503
49176,30503
49177,30502
49178,30501
49179,30501
49180,30500
49181,30500
49182,30499
49183,30498
49184,30498
49185,30497
49186,30496
49187,30496
49188,30495
49189,30495
49190,30494
49191,30493
49192,30493
49193,30492
49194,30492
49195,30491
49196,30490
49197,30490
49198,30489
49199,30488
49200,30488
49201,30487
49202,30487
49203,30486
49204,30485
49205,30485
49206,30484
49207,30483
49208,30483
49209,30482
49210,30482
49211,30481
49212,30480
49213,30480
49214,30479
49215,30479
49216,30478
49217,30477
49218,30477
49219,30476
49220,30475
49221,30475
49222,30474
49223,30474
49224,30473
49225,30472
49226,30472
49227,30471
49228,30470
49229,30470
49230,30469
49231,30469
49232,30468
49233,30467
49234,30467
49235,30466
49236,30466
49237,30465
49238,30464
49239,30464
49240,30463
49241,30462
49242,30462
49243,30461
49244,30461
49245,30460
49246,30459
49247,30459
49248,30458
49249,30457
49250,30457
49251,30456
49252,30456
49253,30455
49254,30454
49255,30454
49256,30453
49257,30453
49258,30452
49259,30451
49260,30451
49261,30450
49262,30449
49263,30449
49264,30448
49265,30448
49266,30447
49267,30446
49268,30446
49269,30445
49270,30444
49271,30444
49272,30443
49273,30443
49274,30442
49275,30441
49276,30441
49277,30440
49278,30440
49279,30439
49280,30438
49281,30438
49282,30437
49283,30436
49284,30436
49285,30435
49286,30435
49287,30434
49288,30433
49289,30433
49290,30432
49291,30432
49292,30431
49293,30430
49294,30430
49295,30429
49296,30428
49297,30428
49298,30427
49299,30427
49300,30426
49301,30425
49302,30425
49303,30424
49304,30423
49305,30423
49306,30422
49307,30422
49308,30421
49309,30420
49310,30420
49311,30419
49312,30419
49313,30418
49314,30417
49315,30417
49316,30416
49317,30415
49318,30415
49319,30414
49320,30414
49321,30413
49322,30412
49323,30412
49324,30411
49325,30411
49326,30410
49327,30409
49328,30409
49329,30408
49330,30407
49331,30407
49332,30406
49333,30406
49334,30405
49335,30404
49336,30404
49337,30403
49338,30403
49339,30402
49340,30401
49341,30401
49342,30400
49343,30399
49344,30399
49345,30398
49346,30398
49347,30397
49348,30396
49349,30396
49350,30395
49351,30395
49352,30394
49353,30393
49354,30393
49355,30392
49356,30391
49357,30391
49358,30390
49359,30390
49360,30389
49361,30388
49362,30388
49363,30387
49364,30387
49365,30386
49366,30385
49367,30385
49368,30384
49369,30383
49370,30383
49371,30382
49372,30382
49373,30381
49374,30380
49375,30380
49376,30379
49377,30379
49378,30378
49379,30377
49380,30377
49381,30376
49382,30375
49383,30375
49384,30374
49385,30374
49386,30373
49387,30372
49388,30372
49389,30371
49390,30371
49391,30370
49392,30369
49393,30369
49394,30368
49395,30367
49396,30367
49397,30366
49398,30366
49399,30365
49400,30364
49401,30364
49402,30363
49403,30363
49404,30362
49405,30361
49406,30361
49407,30360
49408,30359
49409,30359
49410,30358
49411,30358
49412,30357
49413,30356
49414,30356
49415,30355
49416,30355
49417,30354
49418,30353
49419,30353
49420,30352
49421,30351
49422,30351
49423,30350
49424,30350
49425,30349
49426,30348
49427,30348
49428,30347
49429,30347
49430,30346
49431,30345
49432,30345
49433,30344
49434,30343
49435,30343
49436,30342
49437,30342
49438,30341
49439,30340
49440,30340
49441,30339
49442,30339
49443,30338
49444,30337
49445,30337
49446,30336
49447,30336
49448,30335
49449,30334
49450,30334
49451,30333
49452,30332
49453,30332
49454,30331
49455,30331
49456,30330
49457,30329
49458,30329
49459,30328
49460,30328
49461,30327
49462,30326
49463,30326
49464,30325
49465,30324
49466,30324
49467,30323
49468,30323
49469,30322
49470,30321
49471,30321
49472,30320
49473,30320
49474,30319
49475,30318
49476,30318
49477,30317
49478,30317
49479,30316
49480,30315
49481,30315
49482,30314
49483,30313
49484,30313
49485,30312
49486,30312
49487,30311
49488,30310
49489,30310
49490,30309
49491,30309
49492,30308
49493,30307
49494,30307
49495,30306
49496,30305
49497,30305
49498,30304
49499,30304
49500,30303
49501,30302
49502,30302
49503,30301
49504,30301
49505,30300
49506,30299
49507,30299
49508,30298
49509,30298
49510,30297
49511,30296
49512,30296
49513,30295
49514,30294
49515,30294
49516,30293
49517,30293
49518,30292
49519,30291
49520,30291
49521,30290
49522,30290
49523,30289
49524,30288
49525,30288
49526,30287
49527,30287
49528,30286
49529,30285
49530,30285
49531,30284
49532,30283
49533,30283
49534,30282
49535,30282
49536,30281
49537,30280
49538,30280
49539,30279
49540,30279
49541,30278
49542,30277
49543,30277
49544,30276
49545,30276
49546,30275
49547,30274
49548,30274
49549,30273
49550,30272
49551,30272
49552,30271
49553,30271
49554,30270
49555,30269
49556,30269
49557,30268
49558,30268
49559,30267
49560,30266
49561,30266
49562,30265
49563,30265
49564,30264
49565,30263
49566,30263
49567,30262
49568,30261
49569,30261
49570,30260
49571,30260
49572,30259
49573,30258
49574,30258
49575,30257
49576,30257
49577,30256
49578,30255
49579,30255
49580,30254
49581,30254
49582,30253
49583,30252
49584,30252
49585,30251
49586,30250
49587,30250
49588,30249
49589,30249
49590,30248
49591,30247
49592,30247
49593,30246
49594,30246
49595,30245
49596,30244
49597,30244
49598,30243
49599,30243
49600,30242
49601,30241
49602,30241
49603,30240
49604,30239
49605,30239
49606,30238
49607,30238
49608,30237
49609,30236
49610,30236
49611,30235
49612,30235
49613,30234
49614,30233
49615,30233
49616,30232
49617,30232
49618,30231
49619,30230
49620,30230
49621,30229
49622,30229
49623,30228
49624,30227
49625,30227
49626,30226
49627,30225
49628,30225
49629,30224
49630,30224
49631,30223
49632,30222
49633,30222
49634,30221
49635,30221
49636,30220
49637,30219
49638,30219
49639,30218
49640,30218
49641,30217
49642,30216
49643,30216
49644,30215
49645,30215
49646,30214
49647,30213
49648,30213
49649,30212
49650,30211
49651,30211
49652,30210
49653,30210
49654,30209
49655,30208
49656,30208
49657,30207
49658,30207
49659,30206
49660,30205
49661,30205
49662,30204
49663,30204
49664,30203
49665,30202
49666,30202
49667,30201
49668,30201
49669,30200
49670,30199
49671,30199
49672,30198
49673,30197
49674,30197
49675,30196
49676,30196
49677,30195
49678,30194
49679,30194
49680,30193
49681,30193
49682,30192
49683,30191
49684,30191
49685,30190
49686,30190
49687,30189
49688,30188
49689,30188
49690,30187
49691,30187
49692,30186
49693,30185
49694,30185
49695,30184
49696,30184
49697,30183
49698,30182
49699,30182
49700,30181
49701,30180
49702,30180
49703,30179
49704,30179
49705,30178
49706,30177
49707,30177
49708,30176
49709,30176
49710,30175
49711,30174
49712,30174
49713,30173
49714,30173
49715,30172
49716,30171
49717,30171
49718,30170
49719,30170
49720,30169
49721,30168
49722,30168
49723,30167
49724,30167
49725,30166
49726,30165
49727,30165
49728,30164
49729,30163
49730,30163
49731,30162
49732,30162
49733,30161
49734,30160
49735,30160
49736,30159
49737,30159
49738,30158
49739,30157
49740,30157
49741,30156
49742,30156
49743,30155
49744,30154
49745,30154
49746,30153
49747,30153
49748,30152
49749,30151
49750,30151
49751,30150
49752,30150
49753,30149
49754,30148
49755,30148
49756,30147
49757,30147
49758,30146
49759,30145
49760,30145
49761,30144
49762,30143
49763,30143
49764,30142
49765,30142
49766,30141
49767,30140
49768,30140
49769,30139
49770,30139
49771,30138
49772,30137
49773,30137
49774,30136
49775,30136
49776,30135
49777,30134
49778,30134
49779,30133
49780,30133
49781,30132
49782,30131
49783,30131
49784,30130
49785,30130
49786,30129
49787,30128
49788,30128
49789,30127
49790,30127
49791,30126
49792,30125
49793,30125
49794,30124
49795,30124
49796,30123
49797,30122
49798,30122
49799,30121
49800,30120
49801,30120
49802,30119
49803,30119
49804,30118
49805,30117
49806,30117
49807,30116
49808,30116
49809,30115
49810,30114
49811,30114
49812,30113
49813,30113
49814,30112
49815,30111
49816,30111
49817,30110
49818,30110
49819,30109
49820,30108
49821,30108
49822,30107
49823,30107
49824,30106
49825,30105
49826,30105
49827,30104
49828,30104
49829,30103
49830,30102
49831,30102
49832,30101
49833,30101
49834,30100
49835,30099
49836,30099
49837,30098
49838,30098
49839,30097
49840,30096
49841,30096
49842,30095
49843,30094
49844,30094
49845,30093
49846,30093
49847,30092
49848,30091
49849,30091
49850,30090
49851,30090
49852,30089
49853,30088
49854,30088
49855,30087
49856,30087
49857,30086
49858,30085
49859,30085
49860,30084
49861,30084
49862,30083
49863,30082
49864,30082
49865,30081
49866,30081
49867,30080
49868,30079
49869,30079
49870,30078
49871,30078
49872,30077
49873,30076
49874,30076
49875,30075
49876,30075
49877,30074
49878,30073
49879,30073
49880,30072
49881,30072
49882,30071
49883,30070
49884,30070
49885,30069
49886,30069
49887,30068
49888,30067
49889,30067
49890,30066
49891,30066
49892,30065
49893,30064
49894,30064
49895,30063
49896,30063
49897,30062
49898,30061
49899,30061
49900,30060
49901,30060
49902,30059
49903,30058
49904,30058
49905,30057
49906,30057
49907,30056
49908,30055
49909,30055
49910,30054
49911,30053
49912,30053
49913,30052
49914,30052
49915,30051
49916,30050
49917,30050
49918,30049
49919,30049
49920,30048
49921,30047
49922,30047
49923,30046
49924,30046
49925,30045
49926,30044
49927,30044
49928,30043
49929,30043
49930,30042
49931,30041
49932,30041
49933,30040
49934,30040
49935,30039
49936,30038
49937,30038
49938,30037
49939,30037
49940,30036
49941,30035
49942,30035
49943,30034
49944,30034
49945,30033
49946,30032
49947,30032
49948,30031
49949,30031
49950,30030
49951,30029
49952,30029
49953,30028
49954,30028
49955,30027
49956,30026
49957,30026
49958,30025
49959,30025
49960,30024
49961,30023
49962,30023
49963,30022
49964,30022
49965,30021
49966,30020
49967,30020
49968,30019
49969,30019
49970,30018
49971,30017
49972,30017
49973,30016
49974,30016
49975,30015
49976,30014
49977,30014
49978,30013
49979,30013
49980,30012
49981,30011
49982,30011
49983,30010
49984,30010
49985,30009
49986,30008
49987,30008
49988,30007
49989,30007
49990,30006
49991,30005
49992,30005
49993,30004
49994,30004
49995,30003
49996,30002
49997,30002
49998,30001
49999,30001
50000,30000
